Department,JobRole,Age,MonthlyIncome,JobSatisfaction,OverTime,WorkLifeBalance,risk_score,risk_level,Attrition
Sales,Sales Executive,41,5993,4,Yes,1,55,High Risk,Yes
Research & Development,Research Scientist,49,5130,2,No,3,25,Medium Risk,No
Research & Development,Laboratory Technician,37,2090,3,Yes,3,30,Medium Risk,Yes
Research & Development,Research Scientist,33,2909,3,Yes,3,30,Medium Risk,No
Research & Development,Laboratory Technician,27,3468,2,No,3,40,Medium Risk,No
Research & Development,Laboratory Technician,32,3068,4,No,2,20,Low Risk,No
Research & Development,Laboratory Technician,59,2670,1,Yes,2,75,High Risk,No
Research & Development,Laboratory Technician,30,2693,3,No,3,10,Low Risk,No
Research & Development,Manufacturing Director,38,9526,3,No,3,0,Low Risk,No
Research & Development,Healthcare Representative,36,5237,3,No,2,30,Medium Risk,No
Research & Development,Laboratory Technician,35,2426,2,No,3,50,High Risk,No
Research & Development,Laboratory Technician,29,4193,3,Yes,3,20,Low Risk,No
Research & Development,Research Scientist,31,2911,3,No,2,55,High Risk,No
Research & Development,Laboratory Technician,34,2661,4,No,3,25,Medium Risk,No
Research & Development,Laboratory Technician,28,2028,3,Yes,3,30,Medium Risk,Yes
Research & Development,Manufacturing Director,29,9980,1,No,3,50,High Risk,No
Research & Development,Research Scientist,32,3298,2,Yes,2,80,High Risk,No
Research & Development,Laboratory Technician,22,2935,4,Yes,2,50,High Risk,No
Sales,Manager,53,15427,4,No,3,15,Low Risk,No
Research & Development,Research Scientist,38,3944,4,Yes,3,20,Low Risk,No
Research & Development,Manufacturing Director,24,4011,3,No,2,35,Medium Risk,No
Sales,Sales Representative,36,3407,1,No,3,25,Medium Risk,Yes
Research & Development,Research Director,34,11994,2,No,3,40,Medium Risk,No
Research & Development,Research Scientist,21,1232,4,No,3,10,Low Risk,No
Research & Development,Research Scientist,34,2960,1,No,3,50,High Risk,Yes
Research & Development,Manager,53,19094,3,No,2,30,Medium Risk,No
Research & Development,Research Scientist,32,3919,1,Yes,3,70,High Risk,Yes
Sales,Sales Executive,42,6825,2,No,3,35,Medium Risk,No
Research & Development,Healthcare Representative,44,10248,4,No,3,25,Medium Risk,No
Sales,Manager,46,18947,1,No,2,60,High Risk,No
Research & Development,Laboratory Technician,33,2496,4,No,3,10,Low Risk,No
Research & Development,Healthcare Representative,44,6465,4,Yes,4,20,Low Risk,No
Research & Development,Laboratory Technician,30,2206,3,No,3,10,Low Risk,No
Sales,Sales Representative,39,2086,4,No,4,10,Low Risk,Yes
Research & Development,Research Scientist,24,2293,4,Yes,2,65,High Risk,Yes
Research & Development,Research Scientist,43,2645,3,No,2,30,Medium Risk,No
Sales,Sales Representative,50,2683,3,Yes,3,45,Medium Risk,Yes
Sales,Sales Representative,35,2014,4,No,3,10,Low Risk,No
Research & Development,Research Scientist,36,3419,1,Yes,4,60,High Risk,No
Sales,Sales Executive,33,5376,1,No,3,25,Medium Risk,No
Research & Development,Laboratory Technician,35,1951,4,No,3,10,Low Risk,No
Research & Development,Laboratory Technician,27,2341,1,No,3,35,Medium Risk,No
Research & Development,Laboratory Technician,26,2293,3,No,2,45,Medium Risk,Yes
Sales,Sales Executive,27,8726,3,No,3,0,Low Risk,No
Research & Development,Laboratory Technician,30,4011,4,No,3,0,Low Risk,No
Research & Development,Research Director,41,19545,3,No,3,25,Medium Risk,Yes
Sales,Sales Executive,34,4568,3,No,3,25,Medium Risk,No
Research & Development,Research Scientist,37,3022,2,No,3,40,Medium Risk,No
Sales,Sales Executive,46,5772,4,Yes,3,35,Medium Risk,No
Research & Development,Laboratory Technician,35,2269,4,No,3,10,Low Risk,No
Research & Development,Laboratory Technician,48,5381,3,Yes,3,35,Medium Risk,Yes
Research & Development,Laboratory Technician,28,3441,3,Yes,2,40,Medium Risk,Yes
Sales,Sales Executive,44,5454,1,Yes,2,80,High Risk,No
Research & Development,Healthcare Representative,35,9884,1,Yes,3,45,Medium Risk,No
Sales,Sales Executive,26,4157,4,Yes,2,40,Medium Risk,No
Research & Development,Research Director,33,13458,4,Yes,3,45,Medium Risk,No
Sales,Sales Executive,35,9069,1,No,2,60,High Risk,No
Research & Development,Laboratory Technician,35,4014,1,Yes,3,45,Medium Risk,No
Research & Development,Laboratory Technician,31,5915,4,No,2,20,Low Risk,No
Research & Development,Manufacturing Director,37,5993,3,No,4,15,Low Risk,No
Research & Development,Manufacturing Director,32,6162,4,Yes,3,45,Medium Risk,No
Research & Development,Laboratory Technician,38,2406,4,No,3,20,Low Risk,No
Research & Development,Research Director,50,18740,3,Yes,2,65,High Risk,No
Sales,Sales Executive,59,7637,1,No,2,70,High Risk,No
Research & Development,Healthcare Representative,36,10096,3,No,3,10,Low Risk,No
Research & Development,Manager,55,14756,3,Yes,3,20,Low Risk,No
Research & Development,Manufacturing Director,36,6499,2,No,3,40,Medium Risk,No
Research & Development,Research Scientist,45,9724,1,No,3,40,Medium Risk,No
Research & Development,Research Scientist,35,2194,1,No,2,70,High Risk,No
Research & Development,Research Scientist,36,3388,3,Yes,2,40,Medium Risk,Yes
Sales,Sales Executive,59,5473,3,No,2,35,Medium Risk,No
Research & Development,Research Scientist,29,2703,2,No,3,35,Medium Risk,No
Research & Development,Research Scientist,31,2501,2,No,3,35,Medium Risk,No
Research & Development,Research Scientist,32,6220,2,No,3,40,Medium Risk,No
Research & Development,Laboratory Technician,36,3038,4,No,3,15,Low Risk,No
Research & Development,Manufacturing Director,31,4424,4,No,3,0,Low Risk,No
Sales,Sales Executive,35,4312,1,No,3,25,Medium Risk,No
Research & Development,Research Director,45,13245,1,Yes,4,45,Medium Risk,No
Research & Development,Research Director,37,13664,3,No,4,15,Low Risk,No
Human Resources,Human Resources,46,5021,2,Yes,3,60,High Risk,No
Research & Development,Laboratory Technician,30,5126,4,Yes,2,40,Medium Risk,No
Research & Development,Research Scientist,35,2859,3,No,3,25,Medium Risk,No
Sales,Sales Executive,55,10239,4,No,3,15,Low Risk,No
Research & Development,Research Scientist,38,5329,4,Yes,3,35,Medium Risk,No
Research & Development,Manufacturing Director,34,4325,2,No,3,40,Medium Risk,No
Research & Development,Manufacturing Director,56,7260,4,No,2,20,Low Risk,No
Sales,Sales Representative,23,2322,1,No,3,35,Medium Risk,No
Research & Development,Laboratory Technician,51,2075,4,No,3,10,Low Risk,No
Research & Development,Healthcare Representative,30,4152,4,No,3,10,Low Risk,No
Sales,Sales Executive,46,9619,4,No,3,10,Low Risk,Yes
Research & Development,Healthcare Representative,40,13503,2,No,2,55,High Risk,No
Sales,Sales Executive,51,5441,4,Yes,1,40,Medium Risk,No
Sales,Sales Executive,30,5209,2,Yes,2,65,High Risk,No
Research & Development,Healthcare Representative,46,10673,1,Yes,2,75,High Risk,No
Sales,Sales Executive,32,5010,3,No,3,25,Medium Risk,No
Research & Development,Research Director,54,13549,3,No,1,35,Medium Risk,No
Sales,Sales Executive,24,4999,3,No,2,35,Medium Risk,No
Sales,Sales Executive,28,4221,3,No,4,15,Low Risk,No
Sales,Sales Executive,58,13872,3,No,2,20,Low Risk,No
Research & Development,Laboratory Technician,44,2042,2,No,4,50,High Risk,No
Human Resources,Human Resources,37,2073,1,Yes,3,55,High Risk,Yes
Research & Development,Research Scientist,32,2956,1,No,3,35,Medium Risk,No
Research & Development,Laboratory Technician,20,2926,4,Yes,3,30,Medium Risk,Yes
Research & Development,Research Scientist,34,4809,3,No,3,15,Low Risk,No
Research & Development,Healthcare Representative,37,5163,4,No,4,0,Low Risk,No
Human Resources,Manager,59,18844,4,No,3,0,Low Risk,No
Research & Development,Research Director,50,18172,2,Yes,2,80,High Risk,No
Sales,Sales Executive,25,5744,3,Yes,3,20,Low Risk,Yes
Research & Development,Research Scientist,25,2889,4,No,3,10,Low Risk,No
Research & Development,Laboratory Technician,22,2871,4,No,3,25,Medium Risk,No
Research & Development,Healthcare Representative,51,7484,1,No,2,70,High Risk,No
Research & Development,Laboratory Technician,34,6074,3,Yes,3,35,Medium Risk,Yes
Human Resources,Manager,54,17328,4,Yes,3,30,Medium Risk,No
Research & Development,Laboratory Technician,24,2774,3,No,3,25,Medium Risk,No
Research & Development,Research Scientist,34,4505,2,No,3,25,Medium Risk,No
Sales,Sales Executive,37,7428,4,No,3,0,Low Risk,No
Research & Development,Manager,34,11631,1,No,3,35,Medium Risk,No
Sales,Sales Executive,36,9738,4,No,3,15,Low Risk,No
Research & Development,Laboratory Technician,36,2835,4,No,3,25,Medium Risk,No
Sales,Manager,43,16959,4,Yes,4,30,Medium Risk,No
Research & Development,Research Scientist,30,2613,3,No,2,45,Medium Risk,No
Sales,Sales Executive,33,6146,2,No,4,25,Medium Risk,No
Research & Development,Research Scientist,56,4963,2,Yes,3,70,High Risk,Yes
Research & Development,Research Director,51,19537,3,No,3,25,Medium Risk,No
Sales,Sales Executive,31,6172,3,Yes,2,65,High Risk,Yes
Research & Development,Research Scientist,26,2368,2,No,2,65,High Risk,No
Research & Development,Healthcare Representative,58,10312,4,No,2,30,Medium Risk,Yes
Sales,Sales Representative,19,1675,3,Yes,2,50,High Risk,Yes
Research & Development,Laboratory Technician,22,2523,4,No,3,10,Low Risk,No
Research & Development,Manufacturing Director,49,6567,1,No,2,55,High Risk,No
Research & Development,Research Scientist,43,4739,3,No,3,15,Low Risk,No
Sales,Sales Executive,50,9208,4,No,3,0,Low Risk,No
Sales,Sales Executive,31,4559,3,Yes,3,35,Medium Risk,Yes
Sales,Sales Executive,41,8189,3,Yes,3,20,Low Risk,No
Human Resources,Human Resources,26,2942,3,No,3,20,Low Risk,No
Research & Development,Manufacturing Director,36,4941,2,No,3,40,Medium Risk,No
Research & Development,Manufacturing Director,51,10650,4,No,3,15,Low Risk,Yes
Sales,Sales Executive,39,5902,3,No,4,10,Low Risk,No
Sales,Sales Executive,25,8639,3,No,3,15,Low Risk,No
Human Resources,Human Resources,30,6347,4,Yes,1,50,High Risk,No
Research & Development,Laboratory Technician,32,4200,1,No,4,40,Medium Risk,Yes
Research & Development,Research Scientist,45,3452,4,No,2,20,Low Risk,No
Research & Development,Research Scientist,38,4317,3,Yes,3,20,Low Risk,No
Research & Development,Research Scientist,30,2632,3,No,2,45,Medium Risk,No
Sales,Sales Executive,32,4668,4,No,4,0,Low Risk,No
Research & Development,Research Scientist,30,3204,1,No,3,25,Medium Risk,No
Research & Development,Laboratory Technician,30,2720,4,No,3,25,Medium Risk,No
Research & Development,Manager,41,17181,1,No,2,55,High Risk,No
Research & Development,Laboratory Technician,41,2238,1,No,3,35,Medium Risk,No
Research & Development,Laboratory Technician,19,1483,2,No,3,50,High Risk,No
Research & Development,Research Scientist,40,5605,2,No,3,40,Medium Risk,No
Sales,Sales Executive,35,7295,2,No,3,25,Medium Risk,No
Sales,Sales Representative,53,2306,3,Yes,1,75,High Risk,No
Research & Development,Laboratory Technician,45,2348,2,No,1,70,High Risk,No
Sales,Sales Executive,32,8998,4,No,3,15,Low Risk,No
Research & Development,Manufacturing Director,29,4319,3,No,3,0,Low Risk,No
Research & Development,Manufacturing Director,51,6132,3,No,3,15,Low Risk,No
Research & Development,Research Scientist,58,3346,2,Yes,2,80,High Risk,No
Sales,Sales Executive,40,10855,4,No,2,20,Low Risk,No
Sales,Sales Representative,34,2231,3,No,3,10,Low Risk,No
Research & Development,Research Scientist,22,2323,4,No,3,10,Low Risk,No
Research & Development,Research Scientist,27,2024,2,No,1,55,High Risk,No
Research & Development,Research Scientist,28,2713,4,No,1,30,Medium Risk,No
Research & Development,Healthcare Representative,57,9439,4,Yes,1,40,Medium Risk,No
Research & Development,Research Scientist,27,2566,3,Yes,2,50,High Risk,No
Research & Development,Manager,50,19926,2,No,3,35,Medium Risk,No
Research & Development,Research Scientist,41,2451,3,No,3,25,Medium Risk,No
Sales,Sales Executive,30,9419,4,No,3,25,Medium Risk,No
Sales,Sales Executive,38,8686,4,No,4,15,Low Risk,No
Research & Development,Research Scientist,32,3038,3,No,3,0,Low Risk,No
Research & Development,Research Scientist,27,3058,2,Yes,2,65,High Risk,No
Sales,Sales Representative,19,2325,1,No,4,35,Medium Risk,Yes
Research & Development,Laboratory Technician,36,2088,2,No,2,65,High Risk,No
Research & Development,Laboratory Technician,30,3072,1,No,3,35,Medium Risk,No
Sales,Sales Executive,45,5006,1,Yes,4,45,Medium Risk,No
Research & Development,Research Scientist,56,4257,1,Yes,3,45,Medium Risk,No
Research & Development,Research Scientist,33,2500,4,No,4,10,Low Risk,No
Research & Development,Laboratory Technician,19,1102,4,No,2,45,Medium Risk,Yes
Sales,Sales Executive,46,10453,1,No,3,50,High Risk,No
Research & Development,Laboratory Technician,38,2288,4,No,3,10,Low Risk,No
Research & Development,Research Scientist,31,3929,4,Yes,3,20,Low Risk,No
Research & Development,Research Scientist,34,2311,2,No,3,35,Medium Risk,No
Sales,Sales Representative,41,3140,2,Yes,2,80,High Risk,Yes
Research & Development,Laboratory Technician,50,3690,3,No,2,20,Low Risk,No
Research & Development,Manufacturing Director,53,4450,1,No,3,25,Medium Risk,No
Research & Development,Research Scientist,33,2756,2,No,3,35,Medium Risk,No
Research & Development,Manager,40,19033,3,No,3,10,Low Risk,No
Research & Development,Research Director,55,18722,2,No,3,25,Medium Risk,No
Research & Development,Manufacturing Director,34,9547,3,No,2,20,Low Risk,No
Research & Development,Healthcare Representative,51,13734,2,No,3,25,Medium Risk,No
Research & Development,Manager,52,19999,3,No,3,10,Low Risk,No
Research & Development,Research Scientist,27,2279,2,No,2,55,High Risk,No
Research & Development,Manufacturing Director,35,5916,3,Yes,3,35,Medium Risk,Yes
Research & Development,Research Scientist,43,2089,4,No,4,10,Low Risk,No
Research & Development,Manager,45,16792,4,No,3,25,Medium Risk,No
Research & Development,Research Scientist,37,3564,1,Yes,2,80,High Risk,No
Research & Development,Laboratory Technician,35,4425,2,No,3,40,Medium Risk,No
Research & Development,Manufacturing Director,42,5265,3,No,3,0,Low Risk,No
Research & Development,Manufacturing Director,38,6553,3,No,3,0,Low Risk,No
Research & Development,Manufacturing Director,38,6261,4,No,1,20,Low Risk,No
Research & Development,Manufacturing Director,27,4298,1,No,3,25,Medium Risk,No
Research & Development,Manufacturing Director,49,6804,4,Yes,3,20,Low Risk,No
Research & Development,Research Scientist,34,3815,3,Yes,4,20,Low Risk,No
Research & Development,Laboratory Technician,40,2741,4,Yes,4,30,Medium Risk,No
Research & Development,Healthcare Representative,38,6673,1,Yes,3,60,High Risk,Yes
Sales,Sales Executive,29,7639,4,No,2,35,Medium Risk,Yes
Research & Development,Research Scientist,22,2328,2,Yes,2,75,High Risk,No
Research & Development,Laboratory Technician,36,2153,4,No,3,25,Medium Risk,No
Research & Development,Healthcare Representative,40,4876,4,No,1,20,Low Risk,No
Research & Development,Healthcare Representative,46,9396,1,No,3,25,Medium Risk,No
Sales,Sales Executive,32,10400,4,No,2,30,Medium Risk,Yes
Research & Development,Manufacturing Director,30,8474,3,No,3,10,Low Risk,No
Sales,Sales Executive,27,9981,3,No,3,0,Low Risk,No
Research & Development,Research Director,51,12490,2,No,1,70,High Risk,No
Research & Development,Research Scientist,30,2657,1,Yes,3,55,High Risk,Yes
Sales,Manager,41,13591,4,Yes,3,20,Low Risk,No
Sales,Sales Executive,30,6696,1,No,2,45,Medium Risk,Yes
Research & Development,Research Scientist,29,2058,3,No,2,30,Medium Risk,Yes
Sales,Sales Executive,45,8865,4,No,3,10,Low Risk,No
Sales,Sales Executive,54,5940,1,No,3,25,Medium Risk,No
Research & Development,Laboratory Technician,36,5914,2,No,4,25,Medium Risk,No
Research & Development,Research Scientist,33,2622,2,No,3,35,Medium Risk,No
Research & Development,Research Director,37,12185,4,Yes,3,35,Medium Risk,No
Sales,Sales Executive,38,10609,3,No,2,45,Medium Risk,No
Research & Development,Manufacturing Director,31,4345,3,No,3,0,Low Risk,No
Research & Development,Research Scientist,59,2177,4,No,3,10,Low Risk,No
Sales,Sales Representative,37,2793,4,No,3,35,Medium Risk,No
Sales,Sales Executive,29,7918,4,No,3,25,Medium Risk,No
Sales,Sales Executive,35,8789,3,No,4,0,Low Risk,No
Research & Development,Research Scientist,29,2389,4,Yes,2,50,High Risk,Yes
Research & Development,Laboratory Technician,52,3212,4,No,2,20,Low Risk,No
Research & Development,Manager,42,19232,4,No,3,10,Low Risk,No
Human Resources,Human Resources,59,2267,3,No,2,45,Medium Risk,No
Sales,Manager,50,19517,4,No,2,20,Low Risk,No
Research & Development,Laboratory Technician,33,2436,4,Yes,1,50,High Risk,Yes
Sales,Manager,43,16064,4,Yes,3,20,Low Risk,No
Research & Development,Laboratory Technician,33,2707,1,No,4,50,High Risk,Yes
Sales,Manager,52,19068,3,Yes,4,45,Medium Risk,No
Sales,Sales Representative,32,3931,2,No,3,25,Medium Risk,No
Research & Development,Laboratory Technician,32,3730,3,Yes,1,40,Medium Risk,Yes
Research & Development,Laboratory Technician,39,2232,3,No,3,10,Low Risk,No
Sales,Sales Executive,32,4465,4,No,3,0,Low Risk,No
Research & Development,Research Scientist,41,3072,1,No,2,45,Medium Risk,No
Research & Development,Research Scientist,40,3319,4,No,3,25,Medium Risk,No
Research & Development,Manager,45,19202,4,No,3,0,Low Risk,No
Research & Development,Research Director,31,13675,3,No,3,15,Low Risk,No
Research & Development,Research Scientist,33,2911,4,No,2,30,Medium Risk,No
Research & Development,Manufacturing Director,34,5957,1,No,3,35,Medium Risk,No
Research & Development,Research Scientist,37,3920,1,No,2,45,Medium Risk,No
Research & Development,Manufacturing Director,45,6434,3,No,3,15,Low Risk,No
Research & Development,Manufacturing Director,37,10048,3,No,3,15,Low Risk,Yes
Research & Development,Healthcare Representative,39,10938,3,No,3,10,Low Risk,No
Research & Development,Research Scientist,29,2340,4,No,3,10,Low Risk,No
Research & Development,Research Scientist,42,6545,1,Yes,3,45,Medium Risk,No
Sales,Sales Executive,29,6931,4,No,3,0,Low Risk,No
Research & Development,Manufacturing Director,25,4898,3,No,3,15,Low Risk,No
Research & Development,Laboratory Technician,42,2593,1,Yes,3,65,High Risk,No
Research & Development,Research Director,40,19436,3,No,3,15,Low Risk,No
Research & Development,Research Scientist,51,2723,4,No,2,30,Medium Risk,No
Research & Development,Laboratory Technician,31,3479,2,No,4,25,Medium Risk,Yes
Research & Development,Laboratory Technician,32,2794,2,No,1,70,High Risk,No
Sales,Sales Executive,38,5249,4,No,3,10,Low Risk,No
Research & Development,Laboratory Technician,32,2176,1,No,3,35,Medium Risk,No
Sales,Manager,46,16872,2,Yes,2,75,High Risk,No
Research & Development,Laboratory Technician,28,3485,3,No,1,35,Medium Risk,Yes
Sales,Sales Executive,29,6644,2,No,3,40,Medium Risk,No
Research & Development,Healthcare Representative,31,5582,4,No,3,25,Medium Risk,No
Research & Development,Healthcare Representative,25,4000,1,No,3,40,Medium Risk,No
Research & Development,Healthcare Representative,45,13496,4,Yes,3,30,Medium Risk,No
Research & Development,Laboratory Technician,36,3210,4,No,3,10,Low Risk,No
Research & Development,Manager,55,19045,1,Yes,3,55,High Risk,No
Research & Development,Manager,47,11849,2,Yes,2,90,High Risk,Yes
Research & Development,Research Scientist,28,2070,4,No,2,30,Medium Risk,No
Sales,Sales Executive,37,6502,4,No,4,0,Low Risk,No
Research & Development,Research Scientist,21,3230,3,No,4,0,Low Risk,No
Research & Development,Research Director,37,13603,4,Yes,3,35,Medium Risk,No
Research & Development,Manager,35,11996,2,No,2,70,High Risk,No
Sales,Sales Executive,38,5605,1,Yes,3,70,High Risk,No
Research & Development,Manufacturing Director,26,6397,2,No,1,45,Medium Risk,No
Research & Development,Research Director,50,19144,2,No,2,60,High Risk,No
Research & Development,Research Director,53,17584,3,Yes,2,40,Medium Risk,No
Sales,Sales Executive,42,4907,3,No,3,25,Medium Risk,No
Sales,Sales Executive,29,4554,4,No,2,35,Medium Risk,No
Research & Development,Laboratory Technician,55,5415,4,Yes,3,35,Medium Risk,No
Research & Development,Healthcare Representative,26,4741,1,Yes,3,60,High Risk,No
Research & Development,Research Scientist,37,2115,4,No,3,20,Low Risk,No
Research & Development,Laboratory Technician,44,3161,3,Yes,1,40,Medium Risk,Yes
Research & Development,Healthcare Representative,38,5745,4,No,3,0,Low Risk,No
Research & Development,Laboratory Technician,26,2373,2,Yes,3,70,High Risk,Yes
Research & Development,Research Scientist,28,3310,4,No,3,0,Low Risk,No
Research & Development,Research Director,49,18665,1,Yes,3,45,Medium Risk,No
Research & Development,Research Scientist,36,4485,2,No,3,35,Medium Risk,No
Sales,Sales Representative,31,2789,2,No,2,55,High Risk,No
Sales,Sales Executive,26,5828,4,Yes,3,30,Medium Risk,Yes
Research & Development,Research Scientist,37,2326,4,Yes,2,65,High Risk,No
Sales,Sales Executive,42,13525,2,No,4,35,Medium Risk,No
Research & Development,Laboratory Technician,18,1420,3,No,3,10,Low Risk,Yes
Sales,Sales Executive,35,8020,2,No,2,55,High Risk,No
Research & Development,Laboratory Technician,36,3688,4,No,3,0,Low Risk,No
Research & Development,Manufacturing Director,51,5482,2,No,3,25,Medium Risk,No
Sales,Manager,41,16015,2,No,3,25,Medium Risk,No
Sales,Sales Representative,18,1200,3,No,3,10,Low Risk,No
Research & Development,Healthcare Representative,28,5661,1,No,3,40,Medium Risk,No
Sales,Sales Executive,31,6929,4,No,2,45,Medium Risk,No
Research & Development,Healthcare Representative,39,9613,4,No,2,20,Low Risk,No
Research & Development,Laboratory Technician,36,5674,2,No,3,40,Medium Risk,No
Sales,Sales Executive,32,5484,3,No,2,30,Medium Risk,No
Research & Development,Research Director,38,12061,2,No,3,40,Medium Risk,No
Research & Development,Healthcare Representative,58,5660,3,Yes,3,20,Low Risk,No
Research & Development,Research Scientist,31,4821,4,Yes,3,20,Low Risk,No
Human Resources,Human Resources,31,6410,1,No,3,40,Medium Risk,No
Research & Development,Laboratory Technician,45,5210,1,No,3,50,High Risk,No
Research & Development,Research Scientist,31,2695,4,Yes,1,50,High Risk,No
Research & Development,Manager,33,11878,2,No,3,35,Medium Risk,No
Research & Development,Manager,39,17068,1,Yes,3,55,High Risk,No
Research & Development,Laboratory Technician,43,2455,4,No,3,10,Low Risk,No
Research & Development,Healthcare Representative,49,13964,3,Yes,3,20,Low Risk,No
Research & Development,Research Scientist,52,4941,2,No,2,55,High Risk,Yes
Research & Development,Research Scientist,27,2478,2,Yes,2,75,High Risk,No
Sales,Sales Executive,32,5228,2,Yes,3,55,High Risk,No
Sales,Sales Executive,27,4478,3,Yes,3,20,Low Risk,No
Sales,Sales Executive,31,7547,4,No,3,0,Low Risk,No
Research & Development,Research Scientist,32,5055,4,No,2,35,Medium Risk,No
Research & Development,Research Scientist,28,3464,4,Yes,2,55,High Risk,Yes
Research & Development,Research Scientist,30,5775,4,No,3,0,Low Risk,No
Research & Development,Manufacturing Director,31,8943,3,No,3,10,Low Risk,No
Research & Development,Manager,39,19272,4,No,3,10,Low Risk,No
Sales,Sales Executive,39,5238,3,Yes,2,40,Medium Risk,Yes
Sales,Sales Executive,33,4682,4,No,2,35,Medium Risk,No
Research & Development,Research Director,47,18300,3,No,3,0,Low Risk,No
Research & Development,Laboratory Technician,43,5257,3,No,4,0,Low Risk,No
Sales,Sales Executive,27,6349,2,Yes,3,45,Medium Risk,No
Research & Development,Research Scientist,54,4869,3,No,2,20,Low Risk,No
Research & Development,Healthcare Representative,43,9985,1,No,2,45,Medium Risk,No
Research & Development,Research Scientist,45,3697,4,No,3,10,Low Risk,No
Sales,Sales Executive,40,7457,4,Yes,2,55,High Risk,No
Research & Development,Laboratory Technician,29,2119,1,Yes,2,90,High Risk,Yes
Research & Development,Laboratory Technician,29,3983,4,No,3,15,Low Risk,No
Sales,Sales Executive,30,6118,3,No,3,0,Low Risk,No
Sales,Sales Executive,27,6214,2,No,3,40,Medium Risk,No
Research & Development,Manufacturing Director,37,6347,4,No,2,20,Low Risk,No
Research & Development,Research Director,38,11510,4,Yes,3,20,Low Risk,No
Research & Development,Manufacturing Director,31,7143,4,Yes,2,50,High Risk,No
Sales,Sales Executive,29,8268,2,Yes,3,45,Medium Risk,No
Research & Development,Manufacturing Director,35,8095,2,No,3,25,Medium Risk,No
Research & Development,Research Scientist,23,2904,4,No,2,30,Medium Risk,No
Research & Development,Manufacturing Director,41,6032,2,Yes,3,45,Medium Risk,No
Sales,Sales Representative,47,2976,3,No,3,25,Medium Risk,No
Research & Development,Research Director,42,15992,4,No,3,15,Low Risk,No
Sales,Sales Executive,29,4649,3,No,2,20,Low Risk,No
Human Resources,Human Resources,42,2696,3,Yes,3,30,Medium Risk,No
Research & Development,Laboratory Technician,32,2370,2,No,3,35,Medium Risk,No
Sales,Manager,48,12504,3,No,1,35,Medium Risk,No
Research & Development,Research Scientist,37,5974,1,Yes,3,55,High Risk,No
Sales,Sales Executive,30,4736,3,Yes,4,20,Low Risk,No
Sales,Sales Executive,26,5296,3,No,3,10,Low Risk,No
Research & Development,Healthcare Representative,42,6781,4,No,3,15,Low Risk,No
Sales,Sales Representative,21,2174,2,Yes,3,70,High Risk,Yes
Sales,Sales Executive,36,6653,4,No,3,0,Low Risk,No
Sales,Sales Executive,36,9699,4,No,3,15,Low Risk,No
Research & Development,Healthcare Representative,57,6755,3,No,3,0,Low Risk,No
Research & Development,Laboratory Technician,40,2213,3,Yes,3,30,Medium Risk,No
Sales,Sales Representative,21,2610,4,No,2,45,Medium Risk,No
Sales,Sales Representative,33,2851,3,Yes,3,30,Medium Risk,Yes
Research & Development,Laboratory Technician,37,3452,1,No,3,25,Medium Risk,No
Research & Development,Manufacturing Director,46,5258,3,No,4,0,Low Risk,No
Sales,Sales Executive,41,9355,2,No,3,50,High Risk,Yes
Research & Development,Healthcare Representative,50,10496,4,No,3,0,Low Risk,No
Sales,Sales Executive,40,6380,3,Yes,3,20,Low Risk,Yes
Research & Development,Research Scientist,31,2657,2,Yes,3,55,High Risk,No
Sales,Sales Representative,21,2716,2,No,3,35,Medium Risk,Yes
Research & Development,Research Scientist,29,2201,4,No,3,10,Low Risk,No
Research & Development,Healthcare Representative,35,6540,2,No,3,25,Medium Risk,No
Research & Development,Laboratory Technician,27,3816,2,No,3,25,Medium Risk,No
Sales,Sales Executive,28,5253,4,No,3,15,Low Risk,No
Research & Development,Healthcare Representative,49,10965,3,No,3,15,Low Risk,No
Sales,Sales Executive,51,4936,4,No,2,20,Low Risk,No
Research & Development,Research Scientist,36,2543,3,No,3,10,Low Risk,No
Sales,Sales Executive,34,5304,4,Yes,2,55,High Risk,Yes
Research & Development,Manager,55,16659,4,Yes,3,20,Low Risk,No
Sales,Sales Executive,24,4260,3,Yes,4,20,Low Risk,No
Sales,Sales Representative,30,2476,2,No,3,35,Medium Risk,No
Research & Development,Research Scientist,26,3102,1,No,3,25,Medium Risk,Yes
Research & Development,Research Scientist,22,2244,2,No,3,50,High Risk,No
Sales,Sales Executive,36,7596,3,No,3,25,Medium Risk,No
Research & Development,Research Scientist,30,2285,4,Yes,3,30,Medium Risk,Yes
Research & Development,Laboratory Technician,37,3034,1,No,2,55,High Risk,No
Sales,Sales Executive,40,5715,2,No,3,25,Medium Risk,No
Research & Development,Laboratory Technician,42,2576,1,No,3,50,High Risk,No
Research & Development,Manufacturing Director,37,4197,2,Yes,2,65,High Risk,No
Research & Development,Research Director,43,14336,2,No,3,40,Medium Risk,No
Research & Development,Laboratory Technician,40,3448,3,No,3,15,Low Risk,No
Research & Development,Research Director,54,19406,1,No,2,60,High Risk,No
Sales,Sales Executive,34,6538,3,No,3,0,Low Risk,No
Research & Development,Manufacturing Director,31,4306,1,No,1,60,High Risk,No
Research & Development,Laboratory Technician,43,2258,4,No,3,10,Low Risk,No
Research & Development,Healthcare Representative,43,4522,3,Yes,3,20,Low Risk,No
Sales,Sales Executive,25,4487,4,Yes,3,35,Medium Risk,No
Research & Development,Research Scientist,37,4449,3,Yes,3,45,Medium Risk,No
Research & Development,Laboratory Technician,31,2218,1,No,3,35,Medium Risk,No
Research & Development,Manager,39,19197,3,Yes,3,35,Medium Risk,No
Sales,Sales Executive,56,13212,1,No,2,55,High Risk,No
Sales,Sales Executive,30,6577,3,No,3,25,Medium Risk,No
Sales,Sales Executive,41,8392,1,No,3,40,Medium Risk,No
Research & Development,Laboratory Technician,28,4558,1,No,3,25,Medium Risk,No
Research & Development,Laboratory Technician,25,4031,1,No,3,40,Medium Risk,Yes
Research & Development,Manufacturing Director,52,7969,3,Yes,3,20,Low Risk,No
Research & Development,Research Scientist,45,2654,4,No,2,45,Medium Risk,No
Research & Development,Manager,52,16555,4,No,1,20,Low Risk,No
Research & Development,Research Scientist,42,4556,3,No,3,15,Low Risk,No
Research & Development,Manufacturing Director,30,6091,4,No,3,0,Low Risk,No
Research & Development,Manager,60,19566,1,No,1,70,High Risk,No
Research & Development,Manufacturing Director,46,4810,3,No,2,20,Low Risk,No
Research & Development,Healthcare Representative,42,4523,4,No,4,0,Low Risk,No
Sales,Sales Representative,24,3202,2,Yes,3,60,High Risk,Yes
Sales,Sales Representative,34,2351,3,No,2,30,Medium Risk,Yes
Research & Development,Laboratory Technician,38,1702,4,Yes,3,30,Medium Risk,No
Sales,Manager,40,18041,3,No,3,0,Low Risk,No
Research & Development,Research Scientist,26,2886,4,No,1,45,Medium Risk,No
Research & Development,Laboratory Technician,30,2097,4,No,1,30,Medium Risk,No
Research & Development,Research Director,29,11935,3,No,3,15,Low Risk,No
Research & Development,Research Scientist,29,2546,2,No,4,35,Medium Risk,Yes
Human Resources,Human Resources,19,2564,4,No,4,25,Medium Risk,Yes
Sales,Sales Executive,30,8412,1,No,3,35,Medium Risk,No
Sales,Manager,57,14118,4,No,2,35,Medium Risk,No
Research & Development,Manager,50,17046,3,No,3,25,Medium Risk,No
Research & Development,Laboratory Technician,30,2564,4,No,2,40,Medium Risk,No
Sales,Sales Executive,60,10266,1,No,4,35,Medium Risk,No
Research & Development,Manufacturing Director,47,5070,4,No,3,15,Low Risk,No
Research & Development,Research Director,46,17861,3,No,1,35,Medium Risk,No
Research & Development,Laboratory Technician,35,4230,3,No,3,10,Low Risk,No
Research & Development,Laboratory Technician,54,3780,3,No,3,0,Low Risk,No
Research & Development,Research Scientist,34,2768,3,No,3,20,Low Risk,No
Sales,Sales Executive,46,9071,4,Yes,3,20,Low Risk,No
Research & Development,Manufacturing Director,31,10648,2,No,4,25,Medium Risk,No
Research & Development,Manager,33,13610,3,Yes,4,45,Medium Risk,Yes
Research & Development,Laboratory Technician,33,3408,4,No,3,15,Low Risk,Yes
Sales,Sales Representative,30,2983,2,No,3,35,Medium Risk,No
Research & Development,Healthcare Representative,35,7632,3,Yes,3,20,Low Risk,No
Research & Development,Healthcare Representative,31,9824,3,No,3,15,Low Risk,Yes
Human Resources,Human Resources,34,9950,1,Yes,3,60,High Risk,Yes
Research & Development,Laboratory Technician,42,2093,3,No,3,25,Medium Risk,No
Sales,Sales Executive,36,9980,4,No,2,45,Medium Risk,No
Research & Development,Laboratory Technician,22,3894,3,No,3,0,Low Risk,Yes
Sales,Sales Executive,48,4051,4,No,3,25,Medium Risk,No
Sales,Manager,55,16835,2,No,3,50,High Risk,No
Sales,Sales Executive,41,6230,4,No,3,0,Low Risk,No
Sales,Sales Executive,35,4717,3,No,3,25,Medium Risk,No
Research & Development,Manufacturing Director,40,13237,3,No,3,25,Medium Risk,No
Research & Development,Laboratory Technician,39,3755,3,No,3,0,Low Risk,No
Sales,Sales Executive,31,6582,4,Yes,4,35,Medium Risk,No
Research & Development,Manufacturing Director,42,7406,1,Yes,2,75,High Risk,No
Sales,Sales Executive,45,4805,2,No,4,25,Medium Risk,No
Human Resources,Human Resources,26,2741,3,Yes,2,65,High Risk,Yes
Research & Development,Manufacturing Director,29,4262,4,No,4,0,Low Risk,No
Research & Development,Research Director,33,16184,3,No,3,15,Low Risk,No
Sales,Manager,31,11557,4,No,2,20,Low Risk,No
Sales,Sales Representative,18,1878,2,Yes,3,70,High Risk,Yes
Sales,Sales Executive,40,10932,1,No,3,25,Medium Risk,No
Research & Development,Healthcare Representative,41,6811,3,Yes,3,35,Medium Risk,No
Sales,Sales Executive,26,4306,3,No,3,15,Low Risk,No
Sales,Sales Executive,35,4859,3,No,3,15,Low Risk,No
Sales,Sales Executive,34,5337,4,No,3,10,Low Risk,No
Research & Development,Laboratory Technician,26,2340,4,Yes,1,50,High Risk,Yes
Research & Development,Manufacturing Director,37,7491,4,No,4,15,Low Risk,No
Research & Development,Healthcare Representative,46,10527,3,No,2,35,Medium Risk,No
Sales,Manager,41,16595,1,No,3,50,High Risk,No
Sales,Sales Executive,37,8834,2,No,3,50,High Risk,No
Research & Development,Research Scientist,52,5577,1,Yes,3,55,High Risk,No
Sales,Sales Executive,32,4707,3,No,3,0,Low Risk,Yes
Sales,Sales Representative,24,2400,4,No,3,10,Low Risk,No
Research & Development,Healthcare Representative,38,9824,3,No,3,0,Low Risk,No
Research & Development,Manufacturing Director,37,6447,2,No,2,70,High Risk,No
Research & Development,Research Director,49,19502,3,Yes,3,20,Low Risk,No
Research & Development,Research Scientist,24,2725,4,Yes,3,45,Medium Risk,No
Sales,Sales Executive,26,6272,2,No,4,40,Medium Risk,No
Research & Development,Laboratory Technician,24,2127,2,No,3,35,Medium Risk,No
Human Resources,Manager,50,18200,2,No,3,50,High Risk,No
Sales,Sales Representative,25,2096,3,No,3,25,Medium Risk,No
Research & Development,Laboratory Technician,24,2886,3,Yes,3,45,Medium Risk,Yes
Sales,Sales Representative,30,2033,1,No,4,50,High Risk,Yes
Research & Development,Research Scientist,34,3622,4,Yes,3,35,Medium Risk,No
Sales,Sales Executive,31,4233,1,No,1,60,High Risk,Yes
Research & Development,Laboratory Technician,35,3681,4,No,3,15,Low Risk,No
Sales,Sales Executive,31,5460,4,No,4,25,Medium Risk,No
Research & Development,Research Scientist,27,2187,3,No,2,45,Medium Risk,No
Sales,Sales Executive,37,9602,3,Yes,2,40,Medium Risk,No
Research & Development,Research Scientist,20,2836,2,No,4,35,Medium Risk,No
Research & Development,Healthcare Representative,42,4089,4,No,3,0,Low Risk,No
Research & Development,Research Director,43,16627,4,Yes,2,55,High Risk,No
Research & Development,Research Scientist,38,2619,1,No,2,55,High Risk,No
Research & Development,Laboratory Technician,43,5679,3,Yes,3,30,Medium Risk,No
Research & Development,Manager,48,15402,1,No,1,45,Medium Risk,No
Human Resources,Human Resources,44,5985,3,No,4,15,Low Risk,No
Sales,Sales Representative,34,2579,3,Yes,3,30,Medium Risk,No
Sales,Sales Representative,27,3041,1,No,3,25,Medium Risk,Yes
Sales,Sales Representative,21,3447,3,No,3,0,Low Risk,No
Research & Development,Manager,44,19513,4,Yes,4,20,Low Risk,No
Research & Development,Research Scientist,22,2773,3,No,3,25,Medium Risk,No
Sales,Sales Executive,33,7104,3,No,3,0,Low Risk,No
Research & Development,Research Scientist,32,6322,4,Yes,2,55,High Risk,No
Research & Development,Research Scientist,30,2083,3,No,3,10,Low Risk,No
Sales,Sales Executive,53,8381,1,No,4,35,Medium Risk,No
Research & Development,Research Scientist,34,2691,4,No,2,55,High Risk,No
Sales,Sales Executive,45,4286,1,No,3,40,Medium Risk,Yes
Research & Development,Laboratory Technician,26,2659,4,Yes,3,30,Medium Risk,No
Research & Development,Manufacturing Director,37,9434,3,No,3,10,Low Risk,No
Sales,Sales Executive,29,5561,3,No,2,35,Medium Risk,No
Research & Development,Research Scientist,35,6646,4,No,3,25,Medium Risk,No
Research & Development,Healthcare Representative,33,7725,4,No,1,30,Medium Risk,No
Human Resources,Human Resources,54,10725,2,No,4,35,Medium Risk,No
Research & Development,Manufacturing Director,36,8847,2,Yes,3,60,High Risk,No
Research & Development,Research Scientist,27,2045,4,No,3,25,Medium Risk,No
Research & Development,Research Scientist,20,1009,3,Yes,3,30,Medium Risk,Yes
Research & Development,Research Scientist,33,3348,1,Yes,3,70,High Risk,Yes
Research & Development,Laboratory Technician,35,1281,3,No,3,10,Low Risk,No
Research & Development,Research Scientist,23,2819,1,No,4,50,High Risk,No
Sales,Sales Executive,25,4851,2,No,3,25,Medium Risk,No
Sales,Sales Executive,38,4028,4,No,3,0,Low Risk,No
Research & Development,Research Scientist,29,2720,4,No,3,25,Medium Risk,No
Sales,Sales Executive,48,8120,2,No,3,40,Medium Risk,No
Sales,Sales Executive,27,4647,4,Yes,3,20,Low Risk,No
Research & Development,Research Scientist,37,4680,4,No,3,0,Low Risk,No
Research & Development,Laboratory Technician,50,3221,3,Yes,3,20,Low Risk,No
Research & Development,Healthcare Representative,34,8621,2,No,4,35,Medium Risk,No
Sales,Sales Executive,24,4577,3,No,3,15,Low Risk,Yes
Research & Development,Healthcare Representative,39,4553,3,No,3,10,Low Risk,No
Sales,Sales Executive,32,5396,4,No,2,20,Low Risk,No
Sales,Sales Executive,50,6796,3,Yes,3,35,Medium Risk,Yes
Research & Development,Healthcare Representative,38,7625,4,No,2,35,Medium Risk,No
Research & Development,Manufacturing Director,27,7412,1,No,3,25,Medium Risk,No
Research & Development,Research Director,32,11159,4,No,3,10,Low Risk,No
Sales,Sales Executive,47,4960,1,No,3,25,Medium Risk,No
Sales,Sales Executive,40,10475,1,Yes,3,45,Medium Risk,No
Research & Development,Research Director,53,14814,3,No,3,0,Low Risk,No
Human Resources,Manager,41,19141,4,No,2,45,Medium Risk,No
Sales,Sales Executive,60,5405,1,No,3,40,Medium Risk,No
Research & Development,Manufacturing Director,27,8793,1,No,2,45,Medium Risk,No
Human Resources,Manager,41,19189,3,No,3,0,Low Risk,No
Sales,Sales Representative,50,3875,2,No,3,25,Medium Risk,No
Research & Development,Research Scientist,28,2216,2,Yes,3,70,High Risk,Yes
Research & Development,Research Director,36,11713,1,No,3,40,Medium Risk,No
Research & Development,Manufacturing Director,38,7861,3,Yes,4,20,Low Risk,No
Research & Development,Laboratory Technician,44,3708,3,No,3,15,Low Risk,No
Sales,Sales Executive,47,13770,3,Yes,2,50,High Risk,No
Sales,Sales Executive,30,5304,4,No,2,30,Medium Risk,No
Sales,Sales Representative,29,2642,3,No,3,10,Low Risk,No
Research & Development,Research Scientist,42,2759,3,Yes,3,30,Medium Risk,Yes
Sales,Sales Executive,43,6804,4,No,3,0,Low Risk,No
Research & Development,Healthcare Representative,34,6142,3,No,3,25,Medium Risk,No
Research & Development,Laboratory Technician,23,2500,1,No,4,50,High Risk,No
Human Resources,Human Resources,39,6389,2,No,1,45,Medium Risk,No
Research & Development,Healthcare Representative,56,11103,4,No,2,20,Low Risk,No
Research & Development,Research Scientist,40,2342,4,Yes,2,50,High Risk,No
Research & Development,Healthcare Representative,27,6811,1,No,1,45,Medium Risk,No
Sales,Sales Representative,29,2297,2,No,3,35,Medium Risk,No
Research & Development,Laboratory Technician,53,2450,4,No,3,10,Low Risk,No
Research & Development,Healthcare Representative,35,5093,1,No,4,25,Medium Risk,No
Research & Development,Laboratory Technician,32,5309,4,No,3,25,Medium Risk,No
Research & Development,Research Scientist,38,3057,3,Yes,1,40,Medium Risk,No
Research & Development,Manufacturing Director,34,5121,1,No,3,40,Medium Risk,No
Sales,Manager,52,16856,1,No,4,25,Medium Risk,No
Research & Development,Research Scientist,33,2686,4,Yes,2,60,High Risk,Yes
Sales,Sales Executive,25,6180,4,No,2,20,Low Risk,No
Sales,Sales Representative,45,6632,3,No,3,15,Low Risk,No
Research & Development,Research Scientist,23,3505,3,No,3,15,Low Risk,No
Sales,Sales Executive,47,6397,3,Yes,3,35,Medium Risk,Yes
Sales,Sales Executive,34,6274,4,No,3,0,Low Risk,No
Research & Development,Manager,55,19859,1,Yes,3,45,Medium Risk,Yes
Sales,Sales Executive,36,7587,1,No,3,40,Medium Risk,No
Research & Development,Research Scientist,52,4258,4,No,3,0,Low Risk,No
Research & Development,Laboratory Technician,26,4364,4,No,3,15,Low Risk,No
Research & Development,Healthcare Representative,29,4335,3,No,2,35,Medium Risk,No
Sales,Sales Executive,26,5326,1,No,2,45,Medium Risk,Yes
Research & Development,Research Scientist,34,3280,4,No,3,15,Low Risk,No
Research & Development,Manufacturing Director,54,5485,1,Yes,3,45,Medium Risk,No
Sales,Sales Executive,27,4342,4,No,3,0,Low Risk,No
Research & Development,Research Scientist,37,2782,1,Yes,2,85,High Risk,No
Research & Development,Manufacturing Director,38,5980,1,Yes,3,70,High Risk,No
Research & Development,Research Scientist,34,4381,1,No,3,25,Medium Risk,No
Sales,Sales Representative,35,2572,4,No,2,45,Medium Risk,No
Research & Development,Laboratory Technician,30,3833,3,No,3,0,Low Risk,No
Research & Development,Healthcare Representative,40,4244,2,No,3,25,Medium Risk,No
Sales,Sales Executive,34,6500,1,No,3,25,Medium Risk,No
Research & Development,Manager,42,18430,4,No,2,45,Medium Risk,No
Research & Development,Laboratory Technician,23,1601,1,Yes,3,55,High Risk,Yes
Research & Development,Laboratory Technician,24,2694,2,No,3,35,Medium Risk,No
Research & Development,Laboratory Technician,52,3149,3,No,3,0,Low Risk,No
Research & Development,Research Director,50,17639,3,No,3,0,Low Risk,No
Research & Development,Laboratory Technician,29,2319,1,Yes,3,70,High Risk,Yes
Research & Development,Research Director,33,11691,3,No,4,0,Low Risk,No
Sales,Sales Executive,33,5324,1,No,3,40,Medium Risk,Yes
Research & Development,Manager,47,16752,4,Yes,2,40,Medium Risk,No
Research & Development,Manufacturing Director,36,5228,2,No,3,25,Medium Risk,No
Research & Development,Research Scientist,29,2700,3,No,3,10,Low Risk,No
Research & Development,Research Director,58,19246,2,Yes,3,55,High Risk,Yes
Research & Development,Research Scientist,35,2506,3,No,3,10,Low Risk,No
Research & Development,Manufacturing Director,42,6062,4,Yes,3,20,Low Risk,No
Research & Development,Research Scientist,28,4382,3,No,2,20,Low Risk,Yes
Human Resources,Human Resources,36,2143,2,No,3,35,Medium Risk,No
Research & Development,Manufacturing Director,32,6162,3,No,3,10,Low Risk,No
Research & Development,Laboratory Technician,40,5094,3,No,3,15,Low Risk,No
Research & Development,Manufacturing Director,30,6877,4,Yes,2,40,Medium Risk,No
Research & Development,Research Scientist,45,2274,3,No,3,25,Medium Risk,No
Research & Development,Manufacturing Director,42,4434,2,No,2,70,High Risk,No
Research & Development,Healthcare Representative,38,6288,1,No,2,60,High Risk,No
Research & Development,Research Scientist,34,2553,4,No,3,10,Low Risk,No
Sales,Sales Executive,49,7654,4,No,4,10,Low Risk,Yes
Sales,Sales Executive,55,5160,4,No,2,30,Medium Risk,Yes
Research & Development,Research Director,43,17159,1,No,3,40,Medium Risk,No
Research & Development,Research Director,27,12808,4,Yes,3,20,Low Risk,No
Research & Development,Manufacturing Director,35,10221,3,No,4,0,Low Risk,No
Sales,Sales Executive,28,4779,2,Yes,3,70,High Risk,No
Human Resources,Human Resources,34,3737,4,No,1,20,Low Risk,No
Research & Development,Research Scientist,26,2366,3,Yes,3,30,Medium Risk,Yes
Research & Development,Research Scientist,27,1706,4,No,2,30,Medium Risk,No
Sales,Manager,51,16307,3,No,2,45,Medium Risk,No
Research & Development,Healthcare Representative,44,5933,2,No,2,45,Medium Risk,No
Research & Development,Research Scientist,25,3424,1,No,2,60,High Risk,No
Sales,Sales Executive,33,4037,1,No,3,40,Medium Risk,No
Research & Development,Research Scientist,35,2559,1,No,2,55,High Risk,No
Sales,Sales Executive,36,6201,4,Yes,2,65,High Risk,No
Sales,Sales Executive,32,4403,4,No,2,35,Medium Risk,No
Research & Development,Research Scientist,30,3761,4,No,2,35,Medium Risk,No
Sales,Sales Executive,53,10934,4,Yes,3,35,Medium Risk,No
Sales,Sales Executive,45,10761,1,Yes,3,45,Medium Risk,No
Research & Development,Research Scientist,32,5175,3,No,2,20,Low Risk,No
Research & Development,Manufacturing Director,52,13826,4,No,3,0,Low Risk,No
Sales,Sales Executive,37,6334,3,No,3,0,Low Risk,No
Human Resources,Human Resources,28,4936,4,No,3,15,Low Risk,No
Research & Development,Manufacturing Director,22,4775,4,No,1,20,Low Risk,No
Research & Development,Laboratory Technician,44,2818,4,Yes,2,65,High Risk,No
Research & Development,Research Scientist,42,2515,4,Yes,3,45,Medium Risk,No
Human Resources,Human Resources,36,2342,1,No,3,50,High Risk,No
Sales,Sales Executive,25,4194,1,Yes,3,45,Medium Risk,No
Research & Development,Manufacturing Director,35,10685,3,Yes,3,30,Medium Risk,No
Research & Development,Research Scientist,35,2022,2,Yes,2,85,High Risk,Yes
Research & Development,Laboratory Technician,32,2314,4,No,3,10,Low Risk,No
Sales,Sales Executive,25,4256,1,No,4,25,Medium Risk,No
Research & Development,Research Scientist,49,3580,1,No,3,25,Medium Risk,No
Research & Development,Laboratory Technician,24,3162,4,No,2,35,Medium Risk,No
Sales,Sales Executive,32,6524,2,No,3,50,High Risk,No
Sales,Sales Representative,38,2899,2,No,3,50,High Risk,No
Research & Development,Laboratory Technician,42,5231,4,Yes,2,40,Medium Risk,No
Research & Development,Research Scientist,31,2356,4,Yes,3,30,Medium Risk,No
Sales,Sales Representative,29,2800,3,Yes,3,45,Medium Risk,Yes
Sales,Sales Executive,53,11836,4,No,3,15,Low Risk,No
Research & Development,Manufacturing Director,35,10903,2,No,3,35,Medium Risk,No
Sales,Sales Representative,37,2973,4,No,3,10,Low Risk,No
Research & Development,Research Director,53,14275,4,No,3,0,Low Risk,No
Research & Development,Healthcare Representative,43,5562,4,No,2,20,Low Risk,No
Sales,Sales Executive,47,4537,4,Yes,3,30,Medium Risk,No
Sales,Sales Executive,37,7642,2,Yes,3,60,High Risk,No
Research & Development,Manager,50,17924,1,No,3,50,High Risk,No
Human Resources,Human Resources,39,5204,4,No,3,0,Low Risk,No
Human Resources,Human Resources,33,2277,2,Yes,4,55,High Risk,No
Research & Development,Laboratory Technician,32,2795,4,Yes,1,65,High Risk,Yes
Research & Development,Laboratory Technician,29,2532,4,No,3,25,Medium Risk,No
Research & Development,Research Scientist,44,2559,1,Yes,3,80,High Risk,No
Sales,Sales Executive,28,4908,4,No,3,15,Low Risk,No
Research & Development,Laboratory Technician,58,2380,4,Yes,2,50,High Risk,Yes
Research & Development,Manufacturing Director,43,4765,2,No,4,40,Medium Risk,No
Sales,Sales Representative,20,2044,3,No,2,30,Medium Risk,Yes
Research & Development,Research Scientist,21,2693,4,No,2,30,Medium Risk,Yes
Research & Development,Healthcare Representative,36,6586,4,Yes,2,50,High Risk,No
Sales,Sales Representative,47,3294,4,Yes,2,40,Medium Risk,No
Research & Development,Manufacturing Director,22,4171,3,Yes,4,35,Medium Risk,Yes
Research & Development,Laboratory Technician,41,2778,4,Yes,2,65,High Risk,Yes
Research & Development,Research Scientist,28,2377,3,No,3,10,Low Risk,No
Research & Development,Laboratory Technician,39,2404,1,Yes,1,75,High Risk,Yes
Research & Development,Research Scientist,27,2318,3,No,3,25,Medium Risk,No
Research & Development,Laboratory Technician,34,2008,2,No,3,50,High Risk,No
Sales,Sales Executive,42,6244,3,No,3,0,Low Risk,No
Research & Development,Research Scientist,33,2799,1,Yes,3,55,High Risk,No
Research & Development,Healthcare Representative,58,10552,2,Yes,3,45,Medium Risk,No
Sales,Sales Representative,31,2329,3,No,4,35,Medium Risk,No
Research & Development,Healthcare Representative,35,4014,4,Yes,1,40,Medium Risk,No
Research & Development,Laboratory Technician,49,7403,2,No,2,60,High Risk,No
Research & Development,Research Scientist,48,2259,3,No,2,30,Medium Risk,No
Sales,Sales Executive,31,6932,3,No,2,20,Low Risk,No
Research & Development,Research Scientist,36,4678,4,No,3,15,Low Risk,No
Research & Development,Research Director,38,13582,1,No,3,35,Medium Risk,No
Research & Development,Laboratory Technician,32,2332,2,No,3,35,Medium Risk,No
Sales,Sales Representative,25,2413,2,Yes,3,55,High Risk,Yes
Sales,Sales Executive,40,9705,2,No,2,60,High Risk,No
Sales,Sales Executive,26,4294,1,No,3,25,Medium Risk,No
Research & Development,Laboratory Technician,41,4721,1,Yes,3,45,Medium Risk,No
Research & Development,Laboratory Technician,36,2519,3,No,3,10,Low Risk,No
Sales,Sales Representative,19,2121,2,Yes,4,55,High Risk,Yes
Research & Development,Laboratory Technician,20,2973,1,No,3,50,High Risk,Yes
Research & Development,Healthcare Representative,31,5855,4,Yes,1,50,High Risk,No
Research & Development,Research Scientist,40,3617,2,Yes,3,45,Medium Risk,No
Research & Development,Manufacturing Director,32,6725,1,No,4,35,Medium Risk,No
Sales,Sales Executive,36,10325,4,Yes,3,20,Low Risk,Yes
Research & Development,Healthcare Representative,33,6949,4,No,3,15,Low Risk,No
Sales,Sales Executive,37,10609,3,No,1,45,Medium Risk,Yes
Research & Development,Laboratory Technician,45,4447,2,No,2,45,Medium Risk,No
Sales,Sales Representative,29,2157,4,No,3,10,Low Risk,No
Sales,Sales Executive,35,4601,3,No,3,0,Low Risk,No
Research & Development,Manager,52,17099,4,No,2,30,Medium Risk,No
Research & Development,Research Scientist,58,2479,3,No,3,10,Low Risk,Yes
Sales,Manager,53,14852,3,No,4,10,Low Risk,No
Sales,Sales Executive,30,7264,3,No,4,10,Low Risk,No
Sales,Sales Executive,38,5666,4,Yes,3,20,Low Risk,No
Sales,Sales Executive,35,7823,4,No,3,0,Low Risk,No
Sales,Sales Executive,39,7880,3,No,3,15,Low Risk,No
Sales,Sales Executive,40,13194,2,Yes,2,80,High Risk,Yes
Research & Development,Manufacturing Director,47,5067,3,Yes,4,20,Low Risk,No
Sales,Sales Executive,36,5079,4,No,3,15,Low Risk,No
Research & Development,Research Scientist,31,2321,1,Yes,3,55,High Risk,Yes
Sales,Manager,33,17444,3,No,3,10,Low Risk,No
Research & Development,Research Scientist,29,2404,1,Yes,3,55,High Risk,Yes
Research & Development,Research Scientist,33,3452,4,No,3,15,Low Risk,No
Research & Development,Laboratory Technician,45,2270,4,No,3,10,Low Risk,No
Research & Development,Research Director,50,17399,4,No,2,20,Low Risk,No
Research & Development,Healthcare Representative,33,5488,2,Yes,3,45,Medium Risk,No
Research & Development,Research Director,41,19419,3,No,4,15,Low Risk,No
Research & Development,Laboratory Technician,27,2811,2,No,3,35,Medium Risk,No
Research & Development,Laboratory Technician,45,3633,1,Yes,3,45,Medium Risk,No
Sales,Sales Executive,47,4163,4,Yes,3,20,Low Risk,No
Research & Development,Research Scientist,30,2132,3,Yes,3,45,Medium Risk,Yes
Research & Development,Manufacturing Director,50,13973,3,Yes,3,20,Low Risk,No
Research & Development,Research Scientist,38,2684,3,No,2,30,Medium Risk,No
Research & Development,Manufacturing Director,46,10845,3,No,3,0,Low Risk,No
Research & Development,Manufacturing Director,24,4377,3,No,3,0,Low Risk,No
Research & Development,Laboratory Technician,35,3743,2,Yes,1,65,High Risk,Yes
Research & Development,Manufacturing Director,31,4148,1,No,3,25,Medium Risk,No
Research & Development,Research Scientist,18,1051,4,No,3,25,Medium Risk,No
Research & Development,Manufacturing Director,54,10739,3,No,3,0,Low Risk,No
Research & Development,Healthcare Representative,35,10388,3,Yes,2,50,High Risk,No
Research & Development,Research Director,30,11416,1,Yes,2,80,High Risk,No
Research & Development,Research Scientist,20,2600,1,Yes,3,55,High Risk,Yes
Research & Development,Laboratory Technician,30,2422,2,No,3,50,High Risk,Yes
Research & Development,Manufacturing Director,26,5472,4,No,3,0,Low Risk,No
Research & Development,Laboratory Technician,22,2451,1,No,2,70,High Risk,No
Research & Development,Healthcare Representative,48,4240,3,No,3,15,Low Risk,No
Research & Development,Healthcare Representative,48,10999,3,No,3,10,Low Risk,No
Research & Development,Manufacturing Director,41,5003,3,No,3,0,Low Risk,No
Research & Development,Manufacturing Director,39,12742,4,No,3,10,Low Risk,No
Research & Development,Manufacturing Director,27,4227,4,No,3,15,Low Risk,No
Research & Development,Laboratory Technician,35,3917,4,No,2,35,Medium Risk,No
Sales,Manager,42,18303,3,No,4,0,Low Risk,No
Research & Development,Laboratory Technician,50,2380,4,No,3,25,Medium Risk,No
Research & Development,Manufacturing Director,59,13726,4,Yes,3,30,Medium Risk,No
Research & Development,Healthcare Representative,37,4777,2,No,1,60,High Risk,Yes
Research & Development,Healthcare Representative,55,6385,2,Yes,3,55,High Risk,No
Research & Development,Research Director,41,19973,3,No,3,25,Medium Risk,No
Sales,Sales Executive,38,6861,4,Yes,3,35,Medium Risk,No
Sales,Sales Executive,26,4969,1,No,3,40,Medium Risk,Yes
Sales,Manager,52,19845,4,No,3,25,Medium Risk,Yes
Sales,Sales Executive,44,13320,4,Yes,3,30,Medium Risk,No
Sales,Sales Executive,50,6347,3,No,3,0,Low Risk,No
Research & Development,Laboratory Technician,36,2743,1,No,3,45,Medium Risk,Yes
Research & Development,Manufacturing Director,39,10880,1,Yes,3,45,Medium Risk,No
Sales,Sales Representative,33,2342,4,No,2,45,Medium Risk,No
Sales,Manager,45,17650,4,No,4,0,Low Risk,No
Research & Development,Laboratory Technician,32,4025,3,No,3,10,Low Risk,No
Sales,Sales Executive,34,9725,4,No,2,35,Medium Risk,No
Sales,Manager,59,11904,4,Yes,1,55,High Risk,No
Human Resources,Human Resources,45,2177,2,No,3,50,High Risk,No
Sales,Sales Executive,53,7525,2,No,3,35,Medium Risk,No
Research & Development,Laboratory Technician,36,4834,3,No,2,35,Medium Risk,Yes
Research & Development,Research Scientist,26,2042,1,Yes,3,70,High Risk,Yes
Sales,Sales Representative,34,2220,3,Yes,3,30,Medium Risk,No
Sales,Sales Representative,28,1052,2,No,3,35,Medium Risk,No
Research & Development,Research Scientist,38,2821,3,No,3,10,Low Risk,No
Research & Development,Research Director,50,19237,3,Yes,2,65,High Risk,No
Research & Development,Healthcare Representative,37,4107,2,No,2,45,Medium Risk,No
Sales,Sales Executive,40,8396,1,No,2,55,High Risk,No
Research & Development,Research Scientist,26,2007,3,No,3,25,Medium Risk,No
Research & Development,Research Director,46,19627,4,No,3,0,Low Risk,No
Sales,Sales Executive,54,10686,3,No,3,10,Low Risk,No
Research & Development,Research Scientist,56,2942,3,No,3,25,Medium Risk,No
Research & Development,Manufacturing Director,36,8858,4,No,2,30,Medium Risk,No
Research & Development,Manager,55,16756,1,No,4,35,Medium Risk,No
Sales,Sales Executive,43,10798,4,No,3,0,Low Risk,No
Sales,Sales Representative,20,2323,4,Yes,3,30,Medium Risk,Yes
Research & Development,Laboratory Technician,21,1416,1,No,2,55,High Risk,Yes
Research & Development,Research Scientist,46,4615,1,Yes,3,45,Medium Risk,No
Research & Development,Research Scientist,51,2461,3,Yes,4,45,Medium Risk,Yes
Research & Development,Healthcare Representative,28,8722,1,No,2,60,High Risk,Yes
Research & Development,Laboratory Technician,26,3955,1,No,3,40,Medium Risk,No
Research & Development,Manufacturing Director,30,9957,1,No,2,45,Medium Risk,No
Research & Development,Research Scientist,41,3376,3,No,3,15,Low Risk,No
Research & Development,Healthcare Representative,38,8823,3,No,2,20,Low Risk,No
Research & Development,Healthcare Representative,40,10322,4,No,3,25,Medium Risk,No
Research & Development,Laboratory Technician,27,4621,3,No,3,15,Low Risk,No
Research & Development,Manufacturing Director,55,10976,2,No,3,25,Medium Risk,No
Research & Development,Research Scientist,28,3660,3,No,4,0,Low Risk,No
Human Resources,Human Resources,44,10482,1,No,3,40,Medium Risk,Yes
Research & Development,Healthcare Representative,33,7119,4,No,3,0,Low Risk,No
Sales,Sales Executive,35,9582,1,Yes,3,55,High Risk,Yes
Research & Development,Research Scientist,33,4508,3,No,3,15,Low Risk,Yes
Research & Development,Laboratory Technician,28,2207,3,No,2,45,Medium Risk,No
Research & Development,Healthcare Representative,34,7756,4,No,2,35,Medium Risk,No
Sales,Sales Executive,37,6694,4,Yes,3,20,Low Risk,No
Research & Development,Laboratory Technician,25,3691,4,Yes,4,30,Medium Risk,Yes
Research & Development,Laboratory Technician,26,2377,3,No,2,45,Medium Risk,Yes
Research & Development,Research Scientist,33,2313,2,Yes,3,70,High Risk,Yes
Research & Development,Manager,42,17665,1,No,3,35,Medium Risk,No
Research & Development,Laboratory Technician,28,2596,2,No,3,50,High Risk,Yes
Sales,Sales Executive,50,4728,3,Yes,3,20,Low Risk,Yes
Sales,Sales Executive,33,4302,2,No,3,25,Medium Risk,No
Research & Development,Research Scientist,34,2979,4,No,3,10,Low Risk,No
Research & Development,Manager,48,16885,4,No,2,35,Medium Risk,No
Sales,Sales Executive,45,5593,3,No,3,25,Medium Risk,No
Research & Development,Healthcare Representative,52,10445,2,No,3,50,High Risk,No
Sales,Sales Executive,38,8740,3,Yes,3,20,Low Risk,No
Research & Development,Research Scientist,29,2514,4,No,3,10,Low Risk,No
Research & Development,Manufacturing Director,28,7655,2,No,2,45,Medium Risk,No
Sales,Manager,46,17465,3,No,3,25,Medium Risk,No
Sales,Sales Executive,38,7351,2,No,3,25,Medium Risk,No
Research & Development,Manufacturing Director,43,10820,1,No,3,25,Medium Risk,No
Research & Development,Healthcare Representative,39,12169,4,No,3,25,Medium Risk,Yes
Research & Development,Research Director,40,19626,3,No,4,10,Low Risk,No
Research & Development,Research Scientist,21,2070,2,Yes,4,55,High Risk,No
Research & Development,Laboratory Technician,39,6782,2,No,2,45,Medium Risk,No
Research & Development,Manufacturing Director,36,7779,4,No,3,15,Low Risk,No
Sales,Sales Representative,31,2791,4,No,3,10,Low Risk,No
Research & Development,Research Scientist,28,3201,2,No,1,60,High Risk,No
Sales,Sales Executive,35,4968,4,No,3,0,Low Risk,No
Sales,Sales Executive,49,13120,2,No,3,25,Medium Risk,No
Research & Development,Manufacturing Director,34,4033,3,No,2,20,Low Risk,No
Research & Development,Research Scientist,29,3291,2,No,2,45,Medium Risk,No
Research & Development,Laboratory Technician,42,4272,4,No,3,15,Low Risk,No
Research & Development,Manufacturing Director,29,5056,4,Yes,2,55,High Risk,No
Human Resources,Human Resources,38,2844,3,No,4,20,Low Risk,No
Research & Development,Research Scientist,28,2703,3,Yes,3,30,Medium Risk,No
Research & Development,Laboratory Technician,18,1904,3,No,3,10,Low Risk,Yes
Sales,Sales Executive,33,8224,1,Yes,3,60,High Risk,Yes
Research & Development,Laboratory Technician,41,4766,4,Yes,3,35,Medium Risk,No
Research & Development,Laboratory Technician,31,2610,3,No,2,30,Medium Risk,Yes
Research & Development,Healthcare Representative,37,5731,4,No,3,0,Low Risk,No
Research & Development,Research Scientist,27,2539,3,No,3,10,Low Risk,No
Sales,Sales Executive,34,5714,3,No,2,35,Medium Risk,No
Human Resources,Human Resources,35,4323,3,No,1,20,Low Risk,No
Sales,Sales Executive,29,7336,1,No,1,45,Medium Risk,Yes
Research & Development,Research Director,40,13499,3,No,2,35,Medium Risk,No
Sales,Sales Executive,42,13758,1,Yes,2,75,High Risk,Yes
Sales,Sales Executive,42,5155,1,No,4,40,Medium Risk,No
Research & Development,Laboratory Technician,35,2258,3,No,3,10,Low Risk,No
Research & Development,Laboratory Technician,24,3597,2,No,3,25,Medium Risk,No
Research & Development,Laboratory Technician,28,2515,4,Yes,2,50,High Risk,Yes
Research & Development,Laboratory Technician,26,4420,4,No,3,15,Low Risk,No
Sales,Sales Executive,30,6578,3,No,3,0,Low Risk,No
Research & Development,Research Scientist,40,4422,4,Yes,1,40,Medium Risk,No
Research & Development,Manufacturing Director,35,10274,2,No,4,35,Medium Risk,No
Research & Development,Healthcare Representative,34,5343,1,No,3,35,Medium Risk,No
Research & Development,Laboratory Technician,35,2376,4,No,4,10,Low Risk,No
Sales,Sales Executive,43,5346,3,No,2,35,Medium Risk,Yes
Sales,Sales Representative,32,2827,1,No,3,35,Medium Risk,No
Research & Development,Manager,56,19943,1,No,3,35,Medium Risk,No
Research & Development,Laboratory Technician,29,3131,4,No,3,15,Low Risk,No
Research & Development,Research Scientist,19,2552,1,No,3,35,Medium Risk,No
Research & Development,Research Scientist,45,4477,3,Yes,2,55,High Risk,No
Research & Development,Manufacturing Director,37,6474,4,No,2,20,Low Risk,No
Research & Development,Laboratory Technician,20,3033,3,No,2,35,Medium Risk,No
Research & Development,Research Scientist,44,2936,3,Yes,3,30,Medium Risk,Yes
Research & Development,Manager,53,18606,3,No,3,10,Low Risk,No
Research & Development,Research Scientist,29,2168,4,Yes,2,65,High Risk,No
Research & Development,Research Scientist,22,2853,4,Yes,3,30,Medium Risk,Yes
Sales,Manager,46,17048,1,No,3,35,Medium Risk,No
Research & Development,Research Scientist,44,2290,3,No,3,10,Low Risk,No
Human Resources,Human Resources,33,3600,3,No,3,15,Low Risk,No
Research & Development,Research Scientist,41,2107,1,No,1,70,High Risk,Yes
Sales,Sales Executive,30,4115,1,No,3,25,Medium Risk,No
Sales,Sales Executive,40,4327,2,No,3,40,Medium Risk,No
Research & Development,Manager,50,17856,1,No,3,25,Medium Risk,No
Research & Development,Laboratory Technician,28,3196,1,No,3,25,Medium Risk,No
Research & Development,Research Director,46,19081,2,No,3,25,Medium Risk,No
Sales,Sales Executive,35,8966,1,Yes,3,45,Medium Risk,No
Research & Development,Laboratory Technician,24,2210,2,No,1,55,High Risk,Yes
Sales,Sales Executive,33,4539,3,No,2,35,Medium Risk,No
Research & Development,Laboratory Technician,36,2741,3,No,3,10,Low Risk,No
Research & Development,Laboratory Technician,30,3491,3,No,2,30,Medium Risk,No
Research & Development,Research Scientist,44,4541,4,No,3,10,Low Risk,No
Sales,Sales Representative,20,2678,4,No,3,10,Low Risk,No
Research & Development,Manufacturing Director,46,7379,4,No,2,20,Low Risk,No
Human Resources,Human Resources,42,6272,1,No,4,25,Medium Risk,No
Sales,Sales Executive,60,5220,4,Yes,3,35,Medium Risk,No
Research & Development,Laboratory Technician,32,2743,2,No,3,35,Medium Risk,No
Research & Development,Research Scientist,32,4998,3,Yes,3,20,Low Risk,No
Research & Development,Manufacturing Director,36,10252,1,Yes,3,55,High Risk,No
Research & Development,Research Scientist,33,2781,4,No,3,35,Medium Risk,No
Sales,Sales Executive,40,6852,2,No,4,40,Medium Risk,No
Sales,Sales Executive,25,4950,4,No,3,0,Low Risk,No
Research & Development,Research Scientist,30,3579,2,Yes,3,55,High Risk,No
Research & Development,Research Director,42,13191,1,Yes,3,60,High Risk,No
Sales,Sales Executive,35,10377,4,Yes,2,50,High Risk,No
Research & Development,Research Scientist,27,2235,1,Yes,2,100,High Risk,No
Research & Development,Manufacturing Director,54,10502,3,No,1,20,Low Risk,No
Research & Development,Research Scientist,44,2011,4,No,3,35,Medium Risk,No
Research & Development,Research Scientist,19,1859,2,Yes,4,70,High Risk,Yes
Research & Development,Research Scientist,29,3760,4,No,3,15,Low Risk,No
Research & Development,Research Director,54,17779,4,No,3,0,Low Risk,No
Research & Development,Healthcare Representative,31,6833,1,Yes,2,65,High Risk,No
Research & Development,Healthcare Representative,31,6812,1,No,3,25,Medium Risk,No
Sales,Sales Executive,59,5171,4,No,3,0,Low Risk,No
Research & Development,Research Director,43,19740,4,No,3,0,Low Risk,No
Research & Development,Manager,49,18711,3,No,4,15,Low Risk,No
Research & Development,Research Scientist,36,3692,2,No,2,45,Medium Risk,No
Research & Development,Laboratory Technician,48,2559,2,No,2,55,High Risk,No
Research & Development,Research Scientist,27,2517,3,No,3,25,Medium Risk,No
Research & Development,Healthcare Representative,29,6623,4,Yes,3,20,Low Risk,No
Research & Development,Research Director,48,18265,4,No,4,0,Low Risk,No
Research & Development,Research Director,29,16124,4,No,2,20,Low Risk,No
Research & Development,Research Scientist,34,2585,3,No,2,30,Medium Risk,No
Sales,Manager,44,18213,2,No,3,40,Medium Risk,No
Sales,Sales Executive,33,8380,3,Yes,3,20,Low Risk,No
Research & Development,Research Scientist,19,2994,4,Yes,3,45,Medium Risk,No
Research & Development,Research Scientist,23,1223,3,No,3,10,Low Risk,No
Sales,Sales Representative,25,1118,4,Yes,3,30,Medium Risk,Yes
Research & Development,Research Scientist,26,2875,4,Yes,2,50,High Risk,No
Sales,Manager,45,18824,2,Yes,3,60,High Risk,Yes
Research & Development,Healthcare Representative,55,13577,2,Yes,3,55,High Risk,No
Research & Development,Laboratory Technician,21,2625,3,No,1,45,Medium Risk,Yes
Sales,Manager,46,18789,2,No,3,25,Medium Risk,No
Sales,Sales Executive,34,4538,1,Yes,3,45,Medium Risk,No
Sales,Manager,51,19847,2,Yes,2,75,High Risk,No
Research & Development,Manufacturing Director,59,10512,4,No,2,30,Medium Risk,No
Research & Development,Laboratory Technician,34,4444,2,No,4,35,Medium Risk,No
Research & Development,Laboratory Technician,28,2154,3,Yes,2,50,High Risk,No
Research & Development,Manager,44,19190,1,No,2,55,High Risk,No
Human Resources,Human Resources,34,4490,2,No,4,25,Medium Risk,No
Research & Development,Research Scientist,35,3506,3,Yes,3,20,Low Risk,No
Research & Development,Research Scientist,42,2372,2,Yes,3,70,High Risk,No
Sales,Sales Executive,43,10231,4,No,4,10,Low Risk,No
Research & Development,Manufacturing Director,36,5410,2,Yes,3,55,High Risk,No
Research & Development,Healthcare Representative,44,7978,4,No,3,15,Low Risk,Yes
Research & Development,Laboratory Technician,28,3867,4,Yes,3,20,Low Risk,No
Research & Development,Laboratory Technician,51,2838,3,No,2,55,High Risk,No
Research & Development,Manufacturing Director,30,4695,3,Yes,3,20,Low Risk,No
Research & Development,Laboratory Technician,29,3339,3,Yes,3,45,Medium Risk,Yes
Research & Development,Research Scientist,28,2080,1,No,2,55,High Risk,No
Research & Development,Research Scientist,25,2096,2,No,2,55,High Risk,No
Sales,Sales Executive,32,6209,4,No,4,0,Low Risk,No
Research & Development,Manager,45,18061,2,No,3,40,Medium Risk,No
Research & Development,Manager,39,17123,2,Yes,3,55,High Risk,No
Research & Development,Research Scientist,58,2372,3,No,3,25,Medium Risk,No
Research & Development,Laboratory Technician,32,4883,3,No,3,0,Low Risk,Yes
Research & Development,Research Scientist,39,3904,1,No,3,25,Medium Risk,Yes
Research & Development,Laboratory Technician,30,4627,4,No,3,25,Medium Risk,No
Research & Development,Healthcare Representative,36,7094,3,No,3,0,Low Risk,No
Human Resources,Human Resources,46,3423,1,No,4,35,Medium Risk,No
Research & Development,Laboratory Technician,28,6674,4,No,3,10,Low Risk,No
Research & Development,Research Director,50,16880,1,Yes,3,45,Medium Risk,No
Sales,Sales Executive,40,9094,2,Yes,3,45,Medium Risk,Yes
Sales,Sales Executive,52,8446,2,Yes,2,90,High Risk,Yes
Research & Development,Manager,30,11916,1,Yes,3,60,High Risk,No
Research & Development,Manufacturing Director,39,4534,3,No,3,15,Low Risk,No
Sales,Sales Executive,31,9852,3,Yes,2,50,High Risk,No
Sales,Sales Executive,41,6151,2,No,3,35,Medium Risk,No
Sales,Sales Representative,31,2302,2,Yes,4,55,High Risk,Yes
Research & Development,Laboratory Technician,44,2362,1,No,4,50,High Risk,Yes
Research & Development,Manager,42,17861,3,Yes,2,40,Medium Risk,No
Research & Development,Manager,55,19187,3,No,3,10,Low Risk,No
Human Resources,Manager,56,19717,2,No,3,35,Medium Risk,No
Research & Development,Research Scientist,40,3544,3,No,3,0,Low Risk,No
Research & Development,Healthcare Representative,34,8500,4,No,2,20,Low Risk,No
Research & Development,Research Scientist,40,4661,4,No,3,10,Low Risk,No
Sales,Sales Executive,41,4103,1,No,3,25,Medium Risk,No
Research & Development,Research Scientist,35,4249,3,Yes,3,20,Low Risk,No
Human Resources,Manager,51,14026,2,Yes,3,45,Medium Risk,No
Sales,Sales Executive,38,6893,1,No,3,40,Medium Risk,No
Sales,Sales Executive,34,6125,1,No,4,35,Medium Risk,No
Research & Development,Laboratory Technician,25,3669,4,No,2,20,Low Risk,No
Research & Development,Manufacturing Director,58,10008,1,Yes,2,75,High Risk,Yes
Research & Development,Laboratory Technician,40,2387,2,No,3,50,High Risk,No
Sales,Sales Executive,36,4639,1,No,2,70,High Risk,No
Research & Development,Manufacturing Director,48,7898,4,No,3,0,Low Risk,No
Sales,Sales Representative,27,2534,4,No,3,10,Low Risk,No
Research & Development,Manufacturing Director,51,13142,2,No,2,45,Medium Risk,No
Research & Development,Laboratory Technician,18,1611,4,No,4,10,Low Risk,No
Research & Development,Laboratory Technician,35,5363,4,No,3,0,Low Risk,No
Sales,Sales Executive,27,5071,4,No,3,0,Low Risk,No
Sales,Sales Executive,55,13695,3,Yes,2,55,High Risk,Yes
Research & Development,Manufacturing Director,56,13402,2,Yes,3,55,High Risk,No
Research & Development,Research Scientist,34,2029,3,No,3,25,Medium Risk,No
Research & Development,Healthcare Representative,40,6377,3,No,3,25,Medium Risk,No
Research & Development,Laboratory Technician,34,5429,3,No,3,25,Medium Risk,No
Sales,Sales Representative,31,2785,4,No,4,10,Low Risk,Yes
Sales,Sales Executive,35,4614,3,Yes,2,40,Medium Risk,Yes
Research & Development,Research Scientist,38,2610,3,No,3,10,Low Risk,No
Research & Development,Healthcare Representative,34,6687,4,No,4,10,Low Risk,No
Sales,Sales Executive,28,4724,1,No,3,25,Medium Risk,No
Research & Development,Manufacturing Director,31,6179,3,Yes,2,50,High Risk,Yes
Sales,Sales Executive,39,6120,4,Yes,4,35,Medium Risk,No
Sales,Sales Executive,51,10596,2,No,3,40,Medium Risk,No
Research & Development,Research Scientist,41,5467,4,Yes,2,40,Medium Risk,No
Research & Development,Research Scientist,37,2996,3,Yes,3,30,Medium Risk,No
Sales,Sales Executive,33,9998,4,No,4,15,Low Risk,No
Sales,Sales Executive,32,4078,2,Yes,2,65,High Risk,No
Research & Development,Healthcare Representative,39,10920,3,No,3,0,Low Risk,No
Sales,Sales Executive,25,6232,3,No,2,35,Medium Risk,No
Research & Development,Manufacturing Director,52,13247,3,Yes,2,40,Medium Risk,No
Research & Development,Research Scientist,43,4081,3,Yes,1,55,High Risk,No
Sales,Sales Executive,27,5769,4,Yes,3,30,Medium Risk,No
Research & Development,Research Scientist,27,2394,3,Yes,3,40,Medium Risk,Yes
Research & Development,Research Scientist,26,3904,4,No,3,15,Low Risk,No
Human Resources,Manager,42,16799,1,No,3,25,Medium Risk,No
Research & Development,Laboratory Technician,52,2950,1,No,1,55,High Risk,No
Research & Development,Laboratory Technician,37,3629,3,No,3,15,Low Risk,No
Research & Development,Manufacturing Director,35,9362,4,No,3,0,Low Risk,No
Research & Development,Laboratory Technician,25,3229,4,No,2,35,Medium Risk,No
Research & Development,Laboratory Technician,26,3578,1,No,3,25,Medium Risk,No
Human Resources,Human Resources,29,7988,1,No,2,60,High Risk,No
Research & Development,Laboratory Technician,49,4284,1,No,3,40,Medium Risk,Yes
Research & Development,Healthcare Representative,29,7553,4,Yes,3,30,Medium Risk,Yes
Research & Development,Research Director,54,17328,4,No,2,30,Medium Risk,No
Research & Development,Research Director,58,19701,1,Yes,3,45,Medium Risk,No
Research & Development,Research Director,55,14732,4,No,4,15,Low Risk,No
Sales,Sales Executive,36,9278,2,Yes,3,60,High Risk,No
Sales,Sales Representative,31,1359,3,No,3,25,Medium Risk,Yes
Sales,Sales Executive,30,4779,1,No,3,25,Medium Risk,No
Research & Development,Research Director,31,16422,2,No,4,40,Medium Risk,No
Research & Development,Research Scientist,34,2996,1,No,3,35,Medium Risk,No
Research & Development,Research Scientist,31,1261,2,No,4,50,High Risk,Yes
Research & Development,Laboratory Technician,27,2099,1,No,4,50,High Risk,No
Research & Development,Laboratory Technician,36,5810,4,No,2,35,Medium Risk,No
Sales,Sales Executive,36,5647,1,No,2,45,Medium Risk,No
Research & Development,Research Scientist,47,3420,4,No,2,35,Medium Risk,No
Sales,Sales Representative,25,4400,1,No,3,40,Medium Risk,Yes
Research & Development,Laboratory Technician,37,3500,3,No,1,20,Low Risk,No
Research & Development,Research Scientist,56,2066,1,No,4,50,High Risk,No
Research & Development,Research Director,47,17169,3,No,4,25,Medium Risk,No
Sales,Sales Executive,24,4162,3,Yes,3,20,Low Risk,No
Sales,Sales Executive,32,9204,4,No,2,20,Low Risk,No
Research & Development,Laboratory Technician,34,3294,2,No,2,45,Medium Risk,No
Research & Development,Research Scientist,41,2127,3,Yes,2,65,High Risk,No
Research & Development,Laboratory Technician,40,3975,3,No,4,0,Low Risk,No
Sales,Sales Executive,31,10793,4,No,3,25,Medium Risk,No
Sales,Sales Executive,46,10096,4,No,4,25,Medium Risk,Yes
Research & Development,Laboratory Technician,39,3646,1,Yes,4,60,High Risk,Yes
Research & Development,Manufacturing Director,31,7446,2,No,3,35,Medium Risk,Yes
Research & Development,Healthcare Representative,45,10851,1,Yes,3,60,High Risk,No
Human Resources,Human Resources,31,2109,2,No,3,35,Medium Risk,No
Research & Development,Laboratory Technician,31,3722,4,Yes,1,55,High Risk,Yes
Research & Development,Manufacturing Director,45,9380,4,Yes,4,35,Medium Risk,No
Sales,Sales Executive,48,5486,1,No,3,25,Medium Risk,No
Human Resources,Human Resources,34,2742,3,No,3,25,Medium Risk,Yes
Research & Development,Research Director,40,13757,2,No,3,35,Medium Risk,No
Sales,Sales Executive,28,8463,1,No,3,25,Medium Risk,No
Research & Development,Laboratory Technician,44,3162,3,No,3,0,Low Risk,No
Research & Development,Research Director,53,16598,2,No,2,55,High Risk,No
Research & Development,Healthcare Representative,49,6651,3,No,2,35,Medium Risk,No
Research & Development,Research Scientist,40,2345,3,No,4,10,Low Risk,No
Research & Development,Research Scientist,44,3420,2,No,2,45,Medium Risk,No
Sales,Sales Executive,33,4373,1,No,3,25,Medium Risk,No
Sales,Sales Executive,34,4759,1,No,3,25,Medium Risk,No
Sales,Sales Executive,30,5301,3,No,2,20,Low Risk,No
Research & Development,Laboratory Technician,42,3673,4,No,3,25,Medium Risk,No
Sales,Sales Executive,44,4768,3,No,2,35,Medium Risk,No
Research & Development,Research Scientist,30,1274,3,No,2,30,Medium Risk,No
Research & Development,Research Scientist,57,4900,3,No,2,35,Medium Risk,No
Research & Development,Healthcare Representative,49,10466,2,No,3,25,Medium Risk,No
Research & Development,Research Director,34,17007,1,No,2,70,High Risk,No
Sales,Sales Representative,28,2909,3,No,4,25,Medium Risk,Yes
Sales,Sales Executive,29,5765,2,No,1,60,High Risk,Yes
Sales,Sales Executive,34,4599,2,Yes,4,70,High Risk,Yes
Sales,Sales Representative,35,2404,3,No,3,10,Low Risk,No
Research & Development,Laboratory Technician,24,3172,1,Yes,2,80,High Risk,Yes
Sales,Sales Representative,24,2033,2,No,3,35,Medium Risk,No
Research & Development,Manufacturing Director,44,10209,3,Yes,2,55,High Risk,No
Sales,Sales Executive,29,8620,3,No,3,0,Low Risk,No
Human Resources,Human Resources,30,2064,3,No,4,10,Low Risk,No
Research & Development,Healthcare Representative,55,4035,3,Yes,3,20,Low Risk,No
Research & Development,Laboratory Technician,33,3838,2,No,3,40,Medium Risk,No
Sales,Sales Executive,47,4591,3,Yes,2,40,Medium Risk,No
Research & Development,Laboratory Technician,28,2561,1,No,2,55,High Risk,Yes
Research & Development,Research Scientist,28,1563,3,No,1,45,Medium Risk,No
Sales,Sales Executive,28,4898,1,No,3,25,Medium Risk,No
Research & Development,Laboratory Technician,49,4789,1,No,3,25,Medium Risk,No
Research & Development,Laboratory Technician,29,3180,2,No,3,25,Medium Risk,No
Research & Development,Manufacturing Director,28,6549,2,No,2,45,Medium Risk,No
Research & Development,Healthcare Representative,33,6388,3,Yes,3,20,Low Risk,No
Research & Development,Manager,32,11244,4,No,4,0,Low Risk,No
Research & Development,Manager,54,16032,4,No,3,15,Low Risk,No
Research & Development,Research Scientist,29,2362,1,No,1,70,High Risk,Yes
Research & Development,Research Director,44,16328,1,No,4,35,Medium Risk,No
Research & Development,Manufacturing Director,39,8376,2,No,3,40,Medium Risk,No
Sales,Manager,46,16606,2,No,4,35,Medium Risk,No
Research & Development,Healthcare Representative,35,8606,2,No,1,45,Medium Risk,No
Research & Development,Laboratory Technician,23,2272,3,No,3,25,Medium Risk,No
Research & Development,Laboratory Technician,40,2018,1,No,1,55,High Risk,Yes
Sales,Sales Executive,34,7083,3,Yes,3,30,Medium Risk,No
Research & Development,Research Scientist,31,4084,3,No,1,30,Medium Risk,Yes
Research & Development,Research Director,50,14411,4,Yes,3,30,Medium Risk,No
Sales,Sales Representative,34,2308,3,Yes,3,55,High Risk,No
Research & Development,Laboratory Technician,42,4841,2,No,3,25,Medium Risk,No
Research & Development,Research Scientist,37,4285,4,No,3,15,Low Risk,No
Research & Development,Healthcare Representative,29,9715,1,No,3,25,Medium Risk,No
Research & Development,Manufacturing Director,33,4320,2,No,3,25,Medium Risk,No
Research & Development,Research Scientist,45,2132,4,No,3,10,Low Risk,No
Research & Development,Healthcare Representative,42,10124,4,Yes,1,50,High Risk,No
Sales,Sales Executive,40,5473,1,No,4,50,High Risk,No
Research & Development,Laboratory Technician,33,5207,3,Yes,3,45,Medium Risk,No
Human Resources,Manager,40,16437,4,Yes,3,30,Medium Risk,No
Research & Development,Laboratory Technician,24,2296,1,No,3,35,Medium Risk,No
Research & Development,Healthcare Representative,40,4069,4,Yes,3,20,Low Risk,No
Research & Development,Healthcare Representative,45,7441,2,No,3,50,High Risk,No
Sales,Sales Representative,35,2430,3,No,3,35,Medium Risk,No
Research & Development,Research Scientist,32,5878,2,No,3,25,Medium Risk,No
Sales,Sales Representative,36,2644,4,Yes,2,50,High Risk,No
Sales,Sales Executive,48,6439,3,No,3,10,Low Risk,No
Research & Development,Research Scientist,29,2451,3,No,2,30,Medium Risk,No
Sales,Sales Executive,33,6392,1,No,1,60,High Risk,No
Sales,Sales Executive,30,9714,1,No,3,50,High Risk,Yes
Human Resources,Human Resources,38,6077,3,No,3,0,Low Risk,No
Research & Development,Laboratory Technician,35,2450,1,No,3,35,Medium Risk,No
Sales,Sales Executive,30,9250,2,No,3,25,Medium Risk,No
Research & Development,Laboratory Technician,35,2074,1,Yes,3,70,High Risk,Yes
Research & Development,Manufacturing Director,53,10169,4,No,3,0,Low Risk,Yes
Research & Development,Manufacturing Director,38,4855,2,No,3,25,Medium Risk,Yes
Research & Development,Research Scientist,32,4087,1,No,2,45,Medium Risk,No
Research & Development,Research Scientist,48,2367,1,No,2,65,High Risk,No
Research & Development,Research Scientist,34,2972,4,No,1,45,Medium Risk,No
Sales,Manager,55,19586,4,No,3,0,Low Risk,No
Research & Development,Research Scientist,34,5484,4,No,2,35,Medium Risk,No
Research & Development,Research Scientist,26,2061,4,No,3,25,Medium Risk,No
Sales,Sales Executive,38,9924,2,No,3,35,Medium Risk,No
Sales,Sales Executive,38,4198,2,No,4,40,Medium Risk,No
Sales,Sales Executive,36,6815,3,No,3,15,Low Risk,No
Research & Development,Laboratory Technician,29,4723,1,Yes,3,60,High Risk,No
Research & Development,Healthcare Representative,35,6142,3,Yes,3,35,Medium Risk,No
Sales,Sales Executive,39,8237,3,No,3,10,Low Risk,No
Research & Development,Healthcare Representative,29,8853,4,No,4,15,Low Risk,No
Sales,Manager,50,19331,3,Yes,3,20,Low Risk,No
Research & Development,Research Scientist,23,2073,3,No,3,10,Low Risk,No
Research & Development,Laboratory Technician,36,5562,1,Yes,3,60,High Risk,No
Research & Development,Manager,42,19613,4,No,3,0,Low Risk,No
Research & Development,Laboratory Technician,35,3407,3,No,2,45,Medium Risk,No
Research & Development,Healthcare Representative,34,5063,3,No,2,30,Medium Risk,No
Sales,Sales Executive,40,4639,1,No,3,25,Medium Risk,No
Research & Development,Laboratory Technician,43,4876,2,No,3,25,Medium Risk,No
Research & Development,Laboratory Technician,35,2690,4,No,2,30,Medium Risk,No
Sales,Manager,46,17567,1,No,1,45,Medium Risk,No
Research & Development,Laboratory Technician,28,2408,2,Yes,3,55,High Risk,Yes
Research & Development,Research Scientist,22,2814,3,Yes,2,65,High Risk,No
Research & Development,Healthcare Representative,50,11245,3,Yes,3,45,Medium Risk,No
Research & Development,Research Scientist,32,3312,4,No,3,15,Low Risk,No
Research & Development,Research Director,44,19049,4,Yes,2,55,High Risk,No
Research & Development,Research Scientist,30,2141,2,No,2,70,High Risk,No
Research & Development,Laboratory Technician,45,5769,1,Yes,3,45,Medium Risk,No
Sales,Sales Executive,45,4385,1,No,3,50,High Risk,No
Sales,Sales Executive,31,5332,1,No,3,25,Medium Risk,No
Research & Development,Manufacturing Director,36,4663,3,Yes,3,20,Low Risk,No
Research & Development,Manufacturing Director,34,4724,4,No,3,10,Low Risk,No
Research & Development,Laboratory Technician,49,3211,1,No,2,45,Medium Risk,No
Research & Development,Manufacturing Director,39,5377,1,No,3,50,High Risk,No
Research & Development,Laboratory Technician,27,4066,1,No,3,25,Medium Risk,No
Research & Development,Research Scientist,35,5208,1,No,3,40,Medium Risk,No
Research & Development,Manufacturing Director,28,4877,1,No,2,60,High Risk,No
Research & Development,Research Scientist,21,3117,4,No,3,0,Low Risk,No
Sales,Sales Representative,18,1569,4,Yes,4,45,Medium Risk,Yes
Human Resources,Manager,47,19658,3,No,3,0,Low Risk,No
Research & Development,Laboratory Technician,39,3069,3,No,3,0,Low Risk,No
Research & Development,Manufacturing Director,40,10435,3,No,3,25,Medium Risk,No
Research & Development,Healthcare Representative,35,4148,3,No,3,0,Low Risk,No
Research & Development,Manufacturing Director,37,5768,3,No,2,20,Low Risk,No
Research & Development,Manufacturing Director,39,5042,3,No,1,35,Medium Risk,No
Research & Development,Manufacturing Director,45,5770,4,No,3,0,Low Risk,No
Research & Development,Manufacturing Director,38,7756,3,Yes,4,20,Low Risk,No
Sales,Sales Executive,35,10306,1,No,3,35,Medium Risk,Yes
Research & Development,Research Scientist,37,3936,2,No,1,70,High Risk,No
Research & Development,Manufacturing Director,40,7945,4,Yes,2,40,Medium Risk,No
Human Resources,Human Resources,44,5743,4,Yes,3,35,Medium Risk,No
Research & Development,Manager,48,15202,4,No,3,0,Low Risk,No
Sales,Sales Executive,35,5440,4,Yes,2,55,High Risk,Yes
Research & Development,Research Scientist,24,3760,4,Yes,3,35,Medium Risk,No
Research & Development,Research Scientist,27,3517,3,No,3,15,Low Risk,No
Research & Development,Research Scientist,27,2580,4,No,2,30,Medium Risk,No
Research & Development,Laboratory Technician,40,2166,1,Yes,1,90,High Risk,Yes
Sales,Sales Executive,29,5869,3,No,3,0,Low Risk,No
Research & Development,Healthcare Representative,36,8008,1,No,3,40,Medium Risk,No
Research & Development,Manufacturing Director,25,5206,3,No,3,0,Low Risk,No
Research & Development,Manufacturing Director,39,5295,2,No,3,25,Medium Risk,No
Research & Development,Research Director,49,16413,2,No,3,40,Medium Risk,No
Research & Development,Research Director,50,13269,1,No,3,25,Medium Risk,No
Sales,Sales Representative,20,2783,3,No,3,10,Low Risk,No
Research & Development,Research Scientist,34,5433,2,No,3,35,Medium Risk,No
Research & Development,Laboratory Technician,36,2013,2,No,3,50,High Risk,No
Research & Development,Healthcare Representative,49,13966,3,Yes,3,20,Low Risk,No
Research & Development,Manufacturing Director,36,4374,3,No,3,0,Low Risk,No
Research & Development,Healthcare Representative,36,6842,1,No,3,25,Medium Risk,No
Research & Development,Manager,54,17426,3,No,3,25,Medium Risk,No
Research & Development,Research Director,43,17603,3,No,3,10,Low Risk,No
Sales,Sales Executive,35,4581,4,Yes,4,30,Medium Risk,Yes
Research & Development,Research Scientist,38,4735,4,No,4,0,Low Risk,No
Sales,Sales Executive,29,4187,2,Yes,2,80,High Risk,No
Sales,Sales Executive,33,5505,4,No,3,0,Low Risk,No
Research & Development,Research Scientist,32,5470,2,No,2,45,Medium Risk,No
Sales,Sales Executive,31,5476,4,No,3,15,Low Risk,No
Research & Development,Laboratory Technician,49,2587,1,Yes,2,75,High Risk,No
Research & Development,Laboratory Technician,38,2440,2,No,3,35,Medium Risk,No
Sales,Manager,47,15972,2,No,3,40,Medium Risk,No
Research & Development,Manager,49,15379,3,No,3,0,Low Risk,No
Sales,Sales Executive,41,7082,3,Yes,3,20,Low Risk,No
Sales,Sales Representative,20,2728,1,No,3,35,Medium Risk,No
Sales,Sales Executive,33,5368,4,Yes,3,20,Low Risk,No
Research & Development,Healthcare Representative,36,5347,3,No,2,35,Medium Risk,No
Human Resources,Human Resources,44,3195,4,Yes,3,20,Low Risk,No
Research & Development,Laboratory Technician,23,3989,3,Yes,3,20,Low Risk,Yes
Research & Development,Laboratory Technician,38,3306,3,No,2,20,Low Risk,No
Research & Development,Healthcare Representative,53,7005,4,No,3,15,Low Risk,No
Sales,Sales Representative,48,2655,3,Yes,3,40,Medium Risk,Yes
Research & Development,Laboratory Technician,32,1393,2,No,3,35,Medium Risk,Yes
Research & Development,Laboratory Technician,26,2570,4,No,3,20,Low Risk,No
Research & Development,Research Scientist,55,3537,2,No,3,40,Medium Risk,No
Research & Development,Laboratory Technician,34,3986,4,No,4,25,Medium Risk,No
Research & Development,Healthcare Representative,60,10883,4,No,4,0,Low Risk,No
Research & Development,Laboratory Technician,33,2028,2,No,3,50,High Risk,No
Sales,Sales Executive,37,9525,4,No,2,20,Low Risk,No
Research & Development,Research Scientist,34,2929,4,No,3,35,Medium Risk,No
Sales,Sales Representative,23,2275,4,Yes,3,30,Medium Risk,Yes
Research & Development,Healthcare Representative,44,7879,4,Yes,3,30,Medium Risk,No
Research & Development,Research Scientist,35,4930,4,Yes,4,35,Medium Risk,No
Sales,Sales Executive,43,7847,4,Yes,3,30,Medium Risk,No
Research & Development,Research Scientist,24,4401,3,No,3,0,Low Risk,No
Sales,Sales Executive,41,9241,3,No,3,10,Low Risk,No
Research & Development,Laboratory Technician,29,2974,3,No,3,10,Low Risk,No
Sales,Sales Representative,36,4502,4,No,2,30,Medium Risk,No
Research & Development,Healthcare Representative,45,10748,3,No,2,30,Medium Risk,No
Human Resources,Human Resources,24,1555,3,No,3,10,Low Risk,Yes
Sales,Sales Executive,47,12936,3,No,1,30,Medium Risk,Yes
Research & Development,Laboratory Technician,26,2305,3,No,4,10,Low Risk,No
Research & Development,Research Director,45,16704,2,No,3,35,Medium Risk,No
Research & Development,Research Scientist,32,3433,3,No,2,35,Medium Risk,No
Research & Development,Laboratory Technician,31,3477,3,No,4,15,Low Risk,No
Human Resources,Human Resources,41,6430,2,No,3,25,Medium Risk,No
Research & Development,Manufacturing Director,40,6516,1,Yes,3,60,High Risk,No
Research & Development,Laboratory Technician,24,3907,1,No,4,40,Medium Risk,No
Research & Development,Healthcare Representative,46,5562,2,No,3,25,Medium Risk,No
Research & Development,Manufacturing Director,35,6883,3,No,3,0,Low Risk,No
Research & Development,Research Scientist,30,2862,4,No,2,45,Medium Risk,No
Sales,Sales Executive,47,4978,2,No,1,45,Medium Risk,No
Sales,Sales Executive,46,10368,4,Yes,2,40,Medium Risk,No
Sales,Sales Executive,36,6134,1,Yes,3,60,High Risk,Yes
Sales,Sales Executive,32,6735,2,No,3,40,Medium Risk,Yes
Research & Development,Laboratory Technician,23,3295,2,No,1,45,Medium Risk,No
Research & Development,Manufacturing Director,31,5238,4,No,2,20,Low Risk,No
Research & Development,Laboratory Technician,39,6472,4,Yes,3,30,Medium Risk,No
Sales,Sales Executive,32,9610,3,No,1,20,Low Risk,No
Sales,Manager,40,19833,2,No,2,70,High Risk,No
Human Resources,Human Resources,45,9756,3,No,4,0,Low Risk,No
Research & Development,Research Scientist,30,4968,1,No,3,25,Medium Risk,No
Human Resources,Human Resources,24,2145,4,No,3,25,Medium Risk,No
Human Resources,Human Resources,30,2180,4,No,2,30,Medium Risk,Yes
Sales,Sales Executive,31,8346,3,No,3,15,Low Risk,No
Research & Development,Research Scientist,27,3445,4,No,2,20,Low Risk,No
Sales,Sales Representative,29,2760,2,No,3,50,High Risk,Yes
Research & Development,Healthcare Representative,29,6294,3,Yes,4,20,Low Risk,No
Sales,Sales Executive,30,7140,1,No,3,25,Medium Risk,No
Research & Development,Research Scientist,34,2932,4,Yes,3,30,Medium Risk,No
Sales,Sales Executive,33,5147,2,No,2,45,Medium Risk,No
Sales,Sales Executive,49,4507,4,No,4,0,Low Risk,No
Sales,Sales Executive,33,8564,1,Yes,2,80,High Risk,Yes
Research & Development,Laboratory Technician,38,2468,2,No,2,55,High Risk,No
Sales,Sales Executive,31,8161,3,No,3,15,Low Risk,Yes
Research & Development,Research Scientist,29,2109,1,No,3,35,Medium Risk,No
Research & Development,Healthcare Representative,30,5294,3,No,3,0,Low Risk,No
Research & Development,Research Scientist,32,2718,2,No,3,50,High Risk,No
Research & Development,Healthcare Representative,38,5811,4,Yes,3,35,Medium Risk,No
Research & Development,Research Scientist,43,2437,3,Yes,3,30,Medium Risk,Yes
Research & Development,Laboratory Technician,42,2766,2,No,2,70,High Risk,No
Research & Development,Research Director,55,19038,1,No,3,25,Medium Risk,No
Research & Development,Research Scientist,33,3055,2,No,2,45,Medium Risk,No
Research & Development,Laboratory Technician,41,2289,1,No,3,35,Medium Risk,No
Sales,Sales Executive,34,4001,3,Yes,3,20,Low Risk,No
Research & Development,Manufacturing Director,53,12965,3,Yes,2,55,High Risk,No
Human Resources,Human Resources,43,3539,4,No,3,15,Low Risk,No
Sales,Sales Executive,34,6029,4,No,3,0,Low Risk,No
Sales,Sales Representative,21,2679,2,No,3,50,High Risk,Yes
Research & Development,Laboratory Technician,38,3702,3,No,3,0,Low Risk,No
Research & Development,Laboratory Technician,22,2398,1,Yes,3,55,High Risk,Yes
Sales,Sales Executive,31,5468,4,No,3,25,Medium Risk,No
Research & Development,Manager,51,13116,3,No,3,15,Low Risk,No
Sales,Sales Executive,37,4189,2,No,3,40,Medium Risk,No
Research & Development,Research Director,46,19328,4,Yes,3,20,Low Risk,No
Research & Development,Healthcare Representative,36,8321,1,Yes,3,55,High Risk,No
Research & Development,Research Scientist,44,2342,2,Yes,2,75,High Risk,Yes
Human Resources,Human Resources,37,4071,2,No,2,55,High Risk,No
Sales,Sales Executive,35,5813,4,Yes,3,30,Medium Risk,Yes
Research & Development,Research Scientist,33,3143,1,No,3,35,Medium Risk,No
Research & Development,Research Scientist,28,2044,4,No,4,10,Low Risk,No
Research & Development,Research Director,39,13464,3,No,3,0,Low Risk,No
Sales,Sales Executive,46,7991,2,No,3,40,Medium Risk,No
Research & Development,Laboratory Technician,40,3377,1,No,2,45,Medium Risk,No
Research & Development,Healthcare Representative,42,5538,1,No,2,60,High Risk,No
Research & Development,Manufacturing Director,35,5762,4,No,3,15,Low Risk,No
Human Resources,Human Resources,38,2592,2,No,3,50,High Risk,No
Research & Development,Laboratory Technician,34,5346,1,No,2,45,Medium Risk,Yes
Research & Development,Manufacturing Director,37,4213,1,No,1,45,Medium Risk,Yes
Sales,Sales Executive,39,4127,4,No,3,0,Low Risk,No
Research & Development,Research Scientist,43,2438,3,No,2,45,Medium Risk,No
Research & Development,Healthcare Representative,41,6870,2,No,1,60,High Risk,No
Sales,Sales Executive,41,10447,3,Yes,4,30,Medium Risk,No
Research & Development,Manufacturing Director,30,9667,3,No,3,15,Low Risk,No
Human Resources,Human Resources,26,2148,2,Yes,3,55,High Risk,Yes
Research & Development,Healthcare Representative,46,8926,2,No,4,25,Medium Risk,Yes
Research & Development,Healthcare Representative,40,6513,4,No,3,0,Low Risk,No
Sales,Sales Executive,34,6799,3,No,3,25,Medium Risk,No
Sales,Manager,58,16291,2,No,2,70,High Risk,No
Research & Development,Laboratory Technician,35,2705,3,No,4,25,Medium Risk,No
Research & Development,Manufacturing Director,47,10333,2,Yes,3,55,High Risk,No
Research & Development,Healthcare Representative,40,4448,1,No,3,50,High Risk,No
Research & Development,Research Scientist,54,6854,4,No,2,20,Low Risk,No
Sales,Sales Executive,31,9637,1,No,3,40,Medium Risk,No
Research & Development,Research Scientist,28,3591,1,No,3,25,Medium Risk,No
Sales,Sales Representative,38,5405,4,Yes,2,55,High Risk,No
Sales,Sales Executive,26,4684,4,No,3,0,Low Risk,No
Research & Development,Research Director,58,15787,3,Yes,3,35,Medium Risk,No
Research & Development,Research Scientist,18,1514,3,No,1,45,Medium Risk,No
Human Resources,Human Resources,31,2956,1,No,3,35,Medium Risk,Yes
Human Resources,Human Resources,29,2335,1,Yes,3,70,High Risk,Yes
Sales,Sales Executive,45,5154,3,No,4,10,Low Risk,No
Research & Development,Research Scientist,36,6962,2,Yes,3,45,Medium Risk,No
Sales,Sales Executive,43,5675,4,No,3,25,Medium Risk,No
Research & Development,Laboratory Technician,27,2379,4,Yes,2,50,High Risk,No
Research & Development,Laboratory Technician,29,3812,4,No,4,0,Low Risk,No
Sales,Sales Executive,32,4648,4,No,4,0,Low Risk,No
Research & Development,Research Scientist,42,2936,3,No,2,30,Medium Risk,No
Research & Development,Laboratory Technician,47,2105,3,No,3,25,Medium Risk,No
Research & Development,Manufacturing Director,46,8578,4,No,2,30,Medium Risk,No
Human Resources,Human Resources,28,2706,4,No,3,10,Low Risk,No
Research & Development,Healthcare Representative,29,6384,3,No,3,0,Low Risk,No
Research & Development,Laboratory Technician,42,3968,3,No,3,0,Low Risk,No
Sales,Sales Executive,32,9907,2,Yes,2,65,High Risk,Yes
Sales,Sales Executive,46,13225,1,No,3,40,Medium Risk,No
Sales,Sales Representative,27,3540,3,No,3,25,Medium Risk,No
Human Resources,Human Resources,29,2804,2,No,3,35,Medium Risk,No
Research & Development,Manager,43,19392,3,No,3,25,Medium Risk,No
Research & Development,Research Director,48,19665,2,No,3,35,Medium Risk,No
Research & Development,Research Scientist,29,2439,4,Yes,2,50,High Risk,Yes
Sales,Sales Executive,46,7314,2,No,3,25,Medium Risk,Yes
Research & Development,Research Scientist,27,4774,1,No,2,55,High Risk,No
Research & Development,Research Scientist,39,3902,4,No,3,0,Low Risk,No
Research & Development,Research Scientist,55,2662,4,No,4,25,Medium Risk,No
Sales,Sales Representative,28,2856,2,No,3,50,High Risk,No
Sales,Sales Representative,30,1081,4,No,2,45,Medium Risk,Yes
Research & Development,Research Scientist,22,2472,2,Yes,3,55,High Risk,Yes
Sales,Sales Executive,36,5673,3,Yes,3,35,Medium Risk,No
Research & Development,Laboratory Technician,31,4197,3,No,3,15,Low Risk,No
Sales,Sales Executive,34,9713,4,Yes,3,20,Low Risk,No
Research & Development,Laboratory Technician,29,2062,1,No,3,35,Medium Risk,No
Research & Development,Research Scientist,37,4284,1,Yes,3,45,Medium Risk,No
Research & Development,Manufacturing Director,35,4788,2,Yes,3,45,Medium Risk,No
Research & Development,Manufacturing Director,45,5906,4,No,2,35,Medium Risk,No
Human Resources,Human Resources,36,3886,4,No,2,35,Medium Risk,No
Research & Development,Manager,40,16823,1,No,3,50,High Risk,No
Research & Development,Research Scientist,26,2933,3,Yes,2,65,High Risk,No
Sales,Sales Executive,27,6500,3,No,2,35,Medium Risk,No
Research & Development,Manager,48,17174,4,No,3,10,Low Risk,No
Research & Development,Healthcare Representative,44,5033,1,No,3,40,Medium Risk,No
Research & Development,Research Scientist,34,2307,1,Yes,3,55,High Risk,Yes
Research & Development,Laboratory Technician,56,2587,4,No,3,25,Medium Risk,Yes
Sales,Sales Executive,36,5507,2,No,1,45,Medium Risk,No
Sales,Sales Executive,41,4393,2,No,3,25,Medium Risk,No
Research & Development,Research Director,42,13348,1,No,4,35,Medium Risk,No
Sales,Sales Executive,31,6583,4,Yes,3,20,Low Risk,No
Sales,Sales Executive,34,8103,4,Yes,2,40,Medium Risk,No
Research & Development,Laboratory Technician,31,3978,3,No,2,35,Medium Risk,No
Research & Development,Laboratory Technician,26,2544,4,No,3,20,Low Risk,No
Research & Development,Healthcare Representative,45,5399,3,No,3,15,Low Risk,No
Sales,Sales Executive,33,5487,3,No,2,35,Medium Risk,No
Sales,Sales Executive,28,6834,4,Yes,3,20,Low Risk,No
Sales,Sales Representative,29,1091,1,No,3,35,Medium Risk,Yes
Sales,Sales Executive,39,5736,3,No,3,15,Low Risk,No
Research & Development,Research Scientist,27,2226,2,No,2,70,High Risk,No
Research & Development,Research Scientist,34,5747,4,Yes,3,30,Medium Risk,No
Sales,Sales Executive,28,9854,3,Yes,3,20,Low Risk,Yes
Research & Development,Research Scientist,47,5467,2,No,4,25,Medium Risk,No
Sales,Sales Executive,56,5380,1,No,3,25,Medium Risk,No
Research & Development,Manufacturing Director,39,5151,1,No,3,50,High Risk,No
Research & Development,Research Scientist,38,2133,2,Yes,3,55,High Risk,No
Sales,Manager,58,17875,4,Yes,2,40,Medium Risk,No
Research & Development,Research Scientist,32,2432,3,Yes,3,45,Medium Risk,Yes
Research & Development,Research Scientist,38,4771,4,No,4,15,Low Risk,No
Research & Development,Research Director,49,19161,4,No,3,25,Medium Risk,No
Sales,Sales Executive,42,5087,4,Yes,3,35,Medium Risk,No
Human Resources,Human Resources,27,2863,2,No,3,50,High Risk,Yes
Sales,Sales Executive,35,5561,1,No,1,60,High Risk,No
Research & Development,Research Scientist,28,2144,3,No,2,30,Medium Risk,No
Research & Development,Research Scientist,31,3065,1,Yes,4,45,Medium Risk,No
Research & Development,Laboratory Technician,36,2810,2,No,3,50,High Risk,No
Sales,Sales Executive,34,9888,4,No,2,35,Medium Risk,No
Sales,Sales Executive,34,8628,3,No,2,20,Low Risk,No
Research & Development,Laboratory Technician,26,2867,1,No,2,65,High Risk,No
Research & Development,Healthcare Representative,29,5373,1,No,2,60,High Risk,No
Research & Development,Healthcare Representative,32,6667,4,No,3,0,Low Risk,No
Research & Development,Research Scientist,31,5003,1,No,3,35,Medium Risk,No
Research & Development,Laboratory Technician,28,2367,4,No,2,30,Medium Risk,Yes
Sales,Sales Representative,38,2858,1,No,2,70,High Risk,No
Sales,Sales Executive,35,5204,4,Yes,3,20,Low Risk,No
Sales,Sales Executive,27,4105,4,No,3,0,Low Risk,No
Research & Development,Manufacturing Director,32,9679,4,No,3,0,Low Risk,No
Sales,Sales Executive,31,5617,4,Yes,3,35,Medium Risk,Yes
Sales,Sales Executive,53,10448,1,Yes,2,80,High Risk,Yes
Research & Development,Research Scientist,54,2897,3,No,2,45,Medium Risk,No
Research & Development,Healthcare Representative,33,5968,3,No,3,0,Low Risk,No
Research & Development,Healthcare Representative,43,7510,3,No,3,15,Low Risk,No
Human Resources,Human Resources,38,2991,2,Yes,3,55,High Risk,No
Human Resources,Manager,55,19636,2,Yes,3,45,Medium Risk,No
Research & Development,Laboratory Technician,31,1129,4,Yes,3,30,Medium Risk,No
Sales,Sales Executive,39,13341,1,No,3,50,High Risk,No
Research & Development,Research Scientist,42,4332,3,No,3,0,Low Risk,No
Research & Development,Research Director,31,11031,3,No,4,10,Low Risk,No
Research & Development,Manufacturing Director,54,4440,1,Yes,3,45,Medium Risk,No
Research & Development,Healthcare Representative,24,4617,3,No,2,35,Medium Risk,No
Research & Development,Laboratory Technician,23,2647,4,No,4,10,Low Risk,No
Research & Development,Laboratory Technician,40,6323,3,No,4,10,Low Risk,No
Sales,Sales Executive,40,5677,2,No,3,50,High Risk,No
Human Resources,Human Resources,25,2187,2,No,3,35,Medium Risk,No
Research & Development,Laboratory Technician,30,3748,2,No,2,45,Medium Risk,No
Research & Development,Laboratory Technician,25,3977,3,Yes,2,40,Medium Risk,No
Research & Development,Healthcare Representative,47,8633,3,No,3,25,Medium Risk,No
Research & Development,Laboratory Technician,33,2008,3,No,2,45,Medium Risk,No
Sales,Sales Executive,38,4440,2,No,3,35,Medium Risk,No
Sales,Sales Representative,31,3067,3,No,3,15,Low Risk,No
Research & Development,Manufacturing Director,38,5321,3,No,3,25,Medium Risk,No
Research & Development,Research Scientist,42,5410,1,Yes,2,65,High Risk,No
Research & Development,Research Scientist,41,2782,4,No,3,10,Low Risk,No
Research & Development,Research Director,47,11957,2,No,1,55,High Risk,No
Research & Development,Laboratory Technician,35,2660,3,Yes,3,30,Medium Risk,No
Research & Development,Research Scientist,22,3375,3,No,4,0,Low Risk,No
Research & Development,Research Scientist,35,5098,3,No,3,15,Low Risk,No
Research & Development,Healthcare Representative,33,4878,4,Yes,3,45,Medium Risk,No
Research & Development,Laboratory Technician,32,2837,2,No,3,45,Medium Risk,No
Research & Development,Laboratory Technician,40,2406,4,No,2,45,Medium Risk,No
Sales,Sales Representative,32,2269,2,No,3,50,High Risk,No
Research & Development,Research Scientist,39,4108,4,No,3,15,Low Risk,No
Research & Development,Research Director,38,13206,3,No,3,15,Low Risk,No
Sales,Sales Executive,32,10422,4,No,3,10,Low Risk,No
Research & Development,Research Director,37,13744,4,Yes,3,30,Medium Risk,No
Sales,Sales Executive,25,4907,3,Yes,2,55,High Risk,No
Sales,Sales Representative,52,3482,4,No,2,35,Medium Risk,No
Research & Development,Research Scientist,44,2436,4,Yes,3,45,Medium Risk,No
Sales,Sales Representative,21,2380,1,Yes,3,55,High Risk,No
Research & Development,Manager,39,19431,4,No,2,20,Low Risk,No
Sales,Sales Representative,23,1790,1,No,2,55,High Risk,Yes
Sales,Sales Executive,36,7644,4,No,3,15,Low Risk,No
Research & Development,Manufacturing Director,36,5131,2,No,3,25,Medium Risk,No
Research & Development,Healthcare Representative,56,6306,3,No,2,20,Low Risk,No
Research & Development,Research Scientist,29,4787,4,Yes,4,35,Medium Risk,Yes
Research & Development,Manager,42,18880,3,No,2,45,Medium Risk,No
Research & Development,Laboratory Technician,56,2339,3,No,1,40,Medium Risk,Yes
Research & Development,Manufacturing Director,41,13570,2,No,3,40,Medium Risk,No
Sales,Sales Executive,34,6712,3,No,3,0,Low Risk,No
Sales,Sales Executive,36,5406,4,No,2,30,Medium Risk,No
Sales,Sales Executive,41,8938,2,No,3,25,Medium Risk,No
Research & Development,Research Scientist,32,2439,1,No,3,35,Medium Risk,No
Human Resources,Human Resources,35,8837,4,Yes,3,20,Low Risk,No
Sales,Sales Executive,38,5343,4,No,3,15,Low Risk,No
Sales,Sales Executive,50,6728,3,No,3,15,Low Risk,Yes
Sales,Sales Executive,36,6652,4,No,2,35,Medium Risk,No
Sales,Sales Executive,45,4850,3,No,3,0,Low Risk,No
Research & Development,Research Scientist,40,2809,3,No,3,10,Low Risk,No
Research & Development,Healthcare Representative,35,5689,3,Yes,4,20,Low Risk,No
Research & Development,Research Scientist,40,2001,3,No,3,10,Low Risk,No
Research & Development,Research Scientist,35,2977,4,No,3,10,Low Risk,No
Research & Development,Laboratory Technician,29,4025,2,Yes,3,45,Medium Risk,No
Research & Development,Research Scientist,29,3785,1,No,1,45,Medium Risk,No
Sales,Sales Executive,50,10854,1,Yes,3,45,Medium Risk,Yes
Sales,Sales Executive,39,12031,4,No,2,45,Medium Risk,No
Research & Development,Manufacturing Director,31,9936,1,No,3,40,Medium Risk,No
Sales,Sales Representative,26,2966,3,No,3,10,Low Risk,No
Research & Development,Laboratory Technician,36,2571,4,No,3,10,Low Risk,No
Research & Development,Healthcare Representative,39,9991,1,No,3,25,Medium Risk,No
Research & Development,Manufacturing Director,27,6142,2,Yes,3,60,High Risk,No
Sales,Sales Executive,49,5390,2,No,2,45,Medium Risk,No
Research & Development,Laboratory Technician,34,4404,3,No,4,15,Low Risk,No
