overall_rating,pros_sentiment,cons_sentiment,pros_sentiment_score,cons_sentiment_score,overall_sentiment
4,Positive,Negative,0.7269,-0.571,Positive
1,Neutral,Negative,0.0,-0.3283,Negative
4,Positive,Positive,0.5267,0.2235,Positive
4,Neutral,Negative,0.0,-0.296,Negative
4,Positive,Negative,0.3612,-0.5216,Negative
4,Positive,Negative,0.92,-0.3818,Positive
4,Positive,Neutral,0.5994,0.0,Positive
5,Positive,Neutral,0.765,0.0,Positive
3,Positive,Negative,0.6249,-0.2263,Positive
5,Positive,Neutral,0.4404,0.0,Positive
4,Positive,Negative,0.4404,-0.296,Positive
3,Positive,Positive,0.6369,0.5023,Positive
3,Positive,Negative,0.312,-0.5719,Negative
4,Positive,Positive,0.4215,0.2263,Positive
4,Positive,Negative,0.7906,-0.2732,Positive
4,Positive,Positive,0.5859,0.4404,Positive
3,Positive,Negative,0.3612,-0.4449,Positive
4,Positive,Positive,0.9423,0.4404,Positive
4,Positive,Negative,0.765,-0.1027,Positive
4,Positive,Positive,0.7506,0.4005,Positive
2,Neutral,Negative,0.0,-0.34,Negative
5,Positive,Negative,0.8271,-0.296,Positive
3,Positive,Negative,0.4404,-0.6072,Negative
5,Positive,Negative,0.3818,-0.296,Positive
3,Positive,Negative,0.8658,-0.9783,Negative
1,Positive,Positive,0.5719,0.5267,Positive
4,Positive,Negative,0.6705,-0.296,Positive
4,Positive,Negative,0.9545,-0.4976,Positive
2,Neutral,Negative,0.0,-0.6597,Negative
2,Positive,Negative,0.7964,-0.6517,Positive
5,Positive,Positive,0.9606,0.6682,Positive
4,Positive,Negative,0.6872,-0.2755,Positive
3,Neutral,Negative,0.0,-0.8126,Negative
3,Negative,Positive,-0.7906,0.5729,Negative
5,Positive,Negative,0.8074,-0.3182,Positive
2,Positive,Negative,0.7184,-0.9684,Negative
2,Neutral,Positive,0.0,0.5563,Positive
3,Positive,Neutral,0.9242,0.0,Positive
4,Positive,Neutral,0.6249,0.0,Positive
3,Positive,Neutral,0.3818,0.0,Positive
4,Positive,Negative,0.4404,-0.4449,Neutral
3,Positive,Neutral,0.7964,0.0,Positive
4,Positive,Positive,0.4404,0.5106,Positive
4,Positive,Negative,0.9413,-0.4404,Positive
5,Positive,Negative,0.2263,-0.3612,Positive
5,Positive,Negative,0.7717,-0.296,Positive
4,Positive,Negative,0.6249,-0.1027,Positive
4,Positive,Positive,0.9411,0.5267,Positive
4,Positive,Neutral,0.936,0.0,Positive
4,Positive,Positive,0.3612,0.3134,Positive
2,Positive,Negative,0.4927,-0.1027,Positive
4,Neutral,Positive,0.0,0.1779,Positive
4,Positive,Neutral,0.8885,0.0,Positive
1,Positive,Negative,0.8689,-0.3182,Positive
4,Positive,Negative,0.437,-0.5859,Negative
4,Positive,Positive,0.7184,0.3182,Positive
3,Positive,Positive,0.7964,0.3818,Positive
4,Positive,Positive,0.9273,0.3182,Positive
4,Positive,Negative,0.9096,-0.4767,Positive
3,Positive,Positive,0.8399,0.1027,Positive
4,Positive,Neutral,0.7832,0.0,Positive
4,Positive,Negative,0.7224,-0.4767,Positive
5,Positive,Neutral,0.8481,0.0,Positive
4,Positive,Positive,0.6369,0.5106,Positive
4,Positive,Negative,0.8519,-0.5216,Positive
3,Positive,Positive,0.5256,0.1326,Positive
3,Positive,Positive,0.8271,0.1779,Positive
2,Positive,Positive,0.6249,0.3818,Positive
4,Negative,Neutral,-0.3182,0.0,Negative
3,Positive,Positive,0.4588,0.4939,Positive
1,Neutral,Neutral,0.0,0.0258,Negative
4,Positive,Positive,0.7906,0.0516,Positive
4,Positive,Neutral,0.8979,0.0,Positive
5,Positive,Neutral,0.4019,0.0,Positive
5,Positive,Positive,0.9887,0.0999,Positive
4,Positive,Neutral,0.4404,0.0,Positive
5,Positive,Neutral,0.6369,0.0,Positive
4,Positive,Neutral,0.3818,0.0,Positive
1,Negative,Negative,-0.4023,-0.8555,Negative
3,Positive,Negative,0.7717,-0.2263,Positive
1,Neutral,Negative,0.0,-0.9199,Negative
4,Positive,Positive,0.4404,0.25,Positive
3,Positive,Negative,0.6486,-0.4588,Positive
4,Positive,Neutral,0.9411,0.0,Positive
5,Positive,Negative,0.7845,-0.4226,Positive
5,Positive,Negative,0.7713,-0.1027,Positive
3,Positive,Negative,0.6486,-0.0516,Positive
3,Positive,Negative,0.7351,-0.296,Positive
5,Positive,Neutral,0.7906,0.0,Positive
5,Positive,Positive,0.9839,0.1779,Positive
1,Positive,Negative,0.3818,-0.1531,Positive
2,Positive,Neutral,0.6249,0.0,Positive
3,Positive,Positive,0.836,0.7512,Positive
4,Negative,Neutral,-0.2023,0.0,Positive
5,Positive,Positive,0.9729,0.9268,Positive
4,Positive,Negative,0.8384,-0.2235,Positive
4,Neutral,Neutral,0.0,0.0,Positive
3,Positive,Positive,0.743,0.25,Positive
3,Positive,Negative,0.5106,-0.1779,Negative
2,Positive,Positive,0.872,0.5152,Positive
1,Negative,Negative,-0.7449,-0.7269,Negative
5,Positive,Neutral,0.6249,0.0,Positive
3,Positive,Neutral,0.6908,-0.0083,Positive
3,Positive,Neutral,0.9136,0.0,Positive
1,Negative,Positive,-0.1531,0.5423,Positive
5,Positive,Negative,0.4215,-0.1027,Negative
5,Positive,Positive,0.9022,0.4215,Positive
4,Positive,Neutral,0.2944,0.0,Positive
5,Positive,Neutral,0.34,0.0,Positive
5,Neutral,Negative,0.0,-0.2732,Negative
5,Positive,Positive,0.9448,0.25,Positive
5,Positive,Positive,0.9919,0.9438,Positive
4,Positive,Positive,0.6249,0.3612,Positive
4,Positive,Negative,0.9509,-0.5563,Positive
4,Positive,Positive,0.91,0.128,Positive
5,Positive,Negative,0.6369,-0.3612,Positive
1,Neutral,Negative,0.0,-0.9466,Negative
5,Positive,Neutral,0.8791,-0.0258,Positive
3,Negative,Positive,-0.296,0.4215,Positive
4,Positive,Positive,0.7783,0.4939,Positive
5,Positive,Positive,0.8834,0.144,Positive
4,Positive,Negative,0.4215,-0.1027,Positive
1,Positive,Positive,0.5106,0.6261,Positive
3,Negative,Negative,-0.3818,-0.9304,Negative
5,Positive,Negative,0.8625,-0.3744,Positive
1,Positive,Positive,0.1471,0.6976,Positive
3,Positive,Positive,0.7137,0.3182,Positive
5,Positive,Negative,0.8479,-0.296,Positive
5,Positive,Negative,0.6369,-0.5413,Positive
2,Neutral,Neutral,0.0,0.0,Negative
4,Negative,Negative,-0.2023,-0.296,Negative
1,Neutral,Negative,0.0,-0.8609,Negative
5,Positive,Negative,0.9726,-0.4215,Positive
5,Positive,Negative,0.7579,-0.2263,Positive
5,Positive,Positive,0.7906,0.3252,Positive
3,Positive,Positive,0.4404,0.128,Neutral
3,Positive,Negative,0.6486,-0.1027,Positive
3,Positive,Negative,0.9349,-0.6386,Positive
4,Neutral,Positive,0.0,0.5824,Positive
1,Neutral,Negative,0.0,-0.802,Negative
1,Negative,Negative,-0.296,-0.6367,Negative
5,Positive,Positive,0.7845,0.4404,Positive
4,Neutral,Positive,0.0,0.3182,Positive
2,Positive,Negative,0.4939,-0.1027,Positive
4,Positive,Negative,0.8316,-0.5423,Positive
3,Positive,Positive,0.4404,0.3818,Positive
4,Positive,Negative,0.5859,-0.1027,Positive
4,Positive,Positive,0.7003,0.4588,Positive
3,Neutral,Negative,-0.0018,-0.3384,Positive
4,Positive,Negative,0.0772,-0.4215,Positive
5,Positive,Positive,0.7906,0.6597,Positive
4,Positive,Neutral,0.7783,0.0,Positive
3,Positive,Negative,0.9501,-0.5216,Positive
2,Neutral,Negative,0.0,-0.7351,Negative
5,Positive,Positive,0.5859,0.3612,Positive
5,Positive,Neutral,0.923,0.015,Positive
5,Positive,Positive,0.6249,0.3818,Positive
3,Positive,Negative,0.9517,-0.0887,Positive
3,Positive,Positive,0.2263,0.7096,Positive
5,Positive,Positive,0.9393,0.7711,Positive
3,Positive,Positive,0.7645,0.4767,Positive
3,Positive,Neutral,0.9246,0.0,Positive
5,Positive,Neutral,0.6249,0.0,Positive
4,Positive,Negative,0.4404,-0.296,Positive
5,Positive,Negative,0.7003,-0.4149,Positive
3,Positive,Neutral,0.7003,0.0,Positive
1,Positive,Neutral,0.1012,0.0,Positive
2,Positive,Negative,0.7964,-0.0772,Positive
5,Positive,Negative,0.8555,-0.4201,Positive
4,Positive,Positive,0.6249,0.5574,Positive
1,Positive,Positive,0.3612,0.4215,Positive
3,Positive,Negative,0.8658,-0.4767,Positive
5,Positive,Negative,0.6249,-0.2732,Positive
3,Neutral,Negative,0.0,-0.3818,Negative
4,Positive,Neutral,0.9413,0.0,Positive
4,Negative,Negative,-0.875,-0.3252,Negative
2,Positive,Negative,0.7906,-0.7579,Positive
4,Positive,Negative,0.8805,-0.505,Positive
2,Positive,Positive,0.6705,0.2782,Positive
5,Positive,Negative,0.8434,-0.6077,Positive
5,Positive,Positive,0.7351,0.3612,Positive
5,Positive,Negative,0.9698,-0.2755,Positive
5,Positive,Positive,0.4404,0.3818,Positive
5,Positive,Neutral,0.8165,0.0,Positive
4,Positive,Neutral,0.4767,0.0,Positive
1,Neutral,Negative,0.0,-0.2144,Negative
4,Positive,Neutral,0.8481,0.0,Positive
5,Positive,Neutral,0.8481,0.0,Positive
3,Positive,Neutral,0.4404,0.0,Negative
5,Positive,Positive,0.6369,0.1877,Positive
2,Positive,Negative,0.7276,-0.2037,Positive
3,Positive,Negative,0.8625,-0.3412,Positive
4,Positive,Negative,0.8126,-0.1027,Positive
4,Positive,Negative,0.4215,-0.34,Positive
2,Positive,Negative,0.4215,-0.7391,Negative
4,Positive,Negative,0.4404,-0.6711,Negative
4,Positive,Negative,0.9042,-0.5574,Positive
3,Positive,Positive,0.4588,0.2023,Positive
4,Positive,Neutral,0.3818,0.0,Positive
4,Positive,Positive,0.8074,0.1779,Positive
5,Positive,Positive,0.967,0.5698,Positive
4,Positive,Negative,0.91,-0.5106,Positive
5,Positive,Neutral,0.9501,0.0,Positive
1,Positive,Positive,0.8687,0.3013,Positive
4,Positive,Positive,0.763,0.4482,Positive
4,Positive,Positive,0.7967,0.4215,Positive
5,Positive,Neutral,0.7003,0.0,Positive
4,Positive,Negative,0.9493,-0.2846,Positive
4,Positive,Positive,0.4215,0.3818,Positive
4,Positive,Positive,0.8481,0.4215,Positive
2,Positive,Negative,0.4404,-0.8316,Negative
5,Positive,Neutral,0.5994,0.0,Positive
3,Neutral,Neutral,0.0,0.0,Positive
4,Positive,Positive,0.25,0.477,Positive
4,Positive,Negative,0.765,-0.4588,Positive
2,Positive,Negative,0.6705,-0.296,Positive
5,Positive,Negative,0.8553,-0.128,Positive
3,Positive,Neutral,0.7184,0.0,Positive
4,Positive,Neutral,0.6249,0.0,Positive
4,Positive,Negative,0.7579,-0.2023,Positive
2,Positive,Negative,0.701,-0.4767,Positive
2,Positive,Negative,0.6908,-0.1119,Positive
3,Positive,Negative,0.8316,-0.6324,Positive
4,Positive,Neutral,0.3818,0.0,Positive
5,Positive,Positive,0.9577,0.8807,Positive
4,Positive,Positive,0.3818,0.7003,Positive
3,Positive,Negative,0.8519,-0.3865,Positive
5,Positive,Negative,0.6249,-0.296,Positive
3,Positive,Positive,0.93,0.0772,Positive
5,Positive,Negative,0.9524,-0.296,Positive
3,Positive,Negative,0.8316,-0.3612,Positive
3,Positive,Negative,0.2809,-0.3466,Negative
5,Positive,Negative,0.5106,-0.3274,Positive
1,Negative,Negative,-0.4186,-0.3595,Negative
2,Positive,Negative,0.91,-0.8176,Positive
5,Positive,Negative,0.6597,-0.1695,Positive
5,Positive,Neutral,0.5859,0.0,Positive
4,Positive,Neutral,0.6908,0.0,Positive
4,Positive,Neutral,0.4019,0.0,Positive
5,Positive,Negative,0.7269,-0.3595,Positive
5,Positive,Negative,0.6249,-0.1027,Positive
4,Positive,Negative,0.6369,-0.296,Positive
4,Positive,Negative,0.6901,-0.3612,Positive
3,Positive,Negative,0.8316,-0.7096,Positive
5,Positive,Neutral,0.7184,0.0276,Positive
1,Negative,Positive,-0.4767,0.0701,Negative
5,Positive,Negative,0.8885,-0.3875,Positive
5,Positive,Neutral,0.9076,0.0,Positive
3,Positive,Negative,0.69,-0.7425,Negative
4,Positive,Negative,0.926,-0.3612,Positive
5,Positive,Negative,0.8977,-0.4449,Positive
4,Positive,Negative,0.9022,-0.0516,Positive
5,Positive,Positive,0.4404,0.3818,Positive
5,Positive,Negative,0.4927,-0.3612,Positive
3,Positive,Positive,0.8742,0.3892,Positive
1,Neutral,Negative,0.0,-0.0803,Negative
5,Positive,Positive,0.7346,0.4404,Positive
5,Positive,Positive,0.7845,0.34,Positive
3,Positive,Negative,0.7003,-0.3818,Positive
5,Positive,Neutral,0.8225,0.0,Positive
5,Positive,Neutral,0.4404,0.0,Positive
4,Positive,Positive,0.3691,0.9485,Positive
4,Positive,Positive,0.9136,0.2304,Positive
5,Positive,Positive,0.9217,0.3089,Positive
4,Positive,Negative,0.5842,-0.3612,Positive
1,Positive,Neutral,0.4404,0.0,Positive
1,Positive,Negative,0.2263,-0.6908,Negative
3,Positive,Negative,0.936,-0.8899,Negative
2,Positive,Negative,0.7003,-0.3865,Positive
4,Neutral,Neutral,0.0,0.0,Neutral
5,Positive,Positive,0.6705,0.2263,Positive
4,Positive,Neutral,0.4939,0.0,Positive
4,Positive,Negative,0.6705,-0.3612,Positive
4,Positive,Negative,0.8553,-0.9556,Negative
3,Positive,Negative,0.8834,-0.3632,Positive
1,Neutral,Negative,0.0,-0.9431,Negative
4,Positive,Positive,0.296,0.3626,Positive
4,Positive,Negative,0.2263,-0.5216,Positive
5,Positive,Neutral,0.5859,0.0,Positive
3,Positive,Positive,0.4404,0.7184,Positive
4,Positive,Positive,0.4588,0.3832,Positive
5,Positive,Neutral,0.8591,0.0,Positive
3,Positive,Neutral,0.6908,0.0,Positive
3,Positive,Positive,0.296,0.3197,Positive
1,Neutral,Positive,0.0,0.4404,Positive
4,Positive,Negative,0.9217,-0.8717,Positive
4,Positive,Positive,0.296,0.5829,Positive
4,Positive,Neutral,0.9042,0.0,Positive
3,Positive,Negative,0.9117,-0.6239,Positive
3,Positive,Neutral,0.7717,0.0,Positive
2,Neutral,Negative,0.0,-0.6814,Negative
4,Positive,Negative,0.4588,-0.3612,Positive
4,Positive,Negative,0.8225,-0.1027,Positive
3,Positive,Negative,0.899,-0.4215,Positive
5,Positive,Neutral,0.6705,0.0,Positive
5,Positive,Negative,0.2944,-0.3412,Negative
3,Neutral,Positive,0.0,0.6369,Positive
3,Positive,Neutral,0.6486,0.0,Positive
1,Positive,Negative,0.7579,-0.9302,Negative
3,Positive,Positive,0.8779,0.4019,Positive
3,Positive,Positive,0.8957,0.6786,Positive
4,Positive,Negative,0.3818,-0.1027,Positive
4,Positive,Neutral,0.7964,0.0,Positive
5,Positive,Positive,0.8834,0.741,Positive
2,Positive,Negative,0.6705,-0.5574,Positive
3,Positive,Negative,0.6808,-0.7425,Positive
5,Positive,Negative,0.8849,-0.2732,Positive
4,Positive,Negative,0.8766,-0.1761,Positive
4,Positive,Positive,0.9312,0.1531,Positive
3,Positive,Neutral,0.6486,0.0,Positive
4,Positive,Neutral,0.6249,0.0,Positive
3,Positive,Positive,0.7351,0.6486,Positive
5,Positive,Positive,0.9535,0.3182,Positive
4,Positive,Negative,0.9246,-0.2105,Positive
5,Positive,Negative,0.8658,-0.2607,Positive
5,Positive,Neutral,0.9231,0.0,Positive
3,Positive,Negative,0.9535,-0.4215,Positive
2,Positive,Negative,0.8832,-0.5106,Positive
2,Positive,Neutral,0.296,-0.024,Negative
5,Positive,Negative,0.9062,-0.3818,Positive
5,Positive,Neutral,0.8,0.0,Positive
4,Positive,Negative,0.9673,-0.2077,Positive
3,Positive,Negative,0.886,-0.9057,Negative
2,Positive,Positive,0.765,0.7216,Positive
3,Neutral,Negative,0.0,-0.2263,Negative
4,Positive,Positive,0.4404,0.6124,Positive
1,Neutral,Positive,0.0,0.5033,Positive
4,Positive,Positive,0.6808,0.4404,Positive
3,Positive,Negative,0.7003,-0.802,Negative
5,Positive,Neutral,0.872,0.0,Positive
4,Positive,Negative,0.4404,-0.3412,Positive
4,Neutral,Neutral,0.0,0.0,Positive
4,Positive,Neutral,0.9153,-0.0217,Positive
4,Positive,Negative,0.4404,-0.6369,Positive
4,Positive,Positive,0.4404,0.3612,Positive
5,Positive,Positive,0.5719,0.6249,Positive
4,Positive,Positive,0.8126,0.4939,Positive
5,Positive,Negative,0.4404,-0.296,Positive
1,Positive,Negative,0.4019,-0.0516,Negative
3,Positive,Positive,0.9493,0.5499,Positive
5,Positive,Positive,0.7717,0.6597,Positive
3,Positive,Negative,0.6486,-0.2732,Positive
5,Positive,Neutral,0.6124,0.0,Positive
1,Positive,Positive,0.7579,0.9066,Positive
3,Positive,Negative,0.7845,-0.6698,Positive
5,Positive,Negative,0.9657,-0.3412,Positive
2,Positive,Positive,0.6808,0.0845,Neutral
1,Positive,Negative,0.6908,-0.4588,Positive
2,Positive,Negative,0.8481,-0.5719,Positive
3,Positive,Negative,0.4404,-0.4767,Negative
4,Positive,Negative,0.8676,-0.4641,Positive
4,Positive,Neutral,0.4404,0.0,Positive
5,Neutral,Positive,0.0,0.3818,Positive
1,Negative,Negative,-0.4215,-0.6437,Negative
3,Positive,Positive,0.7717,0.3182,Positive
1,Positive,Positive,0.6249,0.7889,Positive
1,Negative,Negative,-0.0826,-0.5171,Negative
4,Positive,Negative,0.743,-0.4588,Positive
5,Positive,Positive,0.891,0.2023,Positive
5,Positive,Neutral,0.8271,0.0,Positive
4,Positive,Negative,0.8885,-0.6692,Positive
2,Positive,Negative,0.296,-0.5267,Neutral
5,Positive,Negative,0.4404,-0.3182,Positive
3,Positive,Positive,0.6486,0.0697,Positive
4,Positive,Negative,0.8519,-0.296,Positive
4,Positive,Negative,0.9423,-0.3612,Positive
4,Positive,Positive,0.4939,0.3818,Positive
4,Positive,Positive,0.1531,0.1531,Positive
3,Positive,Positive,0.911,0.5574,Positive
3,Positive,Negative,0.7709,-0.5719,Positive
3,Positive,Positive,0.4404,0.6249,Positive
4,Positive,Negative,0.8478,-0.25,Positive
3,Positive,Neutral,0.3612,0.0,Positive
4,Positive,Negative,0.4404,-0.7869,Negative
2,Positive,Negative,0.4927,-0.2023,Positive
3,Positive,Neutral,0.4404,0.037,Positive
5,Positive,Negative,0.3612,-0.5327,Positive
5,Positive,Negative,0.4404,-0.296,Positive
5,Neutral,Neutral,0.0,0.0,Positive
2,Positive,Negative,0.8268,-0.1531,Positive
5,Positive,Negative,0.9001,-0.5719,Positive
5,Positive,Positive,0.9826,0.675,Positive
3,Positive,Negative,0.9765,-0.9042,Positive
4,Neutral,Neutral,0.0,0.0,Neutral
5,Positive,Positive,0.5106,0.5647,Positive
2,Positive,Negative,0.8883,-0.2732,Positive
1,Positive,Negative,0.296,-0.5574,Negative
1,Neutral,Negative,0.0,-0.9325,Negative
2,Positive,Negative,0.2263,-0.8701,Negative
5,Positive,Negative,0.7351,-0.296,Positive
3,Positive,Negative,0.4927,-0.5849,Negative
4,Positive,Negative,0.6597,-0.5994,Positive
1,Positive,Negative,0.8797,-0.2732,Positive
4,Positive,Neutral,0.7717,0.0,Positive
4,Positive,Negative,0.4404,-0.296,Positive
5,Positive,Neutral,0.8176,0.0,Positive
3,Positive,Neutral,0.5267,0.0,Negative
4,Positive,Negative,0.128,-0.1761,Neutral
4,Positive,Positive,0.765,0.2732,Positive
5,Positive,Negative,0.8834,-0.7906,Neutral
3,Positive,Positive,0.5267,0.4939,Positive
4,Positive,Negative,0.8442,-0.4023,Positive
4,Positive,Positive,0.4215,0.6478,Positive
4,Neutral,Neutral,0.0,0.0,Neutral
4,Positive,Negative,0.5106,-0.3535,Positive
4,Positive,Positive,0.7906,0.7681,Positive
4,Positive,Positive,0.5859,0.2359,Positive
5,Neutral,Neutral,-0.0,0.0,Negative
3,Positive,Negative,0.7269,-0.2628,Positive
3,Positive,Negative,0.8955,-0.3612,Positive
2,Positive,Negative,0.4404,-0.5423,Positive
3,Positive,Positive,0.6249,0.204,Positive
3,Positive,Negative,0.8442,-0.5574,Positive
4,Positive,Neutral,0.3818,0.0,Positive
4,Positive,Neutral,0.8957,0.0,Positive
4,Neutral,Negative,0.0,-0.5423,Negative
5,Positive,Negative,0.9256,-0.296,Positive
5,Positive,Positive,0.9829,0.103,Positive
4,Positive,Negative,0.8176,-0.5719,Positive
3,Positive,Negative,0.3818,-0.7269,Negative
2,Positive,Neutral,0.4404,0.0,Positive
4,Negative,Neutral,-0.1027,0.0,Negative
4,Positive,Negative,0.9584,-0.3818,Positive
5,Positive,Neutral,0.4404,0.0,Positive
3,Positive,Negative,0.6597,-0.2682,Positive
2,Positive,Neutral,0.6369,0.0,Positive
4,Positive,Positive,0.4404,0.658,Positive
5,Positive,Neutral,0.7713,0.0,Positive
3,Positive,Negative,0.8481,-0.5358,Positive
4,Positive,Negative,0.765,-0.3818,Positive
5,Positive,Neutral,0.6908,0.0,Positive
4,Positive,Negative,0.5799,-0.296,Positive
5,Positive,Neutral,0.8016,0.0,Positive
3,Positive,Neutral,0.836,0.0,Positive
4,Neutral,Neutral,0.0,0.0,Positive
4,Positive,Negative,0.2263,-0.7906,Negative
5,Positive,Neutral,0.5984,0.0,Positive
4,Positive,Positive,0.7245,0.5719,Positive
3,Positive,Negative,0.8625,-0.8016,Positive
4,Positive,Negative,0.6249,-0.2263,Positive
5,Positive,Negative,0.9517,-0.4717,Positive
4,Positive,Positive,0.6901,0.3612,Positive
3,Positive,Negative,0.6369,-0.4215,Positive
3,Positive,Negative,0.7761,-0.3089,Positive
1,Positive,Negative,0.5214,-0.296,Positive
2,Positive,Positive,0.6369,0.3612,Positive
1,Positive,Negative,0.1909,-0.1353,Neutral
5,Positive,Positive,0.9975,0.9743,Positive
5,Positive,Positive,0.6486,0.431,Positive
5,Positive,Negative,0.8658,-0.296,Positive
5,Positive,Negative,0.9949,-0.7476,Positive
2,Positive,Positive,0.6249,0.4939,Positive
5,Positive,Neutral,0.7227,-0.0083,Positive
2,Positive,Positive,0.3612,0.7003,Positive
5,Positive,Negative,0.6249,-0.0516,Positive
3,Neutral,Positive,0.0,0.1761,Positive
1,Positive,Negative,0.886,-0.8089,Positive
4,Positive,Positive,0.9153,0.1779,Positive
5,Positive,Positive,0.8271,0.6249,Positive
4,Positive,Negative,0.4754,-0.3241,Positive
4,Positive,Positive,0.7003,0.3818,Positive
3,Positive,Negative,0.4404,-0.7786,Negative
3,Positive,Positive,0.8481,0.7684,Positive
5,Positive,Neutral,0.4404,0.0,Positive
5,Positive,Negative,0.5719,-0.2732,Positive
2,Positive,Neutral,0.6908,0.0,Positive
3,Positive,Negative,0.8748,-0.4588,Positive
5,Positive,Neutral,0.8832,0.0,Positive
5,Positive,Neutral,0.6249,0.0,Positive
5,Positive,Neutral,0.8225,0.0,Positive
4,Positive,Negative,0.8221,-0.7524,Positive
5,Positive,Negative,0.9702,-0.1812,Positive
1,Positive,Negative,0.3384,-0.1027,Positive
3,Positive,Neutral,0.2263,0.0,Positive
5,Positive,Neutral,0.9245,0.0,Positive
3,Positive,Neutral,0.3818,0.0,Positive
3,Positive,Positive,0.7906,0.5994,Positive
4,Positive,Negative,0.8957,-0.6192,Positive
5,Positive,Neutral,0.8519,0.0,Positive
4,Positive,Negative,0.8834,-0.3182,Positive
5,Positive,Negative,0.7964,-0.5267,Positive
5,Positive,Neutral,0.8555,0.0,Positive
4,Positive,Negative,0.9859,-0.2484,Positive
4,Positive,Neutral,0.3818,0.0,Positive
5,Positive,Neutral,0.6249,0.0,Positive
4,Positive,Negative,0.4548,-0.1877,Positive
3,Positive,Positive,0.3818,0.296,Positive
4,Positive,Negative,0.8313,-0.552,Positive
4,Positive,Neutral,0.1531,0.0,Positive
4,Positive,Neutral,0.7096,0.0,Positive
5,Positive,Neutral,0.8933,0.0,Positive
3,Positive,Negative,0.8316,-0.296,Positive
3,Positive,Negative,0.9611,-0.9109,Positive
4,Positive,Positive,0.4404,0.3612,Positive
2,Positive,Positive,0.6597,0.9885,Positive
1,Neutral,Negative,0.0,-0.6369,Negative
4,Positive,Negative,0.5106,-0.2263,Positive
5,Positive,Positive,0.7296,0.128,Positive
5,Positive,Positive,0.8658,0.3626,Positive
5,Positive,Positive,0.8658,0.5784,Positive
3,Neutral,Negative,0.0,-0.1027,Neutral
4,Positive,Negative,0.6705,-0.296,Positive
5,Positive,Neutral,0.8074,0.0,Positive
3,Positive,Neutral,0.8442,0.0,Positive
5,Positive,Positive,0.9677,0.2263,Positive
3,Positive,Negative,0.7783,-0.4767,Positive
4,Neutral,Neutral,0.0,0.0,Positive
3,Positive,Negative,0.8126,-0.3182,Positive
5,Positive,Positive,0.8807,0.431,Positive
4,Positive,Negative,0.5562,-0.292,Neutral
5,Negative,Positive,-0.1027,0.4404,Positive
3,Positive,Negative,0.6705,-0.296,Positive
2,Positive,Negative,0.7783,-0.5859,Negative
3,Positive,Neutral,0.4404,0.0,Positive
5,Neutral,Neutral,0.0,0.0,Neutral
5,Positive,Negative,0.9201,-0.34,Positive
3,Positive,Negative,0.2263,-0.4249,Positive
5,Positive,Negative,0.872,-0.2479,Positive
4,Positive,Neutral,0.5994,0.0018,Positive
2,Positive,Negative,0.8625,-0.3182,Positive
5,Positive,Neutral,0.4019,0.0,Positive
5,Positive,Negative,0.6369,-0.4215,Positive
4,Positive,Positive,0.6249,0.5927,Positive
3,Positive,Positive,0.802,0.7269,Positive
3,Positive,Negative,0.8176,-0.1531,Positive
4,Positive,Negative,0.8126,-0.128,Positive
1,Positive,Negative,0.7184,-0.9576,Negative
4,Positive,Neutral,0.8591,0.0,Positive
5,Positive,Neutral,0.4404,0.0,Positive
3,Positive,Positive,0.8516,0.25,Positive
4,Positive,Negative,0.872,-0.4144,Positive
3,Positive,Positive,0.4019,0.0772,Positive
1,Positive,Negative,0.4404,-0.4538,Negative
2,Positive,Negative,0.9545,-0.891,Positive
3,Positive,Negative,0.7096,-0.3597,Positive
4,Positive,Positive,0.8074,0.5574,Positive
4,Neutral,Negative,0.0,-0.5423,Negative
4,Positive,Positive,0.4019,0.5574,Positive
3,Positive,Negative,0.7783,-0.7292,Positive
5,Positive,Negative,0.9759,-0.5495,Positive
3,Positive,Neutral,0.6249,0.0,Positive
2,Positive,Neutral,0.9287,0.0,Positive
5,Positive,Positive,0.802,0.2023,Positive
3,Positive,Neutral,0.296,0.0,Positive
5,Positive,Positive,0.9565,0.9131,Positive
5,Positive,Negative,0.7096,-0.1761,Positive
5,Positive,Neutral,0.9274,0.0,Positive
5,Positive,Neutral,0.7964,0.0,Positive
3,Positive,Negative,0.7783,-0.3252,Positive
5,Positive,Positive,0.3182,0.9325,Positive
5,Positive,Neutral,0.8271,0.0,Positive
3,Positive,Positive,0.3612,0.3818,Positive
5,Positive,Positive,0.8126,0.4404,Positive
4,Positive,Neutral,0.5563,0.0,Positive
4,Positive,Positive,0.7437,0.2255,Positive
4,Positive,Negative,0.6249,-0.1027,Positive
5,Positive,Negative,0.8658,-0.2732,Positive
3,Positive,Neutral,0.6549,0.0,Positive
3,Positive,Positive,0.8519,0.126,Positive
5,Negative,Negative,-0.2351,-0.3485,Negative
3,Positive,Neutral,0.6249,0.0,Positive
4,Neutral,Positive,0.0,0.4391,Positive
4,Positive,Neutral,0.7783,0.0,Positive
5,Positive,Positive,0.8074,0.4404,Positive
5,Positive,Negative,0.6808,-0.34,Positive
2,Positive,Positive,0.4404,0.296,Positive
5,Positive,Neutral,0.6369,0.0,Positive
2,Positive,Negative,0.6808,-0.296,Positive
5,Neutral,Negative,0.0,-0.34,Positive
2,Positive,Positive,0.4404,0.6634,Positive
3,Positive,Neutral,0.836,0.0,Positive
5,Positive,Neutral,0.7474,0.0,Positive
5,Positive,Negative,0.8934,-0.5432,Positive
5,Positive,Neutral,0.3182,0.0,Positive
4,Positive,Negative,0.5719,-0.3182,Negative
4,Positive,Negative,0.6249,-0.6984,Negative
2,Negative,Positive,-0.4588,0.5719,Positive
4,Positive,Neutral,0.7506,0.0,Positive
4,Positive,Negative,0.9022,-0.0516,Positive
4,Positive,Neutral,0.4404,0.0,Positive
5,Positive,Negative,0.7506,-0.296,Positive
5,Positive,Neutral,0.7579,0.0,Positive
4,Positive,Positive,0.25,0.3818,Positive
2,Positive,Negative,0.4939,-0.6115,Negative
5,Positive,Negative,0.8957,-0.3626,Positive
3,Positive,Positive,0.4404,0.6956,Positive
5,Positive,Neutral,0.7964,0.0,Positive
5,Positive,Positive,0.6908,0.6956,Positive
3,Positive,Neutral,0.6369,0.0,Positive
5,Positive,Negative,0.5859,-0.296,Positive
4,Neutral,Negative,0.0,-0.296,Positive
5,Positive,Positive,0.5994,0.4404,Positive
5,Positive,Positive,0.7579,0.4588,Positive
4,Positive,Negative,0.9641,-0.5423,Positive
4,Positive,Positive,0.8316,0.128,Positive
3,Neutral,Neutral,0.0,0.0,Neutral
5,Positive,Negative,0.9259,-0.8622,Positive
5,Positive,Neutral,0.7269,0.0,Positive
5,Negative,Positive,-0.0516,0.5423,Positive
4,Positive,Negative,0.4215,-0.2924,Positive
4,Positive,Neutral,0.4939,0.0,Positive
4,Positive,Positive,0.3818,0.3818,Positive
5,Negative,Negative,-0.3412,-0.5216,Negative
4,Positive,Negative,0.699,-0.3182,Positive
4,Positive,Positive,0.4404,0.6697,Positive
4,Positive,Positive,0.7269,0.3626,Positive
1,Positive,Positive,0.4404,0.5413,Negative
4,Neutral,Negative,0.0,-0.0772,Negative
4,Positive,Neutral,0.6335,0.0183,Positive
5,Positive,Positive,0.4019,0.5994,Positive
5,Positive,Neutral,0.8271,0.0,Positive
2,Positive,Positive,0.3818,0.296,Positive
5,Positive,Negative,0.743,-0.296,Positive
3,Neutral,Neutral,0.0,0.0,Positive
4,Positive,Neutral,0.4404,0.0,Positive
2,Positive,Positive,0.7462,0.1511,Positive
4,Positive,Neutral,0.9349,0.0,Positive
2,Positive,Positive,0.8442,0.0714,Positive
4,Positive,Negative,0.802,-0.6377,Positive
1,Positive,Neutral,0.8873,0.0258,Positive
2,Positive,Negative,0.4404,-0.5994,Positive
5,Positive,Neutral,0.9282,0.0,Positive
3,Positive,Neutral,0.4019,0.0,Positive
5,Positive,Neutral,0.5233,0.0,Positive
5,Positive,Positive,0.3818,0.2942,Positive
3,Positive,Neutral,0.7579,0.0,Positive
1,Positive,Negative,0.8977,-0.4153,Positive
4,Positive,Negative,0.8176,-0.6908,Positive
2,Positive,Negative,0.8119,-0.2535,Positive
4,Positive,Negative,0.7717,-0.1779,Positive
1,Positive,Negative,0.4404,-0.765,Negative
3,Positive,Neutral,0.6705,0.0,Positive
5,Positive,Neutral,0.5574,0.0,Positive
3,Positive,Negative,0.6908,-0.3612,Positive
4,Positive,Negative,0.296,-0.202,Positive
5,Neutral,Positive,0.0,0.7351,Positive
4,Positive,Neutral,0.6369,0.0,Positive
3,Positive,Negative,0.9432,-0.6111,Positive
2,Negative,Negative,-0.1027,-0.5994,Negative
4,Positive,Negative,0.891,-0.2271,Positive
2,Positive,Negative,0.847,-0.431,Positive
3,Positive,Negative,0.34,-0.228,Positive
5,Neutral,Neutral,0.0,0.0,Neutral
5,Positive,Negative,0.4927,-0.2263,Positive
4,Positive,Positive,0.9428,0.0772,Positive
1,Positive,Negative,0.4404,-0.6565,Negative
4,Positive,Negative,0.2732,-0.296,Neutral
5,Positive,Negative,0.6369,-0.2584,Positive
5,Positive,Neutral,0.9287,0.0,Positive
2,Neutral,Negative,0.0,-0.7305,Positive
5,Positive,Negative,0.7506,-0.1761,Positive
5,Positive,Negative,0.9153,-0.3818,Positive
5,Positive,Positive,0.9403,0.1531,Positive
4,Positive,Negative,0.9423,-0.5647,Positive
3,Negative,Positive,-0.1027,0.0772,Positive
4,Positive,Negative,0.8074,-0.7184,Positive
1,Positive,Positive,0.4215,0.765,Positive
4,Positive,Positive,0.9468,0.34,Positive
5,Positive,Positive,0.4404,0.6319,Positive
2,Positive,Negative,0.9538,-0.8595,Negative
5,Positive,Neutral,0.8224,0.0,Positive
5,Positive,Negative,0.8957,-0.4854,Positive
4,Positive,Positive,0.9125,0.5859,Positive
5,Positive,Neutral,0.8779,0.0,Positive
5,Positive,Positive,0.8555,0.6858,Positive
5,Positive,Neutral,0.296,0.0,Positive
3,Positive,Negative,0.3818,-0.296,Positive
5,Positive,Neutral,0.6249,0.0,Positive
4,Neutral,Neutral,0.0,0.0,Positive
4,Positive,Negative,0.802,-0.836,Positive
1,Positive,Positive,0.8625,0.8636,Positive
5,Positive,Negative,0.4404,-0.3412,Positive
3,Positive,Neutral,0.5423,0.0,Positive
5,Positive,Neutral,0.296,0.0,Positive
5,Positive,Positive,0.9349,0.8519,Positive
3,Positive,Positive,0.8074,0.6808,Positive
4,Positive,Neutral,0.6908,0.0,Positive
4,Positive,Negative,0.8591,-0.6808,Positive
4,Neutral,Positive,0.0,0.2263,Negative
5,Positive,Neutral,0.7964,-0.0276,Positive
3,Positive,Negative,0.9574,-0.6808,Positive
5,Positive,Neutral,0.7579,0.0,Positive
4,Positive,Neutral,0.765,0.0,Positive
3,Positive,Neutral,0.4019,0.0129,Positive
2,Positive,Negative,0.9729,-0.6478,Positive
4,Positive,Negative,0.2263,-0.128,Neutral
5,Neutral,Positive,0.0,0.5423,Positive
5,Positive,Neutral,0.8255,0.0,Positive
5,Positive,Positive,0.7783,0.1419,Positive
5,Positive,Neutral,0.7506,0.0,Positive
3,Positive,Negative,0.8535,-0.8271,Positive
4,Positive,Neutral,0.5859,0.0,Positive
4,Positive,Negative,0.6486,-0.4588,Positive
4,Positive,Neutral,0.7184,0.0,Positive
5,Positive,Positive,0.4215,0.3612,Positive
3,Positive,Positive,0.8481,0.25,Positive
4,Positive,Positive,0.3818,0.2023,Positive
3,Positive,Negative,0.4404,-0.8074,Negative
5,Positive,Positive,0.8173,0.5023,Positive
5,Positive,Negative,0.6597,-0.3182,Positive
2,Positive,Negative,0.8074,-0.296,Positive
3,Positive,Neutral,0.0772,0.0,Positive
4,Positive,Negative,0.8059,-0.128,Positive
4,Positive,Positive,0.8221,0.5719,Positive
2,Positive,Positive,0.8225,0.8608,Positive
3,Positive,Negative,0.8316,-0.4809,Positive
5,Positive,Negative,0.7964,-0.128,Positive
5,Positive,Neutral,0.9333,0.0,Positive
1,Neutral,Positive,0.0,0.2263,Negative
3,Positive,Neutral,0.6908,0.0,Positive
4,Positive,Neutral,0.8481,0.0,Positive
4,Neutral,Negative,0.0,-0.3412,Positive
2,Positive,Negative,0.7717,-0.1963,Positive
5,Positive,Positive,0.6908,0.5846,Positive
4,Positive,Positive,0.836,0.6428,Positive
5,Positive,Positive,0.8979,0.1779,Positive
3,Positive,Neutral,0.7003,0.0,Positive
3,Positive,Positive,0.0516,0.7212,Positive
2,Negative,Negative,-0.6368,-0.5764,Negative
3,Positive,Positive,0.6249,0.5106,Positive
4,Positive,Negative,0.8055,-0.6486,Positive
3,Positive,Neutral,0.4939,0.0,Positive
2,Positive,Positive,0.8271,0.4019,Positive
5,Positive,Positive,0.8481,0.872,Positive
4,Positive,Positive,0.4019,0.6908,Positive
5,Positive,Positive,0.34,0.9118,Positive
4,Positive,Positive,0.7783,0.9294,Positive
4,Neutral,Negative,0.0,-0.34,Positive
5,Positive,Neutral,0.3818,0.0,Positive
5,Positive,Positive,0.6124,0.1531,Positive
4,Positive,Negative,0.4019,-0.1761,Positive
5,Positive,Neutral,0.9468,0.0,Positive
2,Positive,Positive,0.7351,0.9672,Positive
3,Positive,Negative,0.6486,-0.584,Positive
2,Positive,Positive,0.6808,0.4767,Positive
4,Positive,Positive,0.6249,0.6249,Positive
3,Positive,Positive,0.9152,0.8444,Positive
4,Positive,Positive,0.8807,0.5423,Positive
5,Positive,Neutral,0.743,0.0,Positive
5,Positive,Negative,0.9325,-0.4939,Positive
4,Positive,Positive,0.3818,0.0772,Positive
4,Positive,Positive,0.8964,0.3818,Positive
4,Positive,Positive,0.7906,0.4939,Positive
5,Positive,Positive,0.4404,0.4404,Positive
4,Positive,Negative,0.4404,-0.2484,Positive
5,Positive,Negative,0.3818,-0.1531,Positive
5,Neutral,Positive,0.0258,0.34,Positive
4,Positive,Negative,0.5423,-0.5423,Neutral
5,Positive,Neutral,0.8519,0.0,Positive
4,Positive,Neutral,0.7096,0.0,Positive
4,Positive,Negative,0.7717,-0.3612,Positive
5,Positive,Neutral,0.3818,0.0,Positive
3,Positive,Neutral,0.7184,0.0,Positive
3,Positive,Positive,0.3818,0.4588,Positive
5,Positive,Positive,0.7783,0.431,Positive
5,Positive,Positive,0.4939,0.507,Positive
3,Positive,Negative,0.5574,-0.2263,Positive
4,Positive,Neutral,0.8115,0.0,Positive
3,Positive,Negative,0.2235,-0.4767,Positive
4,Neutral,Neutral,0.0,0.0,Neutral
4,Positive,Positive,0.9022,0.34,Positive
5,Positive,Neutral,0.7263,0.0,Positive
3,Positive,Positive,0.9622,0.4513,Positive
5,Positive,Neutral,0.6908,0.0,Positive
4,Positive,Neutral,0.7897,0.0,Positive
5,Positive,Negative,0.4927,-0.4226,Positive
5,Positive,Neutral,0.6597,0.0,Positive
4,Positive,Positive,0.4404,0.3802,Positive
4,Negative,Negative,-0.1027,-0.3612,Neutral
5,Positive,Negative,0.4767,-0.3612,Positive
5,Positive,Negative,0.5106,-0.1027,Positive
3,Positive,Negative,0.891,-0.4201,Positive
2,Positive,Negative,0.8505,-0.7184,Positive
3,Positive,Positive,0.2263,0.3602,Positive
3,Positive,Positive,0.5267,0.4019,Positive
4,Positive,Negative,0.9042,-0.3612,Positive
5,Neutral,Positive,0.0,0.6249,Positive
4,Neutral,Neutral,0.0,0.0393,Neutral
5,Positive,Positive,0.8481,0.4404,Positive
3,Positive,Positive,0.4404,0.6115,Positive
3,Neutral,Negative,0.0,-0.3384,Negative
5,Positive,Neutral,0.926,0.0,Positive
4,Positive,Negative,0.4019,-0.296,Positive
5,Positive,Neutral,0.2732,0.0,Positive
5,Positive,Negative,0.765,-0.2732,Positive
3,Positive,Negative,0.4019,-0.5574,Positive
4,Positive,Positive,0.9337,0.6167,Positive
4,Positive,Negative,0.4019,-0.296,Positive
4,Positive,Neutral,0.7845,0.0,Positive
5,Positive,Negative,0.9184,-0.477,Positive
5,Positive,Neutral,0.8126,0.0,Positive
4,Positive,Positive,0.5719,0.5972,Positive
5,Positive,Neutral,0.7506,0.0,Positive
3,Positive,Neutral,0.7506,0.0,Positive
5,Positive,Positive,0.8218,0.05,Positive
4,Neutral,Negative,0.0,-0.3182,Positive
2,Neutral,Negative,0.0,-0.6486,Negative
3,Positive,Negative,0.4404,-0.5423,Negative
3,Positive,Negative,0.4703,-0.3089,Negative
5,Positive,Negative,0.7783,-0.5859,Positive
3,Positive,Positive,0.802,0.4215,Positive
3,Positive,Neutral,0.5859,0.0,Positive
5,Positive,Negative,0.8271,-0.4439,Positive
2,Negative,Positive,-0.1027,0.1779,Positive
3,Positive,Positive,0.4404,0.3182,Positive
4,Positive,Neutral,0.4215,0.0,Positive
5,Positive,Negative,0.5719,-0.296,Positive
5,Positive,Positive,0.9267,0.4926,Positive
4,Positive,Negative,0.784,-0.3182,Positive
5,Positive,Negative,0.7717,-0.5858,Positive
4,Positive,Neutral,0.4927,0.0,Positive
1,Positive,Negative,0.5267,-0.5574,Negative
5,Positive,Positive,0.5574,0.0762,Positive
3,Positive,Negative,0.6249,-0.5423,Positive
1,Positive,Positive,0.6249,0.3818,Positive
3,Positive,Negative,0.8555,-0.5267,Positive
5,Positive,Neutral,0.9432,0.0,Positive
4,Positive,Neutral,0.6249,0.0,Positive
4,Negative,Negative,-0.2263,-0.4404,Negative
4,Positive,Positive,0.3818,0.3612,Positive
4,Positive,Negative,0.4939,-0.4082,Positive
3,Positive,Neutral,0.4404,0.0,Positive
3,Positive,Negative,0.5106,-0.7184,Negative
2,Positive,Positive,0.8779,0.7387,Positive
4,Positive,Negative,0.9493,-0.6945,Positive
5,Negative,Positive,-0.1027,0.4404,Positive
4,Positive,Positive,0.946,0.2732,Positive
4,Positive,Neutral,0.8965,0.0,Positive
4,Positive,Negative,0.836,-0.25,Positive
5,Positive,Positive,0.7414,0.2722,Positive
3,Positive,Negative,0.6705,-0.3412,Positive
4,Positive,Neutral,0.7269,0.0,Positive
3,Positive,Negative,0.4215,-0.3804,Positive
4,Negative,Negative,-0.2247,-0.4404,Negative
2,Positive,Positive,0.6997,0.4215,Positive
4,Positive,Negative,0.5994,-0.3612,Positive
5,Positive,Negative,0.9022,-0.1429,Positive
5,Positive,Neutral,0.9741,0.0,Positive
5,Positive,Positive,0.6249,0.4404,Positive
1,Negative,Positive,-0.6249,0.4404,Negative
4,Positive,Positive,0.7003,0.25,Positive
5,Positive,Negative,0.6249,-0.1027,Positive
5,Positive,Positive,0.9965,0.8338,Positive
4,Positive,Neutral,0.7717,0.0,Positive
5,Positive,Negative,0.9477,-0.5096,Positive
4,Positive,Neutral,0.0772,0.0,Positive
3,Positive,Neutral,0.5106,0.0,Positive
4,Positive,Positive,0.3818,0.3818,Positive
5,Neutral,Negative,0.0,-0.1027,Positive
5,Positive,Positive,0.6369,0.1002,Positive
1,Negative,Positive,-0.1018,0.9217,Positive
4,Neutral,Negative,0.0,-0.3089,Negative
3,Positive,Positive,0.8957,0.9333,Positive
1,Positive,Negative,0.5719,-0.1645,Positive
5,Positive,Neutral,0.4404,0.0,Positive
4,Positive,Negative,0.8834,-0.7346,Positive
3,Positive,Neutral,0.4215,-0.0258,Positive
4,Positive,Positive,0.8908,0.2509,Positive
1,Negative,Negative,-0.431,-0.9455,Negative
5,Positive,Negative,0.802,-0.2023,Positive
3,Positive,Negative,0.4404,-0.2263,Positive
4,Positive,Positive,0.8588,0.6003,Positive
5,Positive,Neutral,0.4215,0.0,Positive
1,Positive,Negative,0.9136,-0.659,Positive
5,Positive,Positive,0.7003,0.1078,Positive
2,Negative,Negative,-0.0871,-0.6608,Negative
1,Positive,Positive,0.5106,0.5106,Positive
5,Positive,Positive,0.7841,0.1779,Positive
5,Positive,Negative,0.5859,-0.5256,Positive
4,Positive,Positive,0.4767,0.5187,Positive
2,Positive,Positive,0.4215,0.6705,Positive
5,Positive,Negative,0.4588,-0.25,Positive
5,Positive,Negative,0.7096,-0.5106,Positive
5,Positive,Neutral,0.9792,0.0,Positive
2,Positive,Neutral,0.6249,0.0,Positive
5,Positive,Negative,0.3818,-0.464,Negative
4,Positive,Neutral,0.7003,0.0,Positive
4,Positive,Negative,0.7717,-0.2732,Positive
3,Positive,Negative,0.8905,-0.5719,Positive
4,Positive,Neutral,0.4404,0.0,Positive
4,Positive,Neutral,0.4404,0.0,Positive
4,Positive,Negative,0.6908,-0.3612,Positive
3,Neutral,Negative,0.0,-0.4588,Negative
3,Positive,Positive,0.5106,0.1027,Positive
1,Positive,Negative,0.6808,-0.7906,Positive
4,Positive,Neutral,0.8519,0.0,Positive
3,Positive,Neutral,0.7579,0.0,Positive
5,Positive,Negative,0.7316,-0.4226,Positive
4,Positive,Neutral,0.93,0.0,Positive
5,Positive,Negative,0.6369,-0.4639,Positive
5,Neutral,Negative,0.0,-0.5423,Negative
5,Positive,Neutral,0.8268,0.0,Positive
4,Positive,Positive,0.6705,0.4019,Positive
3,Positive,Negative,0.6249,-0.6059,Neutral
5,Positive,Negative,0.3182,-0.5719,Positive
5,Positive,Negative,0.5859,-0.25,Positive
5,Positive,Positive,0.7717,0.5719,Positive
4,Positive,Positive,0.7717,0.3818,Positive
3,Positive,Negative,0.3182,-0.3612,Negative
3,Positive,Positive,0.5859,0.4215,Positive
4,Positive,Positive,0.7003,0.1901,Positive
3,Positive,Negative,0.7269,-0.7133,Neutral
5,Positive,Neutral,0.6369,0.0,Positive
3,Positive,Positive,0.8399,0.4576,Positive
5,Positive,Positive,0.9918,0.3071,Positive
5,Positive,Neutral,0.92,0.0,Positive
5,Positive,Negative,0.7906,-0.1027,Positive
5,Positive,Neutral,0.7906,0.0,Positive
3,Positive,Positive,0.9371,0.4404,Positive
5,Positive,Positive,0.6249,0.4019,Positive
4,Positive,Neutral,0.5849,0.0,Positive
5,Positive,Positive,0.624,0.296,Positive
5,Positive,Negative,0.6486,-0.5106,Positive
4,Positive,Negative,0.8625,-0.3612,Positive
3,Positive,Negative,0.7003,-0.2023,Positive
5,Positive,Negative,0.4215,-0.296,Positive
4,Positive,Negative,0.9664,-0.802,Positive
5,Positive,Neutral,0.6369,0.0,Positive
5,Positive,Positive,0.8481,0.4404,Positive
3,Positive,Neutral,0.0772,0.0,Positive
4,Positive,Negative,0.8876,-0.924,Negative
5,Positive,Neutral,0.8555,0.0,Positive
1,Positive,Negative,0.6705,-0.5423,Negative
5,Positive,Positive,0.9709,0.1779,Positive
2,Positive,Negative,0.7717,-0.0754,Positive
5,Positive,Positive,0.9509,0.5927,Positive
1,Positive,Negative,0.7845,-0.8815,Negative
2,Positive,Positive,0.5106,0.2732,Positive
3,Positive,Neutral,0.7964,0.0,Positive
5,Positive,Positive,0.4404,0.5719,Neutral
2,Positive,Positive,0.7845,0.5859,Positive
5,Positive,Negative,0.4404,-0.296,Positive
4,Positive,Negative,0.8519,-0.5423,Positive
4,Positive,Neutral,0.4404,0.0,Positive
4,Positive,Negative,0.4404,-0.2732,Positive
4,Positive,Neutral,0.4404,0.0,Positive
4,Positive,Negative,0.4939,-0.296,Positive
3,Positive,Negative,0.4742,-0.5023,Positive
2,Neutral,Negative,0.0,-0.1779,Negative
4,Positive,Positive,0.2023,0.4404,Positive
3,Positive,Negative,0.7506,-0.434,Positive
3,Positive,Neutral,0.4404,0.0,Positive
2,Positive,Positive,0.6808,0.4939,Negative
5,Positive,Positive,0.9589,0.4585,Positive
2,Neutral,Negative,0.0,-0.3818,Negative
5,Positive,Negative,0.4404,-0.1027,Positive
4,Positive,Neutral,0.784,0.0,Positive
2,Positive,Negative,0.4404,-0.2732,Positive
4,Negative,Positive,-0.5096,0.3716,Positive
5,Positive,Neutral,0.6808,0.0,Positive
5,Positive,Negative,0.6249,-0.8689,Negative
1,Neutral,Negative,0.0,-0.296,Negative
5,Positive,Neutral,0.8927,0.0,Positive
4,Positive,Neutral,0.8126,0.0,Positive
5,Neutral,Neutral,0.0,0.0,Positive
5,Positive,Positive,0.4404,0.4927,Positive
3,Positive,Positive,0.8625,0.1189,Positive
4,Positive,Positive,0.9246,0.2094,Positive
5,Positive,Neutral,0.8617,0.0,Positive
4,Positive,Negative,0.2263,-0.3612,Negative
5,Positive,Negative,0.34,-0.5574,Positive
5,Positive,Negative,0.8126,-0.4767,Positive
5,Positive,Positive,0.908,0.5881,Positive
4,Positive,Positive,0.9334,0.1548,Positive
1,Neutral,Negative,0.0,-0.6131,Negative
5,Positive,Negative,0.9231,-0.2755,Positive
5,Positive,Positive,0.9666,0.6597,Positive
4,Positive,Positive,0.9571,0.34,Positive
3,Positive,Negative,0.2263,-0.296,Negative
4,Positive,Positive,0.7906,0.4404,Positive
3,Positive,Negative,0.4404,-0.6905,Positive
4,Positive,Positive,0.8357,0.8766,Positive
4,Positive,Neutral,0.7003,0.0,Positive
3,Positive,Neutral,0.4215,0.0,Positive
4,Positive,Positive,0.6705,0.3818,Positive
4,Positive,Negative,0.6705,-0.296,Positive
5,Positive,Negative,0.923,-0.4226,Positive
3,Positive,Positive,0.6705,0.6597,Positive
3,Positive,Neutral,0.4404,0.0,Positive
3,Positive,Negative,0.6486,-0.296,Positive
5,Positive,Negative,0.7003,-0.25,Positive
5,Positive,Neutral,0.6249,0.0,Positive
5,Positive,Negative,0.6249,-0.296,Positive
5,Positive,Positive,0.6486,0.3818,Positive
3,Positive,Positive,0.7351,0.4019,Positive
1,Positive,Positive,0.743,0.4297,Positive
4,Positive,Negative,0.9393,-0.3818,Positive
3,Positive,Negative,0.6858,-0.4019,Positive
4,Positive,Negative,0.9235,-0.4952,Positive
3,Positive,Negative,0.8074,-0.3182,Positive
5,Positive,Positive,0.7845,0.0772,Positive
5,Positive,Neutral,0.8934,0.0,Positive
5,Positive,Positive,0.8889,0.5157,Positive
5,Neutral,Positive,0.0,0.0772,Positive
5,Neutral,Neutral,0.0,0.0,Positive
4,Positive,Positive,0.6249,0.5,Positive
4,Positive,Negative,0.6249,-0.34,Positive
4,Positive,Neutral,0.9186,0.0,Positive
5,Positive,Negative,0.6249,-0.4601,Positive
2,Positive,Negative,0.807,-0.765,Positive
3,Positive,Negative,0.5859,-0.7269,Negative
5,Positive,Neutral,0.7841,0.0,Positive
4,Positive,Neutral,0.7003,0.0,Positive
4,Positive,Negative,0.6808,-0.2924,Positive
2,Positive,Positive,0.6997,0.1027,Positive
4,Positive,Positive,0.765,0.4588,Positive
5,Positive,Neutral,0.7964,0.0,Positive
5,Positive,Neutral,0.9231,0.0,Positive
5,Positive,Neutral,0.8126,0.0,Positive
4,Positive,Negative,0.3612,-0.2902,Positive
3,Positive,Negative,0.9712,-0.765,Positive
3,Positive,Negative,0.4939,-0.128,Positive
4,Positive,Neutral,0.7003,0.0,Positive
4,Positive,Positive,0.9246,0.4019,Positive
4,Positive,Neutral,0.7845,0.0,Positive
1,Positive,Negative,0.4404,-0.3646,Negative
5,Positive,Negative,0.8519,-0.296,Positive
3,Positive,Positive,0.4877,0.4019,Positive
3,Positive,Negative,0.1531,-0.5423,Negative
4,Positive,Positive,0.8689,0.2528,Positive
2,Neutral,Negative,0.0,-0.2975,Negative
4,Neutral,Negative,0.0,-0.3182,Negative
4,Positive,Negative,0.7579,-0.5574,Positive
3,Positive,Negative,0.6369,-0.2924,Positive
4,Positive,Negative,0.8858,-0.2006,Positive
4,Neutral,Neutral,0.0,0.0,Positive
4,Positive,Positive,0.4767,0.0772,Positive
5,Positive,Positive,0.936,0.3182,Positive
3,Positive,Negative,0.7269,-0.1779,Positive
4,Positive,Negative,0.902,-0.2732,Positive
4,Positive,Positive,0.8402,0.1779,Positive
4,Positive,Positive,0.6557,0.34,Positive
4,Positive,Positive,0.6249,0.431,Positive
1,Positive,Negative,0.8622,-0.3412,Positive
3,Positive,Negative,0.836,-0.5122,Positive
4,Positive,Positive,0.9558,0.2263,Positive
4,Positive,Negative,0.8074,-0.4386,Positive
4,Positive,Positive,0.6124,0.1027,Positive
4,Positive,Positive,0.9294,0.6249,Positive
4,Positive,Neutral,0.7823,0.0,Positive
4,Positive,Negative,0.09,-0.1761,Negative
4,Positive,Neutral,0.7096,0.024,Positive
4,Positive,Negative,0.7269,-0.6808,Positive
1,Positive,Negative,0.5859,-0.8598,Negative
3,Positive,Neutral,0.8718,-0.0286,Positive
3,Positive,Negative,0.802,-0.4939,Positive
4,Positive,Negative,0.7184,-0.5975,Positive
4,Positive,Negative,0.9521,-0.2105,Positive
5,Positive,Positive,0.6249,0.4585,Positive
5,Neutral,Neutral,0.0,0.0,Positive
5,Positive,Negative,0.9451,-0.5096,Positive
3,Positive,Positive,0.6908,0.7056,Positive
3,Positive,Positive,0.5994,0.1054,Positive
4,Positive,Negative,0.8126,-0.296,Positive
2,Positive,Negative,0.3818,-0.75,Negative
5,Positive,Positive,0.2263,0.2263,Positive
3,Positive,Neutral,0.4404,0.0,Positive
2,Positive,Positive,0.7506,0.128,Positive
1,Positive,Positive,0.3612,0.1531,Positive
2,Positive,Negative,0.4404,-0.4767,Negative
4,Positive,Positive,0.6808,0.5106,Positive
5,Positive,Positive,0.8074,0.1027,Positive
4,Positive,Negative,0.5859,-0.128,Positive
4,Positive,Neutral,0.4215,0.0,Positive
5,Positive,Positive,0.9337,0.5,Positive
4,Positive,Neutral,0.8126,0.0,Positive
3,Positive,Negative,0.8126,-0.7184,Positive
4,Positive,Positive,0.7717,0.2263,Positive
3,Positive,Neutral,0.4005,0.0,Positive
3,Positive,Neutral,0.9001,0.0,Positive
5,Positive,Neutral,0.6369,0.0,Positive
1,Negative,Negative,-0.296,-0.9145,Negative
5,Positive,Negative,0.4215,-0.3595,Positive
4,Positive,Negative,0.3818,-0.56,Negative
3,Positive,Neutral,0.6997,0.0,Positive
4,Positive,Positive,0.891,0.4215,Positive
5,Positive,Negative,0.7269,-0.5423,Positive
5,Positive,Neutral,0.4939,0.0,Positive
5,Positive,Positive,0.7845,0.4404,Positive
1,Positive,Negative,0.1531,-0.9141,Negative
3,Positive,Neutral,0.4019,0.0,Positive
5,Positive,Neutral,0.5859,0.0,Positive
1,Positive,Neutral,0.7351,0.0,Positive
5,Positive,Negative,0.8934,-0.3612,Positive
2,Positive,Negative,0.5542,-0.3832,Positive
4,Positive,Negative,0.7906,-0.296,Positive
5,Positive,Neutral,0.4404,0.0,Positive
4,Positive,Positive,0.8225,0.09,Positive
3,Positive,Negative,0.8126,-0.717,Positive
3,Positive,Negative,0.9246,-0.4023,Positive
4,Neutral,Positive,0.0,0.4767,Positive
3,Positive,Neutral,0.9036,0.0,Positive
3,Positive,Negative,0.9468,-0.2263,Positive
4,Positive,Neutral,0.4404,0.0,Positive
4,Positive,Neutral,0.4404,0.0,Positive
5,Positive,Positive,0.5994,0.7906,Positive
4,Positive,Negative,0.1531,-0.4767,Negative
4,Positive,Negative,0.6249,-0.2732,Positive
3,Positive,Positive,0.8655,0.6117,Positive
5,Positive,Neutral,0.3612,0.0,Positive
5,Positive,Neutral,0.6369,0.0,Positive
4,Positive,Negative,0.8883,-0.2023,Positive
2,Positive,Negative,0.3182,-0.4585,Negative
2,Positive,Negative,0.8104,-0.296,Positive
3,Positive,Negative,0.6597,-0.7906,Negative
2,Positive,Neutral,0.9336,0.0,Positive
5,Positive,Negative,0.6369,-0.296,Positive
1,Negative,Neutral,-0.5867,0.0,Negative
4,Positive,Neutral,0.6369,0.0,Positive
4,Positive,Positive,0.9477,0.6478,Positive
3,Positive,Neutral,0.5106,-0.0485,Positive
5,Neutral,Neutral,0.0,0.0,Neutral
4,Positive,Positive,0.5859,0.3612,Positive
4,Positive,Positive,0.6369,0.5859,Positive
3,Positive,Neutral,0.6486,0.0,Positive
2,Positive,Negative,0.7003,-0.2695,Positive
5,Positive,Neutral,0.4404,0.0,Positive
5,Positive,Negative,0.8591,-0.4877,Positive
3,Positive,Negative,0.4404,-0.2732,Positive
2,Negative,Positive,-0.2484,0.3415,Positive
4,Positive,Neutral,0.7645,0.0,Positive
5,Positive,Negative,0.9306,-0.3628,Positive
3,Positive,Negative,0.8074,-0.6361,Positive
3,Positive,Negative,0.7964,-0.2924,Positive
5,Positive,Negative,0.6249,-0.5096,Positive
4,Positive,Negative,0.886,-0.4201,Positive
3,Positive,Neutral,0.5106,0.0,Positive
5,Positive,Negative,0.8834,-0.1901,Positive
5,Positive,Positive,0.8225,0.3225,Positive
5,Positive,Neutral,0.7269,0.0,Positive
4,Positive,Neutral,0.7783,0.0,Positive
5,Positive,Positive,0.877,0.4939,Positive
3,Positive,Negative,0.6249,-0.4767,Positive
1,Positive,Positive,0.9777,0.8877,Positive
5,Positive,Positive,0.875,0.4754,Positive
1,Positive,Negative,0.4417,-0.2263,Positive
5,Positive,Negative,0.8689,-0.296,Positive
3,Positive,Negative,0.8934,-0.3412,Positive
4,Positive,Neutral,0.6597,0.0,Positive
3,Positive,Neutral,0.7184,0.0,Positive
3,Positive,Neutral,0.7717,0.0,Positive
3,Positive,Neutral,0.8176,0.0,Positive
4,Positive,Positive,0.5106,0.0772,Positive
1,Positive,Positive,0.1695,0.0772,Positive
4,Positive,Positive,0.6124,0.6486,Positive
3,Positive,Negative,0.7717,-0.2732,Positive
2,Positive,Negative,0.9413,-0.068,Positive
3,Positive,Negative,0.5574,-0.3637,Positive
4,Positive,Positive,0.6908,0.1027,Positive
4,Positive,Negative,0.6705,-0.2235,Positive
4,Positive,Neutral,0.7783,0.0,Positive
5,Neutral,Neutral,0.0,0.0,Positive
3,Positive,Neutral,0.2263,0.0,Positive
4,Positive,Neutral,0.6705,0.0,Positive
5,Positive,Negative,0.8519,-0.4939,Positive
4,Negative,Neutral,-0.1027,0.0,Positive
4,Positive,Negative,0.743,-0.296,Positive
5,Positive,Neutral,0.7506,0.0,Positive
5,Positive,Positive,0.3818,0.6302,Positive
5,Positive,Neutral,0.6249,0.0,Positive
4,Positive,Neutral,0.7783,0.0,Positive
1,Negative,Neutral,-0.296,0.0,Negative
5,Positive,Neutral,0.6705,0.0,Positive
5,Positive,Positive,0.936,0.5106,Positive
5,Positive,Positive,0.3818,0.2732,Positive
5,Neutral,Negative,0.0,-0.296,Positive
5,Positive,Positive,0.743,0.5472,Positive
4,Positive,Neutral,0.4404,0.0,Positive
4,Positive,Negative,0.7964,-0.5267,Positive
2,Positive,Negative,0.3182,-0.6782,Negative
5,Neutral,Positive,0.0,0.4404,Positive
4,Positive,Negative,0.6249,-0.2263,Positive
1,Positive,Negative,0.6705,-0.9381,Negative
4,Positive,Neutral,0.8518,0.0,Positive
1,Negative,Negative,-0.5709,-0.1027,Negative
3,Positive,Positive,0.9337,0.128,Positive
3,Positive,Negative,0.4215,-0.3612,Positive
3,Positive,Negative,0.8625,-0.5432,Positive
1,Positive,Negative,0.6808,-0.0772,Positive
4,Positive,Negative,0.7269,-0.1695,Positive
4,Positive,Positive,0.9371,0.6801,Positive
3,Positive,Positive,0.5719,0.453,Positive
2,Positive,Negative,0.5413,-0.3875,Positive
5,Positive,Neutral,0.6486,0.0,Positive
3,Positive,Negative,0.4404,-0.2525,Neutral
4,Positive,Neutral,0.3818,0.0,Positive
5,Positive,Neutral,0.9785,0.0,Positive
4,Positive,Negative,0.4215,-0.5423,Negative
4,Positive,Negative,0.9468,-0.9536,Positive
5,Positive,Neutral,0.8979,0.0,Positive
5,Positive,Neutral,0.8225,0.0,Positive
4,Positive,Positive,0.4215,0.1779,Positive
3,Positive,Neutral,0.4404,0.0,Positive
4,Positive,Negative,0.2263,-0.7599,Negative
5,Positive,Negative,0.4391,-0.2235,Positive
5,Positive,Negative,0.7184,-0.6808,Positive
5,Positive,Neutral,0.765,0.0,Positive
5,Positive,Negative,0.4939,-0.6486,Negative
4,Positive,Negative,0.9716,-0.34,Positive
5,Positive,Neutral,0.7845,0.0,Positive
5,Positive,Positive,0.7996,0.5719,Positive
4,Positive,Negative,0.8316,-0.4767,Positive
5,Neutral,Positive,0.0,0.3054,Positive
4,Positive,Negative,0.4939,-0.4404,Positive
3,Positive,Negative,0.4404,-0.128,Positive
4,Positive,Negative,0.886,-0.296,Positive
5,Negative,Positive,-0.6486,0.0772,Negative
4,Positive,Neutral,0.5267,0.0,Positive
1,Neutral,Negative,0.0,-0.9595,Negative
5,Positive,Positive,0.9774,0.1027,Positive
2,Positive,Positive,0.4404,0.5423,Positive
3,Positive,Negative,0.4404,-0.4215,Positive
4,Positive,Negative,0.25,-0.7184,Negative
3,Positive,Negative,0.9236,-0.25,Positive
4,Positive,Neutral,0.1531,0.0,Positive
1,Negative,Negative,-0.3597,-0.5468,Negative
2,Positive,Negative,0.836,-0.128,Positive
5,Positive,Positive,0.5106,0.5972,Positive
5,Positive,Neutral,0.4404,0.0,Positive
4,Positive,Negative,0.4215,-0.2273,Negative
4,Positive,Positive,0.9062,0.4019,Positive
4,Positive,Positive,0.91,0.5081,Positive
3,Positive,Positive,0.3612,0.6258,Positive
3,Positive,Positive,0.8807,0.6124,Positive
4,Positive,Negative,0.9423,-0.4767,Positive
3,Positive,Negative,0.7906,-0.6249,Positive
4,Positive,Neutral,0.4404,0.0,Positive
4,Positive,Neutral,0.6249,0.0,Positive
4,Positive,Negative,0.6705,-0.3412,Positive
3,Positive,Positive,0.4404,0.4404,Positive
3,Positive,Neutral,0.7783,0.0,Positive
5,Positive,Positive,0.8434,0.5563,Positive
3,Positive,Positive,0.9468,0.4237,Positive
1,Positive,Positive,0.4215,0.431,Positive
4,Positive,Neutral,0.5859,0.0,Positive
4,Positive,Neutral,0.4927,0.0,Positive
3,Positive,Negative,0.8625,-0.25,Positive
3,Positive,Negative,0.6249,-0.4872,Positive
1,Positive,Positive,0.802,0.856,Positive
4,Positive,Negative,0.6249,-0.3724,Positive
4,Positive,Negative,0.6908,-0.4019,Positive
1,Neutral,Negative,0.0,-0.296,Negative
2,Positive,Negative,0.866,-0.1027,Positive
3,Positive,Positive,0.4927,0.4173,Positive
2,Neutral,Neutral,0.0,0.0,Negative
1,Positive,Negative,0.5106,-0.1426,Positive
5,Positive,Negative,0.7778,-0.2023,Positive
5,Positive,Negative,0.4767,-0.25,Positive
3,Positive,Positive,0.9556,0.7178,Positive
4,Positive,Positive,0.9661,0.7269,Positive
3,Positive,Negative,0.2263,-0.6808,Negative
5,Positive,Negative,0.4404,-0.3252,Positive
4,Positive,Neutral,0.431,0.0,Positive
4,Positive,Neutral,0.4939,0.0,Positive
3,Positive,Negative,0.7845,-0.1027,Positive
4,Positive,Positive,0.9201,0.9468,Positive
5,Positive,Neutral,0.6249,0.0,Positive
3,Positive,Negative,0.6249,-0.7579,Negative
1,Positive,Neutral,0.4215,-0.0433,Neutral
3,Neutral,Negative,0.0,-0.2263,Negative
4,Positive,Negative,0.4404,-0.4767,Negative
4,Positive,Neutral,0.5574,0.0,Positive
3,Positive,Negative,0.4939,-0.5423,Positive
1,Positive,Positive,0.2732,0.6866,Positive
4,Positive,Negative,0.9042,-0.5423,Positive
3,Positive,Neutral,0.6249,0.0,Positive
4,Positive,Negative,0.296,-0.0854,Positive
4,Positive,Positive,0.875,0.8092,Positive
3,Positive,Neutral,0.4404,-0.0191,Positive
4,Positive,Neutral,0.4939,0.0,Positive
2,Positive,Negative,0.6705,-0.6526,Neutral
3,Neutral,Negative,0.0,-0.3412,Negative
4,Positive,Neutral,0.6705,0.0,Positive
4,Positive,Neutral,0.765,0.0,Positive
4,Positive,Positive,0.8519,0.1114,Positive
3,Positive,Negative,0.8516,-0.4588,Positive
5,Positive,Positive,0.6318,0.296,Positive
4,Positive,Positive,0.9552,0.3612,Positive
5,Positive,Neutral,0.4404,0.0,Positive
1,Positive,Negative,0.7096,-0.3412,Positive
4,Positive,Neutral,0.7717,0.0,Positive
5,Positive,Neutral,0.8834,0.0,Positive
5,Positive,Positive,0.9936,0.8807,Positive
5,Positive,Negative,0.9313,-0.8481,Positive
3,Positive,Positive,0.4404,0.3626,Positive
5,Positive,Neutral,0.9432,0.0,Positive
3,Positive,Negative,0.5719,-0.25,Positive
3,Positive,Neutral,0.8271,0.0,Positive
4,Positive,Neutral,0.6908,0.0,Positive
4,Positive,Positive,0.6705,0.0772,Positive
5,Positive,Positive,0.9723,0.9692,Positive
5,Positive,Negative,0.7845,-0.1027,Positive
3,Positive,Positive,0.8807,0.3415,Positive
5,Positive,Neutral,0.5423,0.0,Positive
3,Positive,Neutral,0.4215,-0.0021,Positive
2,Positive,Negative,0.4404,-0.841,Negative
5,Positive,Positive,0.802,0.1779,Positive
4,Positive,Negative,0.9118,-0.235,Positive
4,Neutral,Neutral,0.0,0.0,Positive
1,Negative,Negative,-0.3412,-0.9543,Negative
4,Positive,Negative,0.8176,-0.6369,Positive
3,Positive,Positive,0.4404,0.4019,Positive
5,Positive,Neutral,0.7906,0.0,Positive
4,Positive,Positive,0.9643,0.4019,Positive
5,Positive,Positive,0.9524,0.4585,Positive
3,Positive,Positive,0.1901,0.0772,Neutral
2,Positive,Negative,0.9287,-0.547,Positive
4,Positive,Negative,0.8658,-0.296,Positive
4,Positive,Neutral,0.4019,0.0,Positive
4,Positive,Positive,0.4939,0.3818,Positive
5,Positive,Neutral,0.7717,0.0,Positive
2,Positive,Positive,0.4939,0.4939,Positive
3,Positive,Negative,0.6808,-0.6876,Neutral
3,Positive,Positive,0.6597,0.4417,Positive
4,Positive,Negative,0.6588,-0.4019,Positive
5,Positive,Positive,0.8957,0.2732,Positive
1,Positive,Positive,0.4019,0.1531,Positive
3,Positive,Negative,0.5106,-0.1027,Positive
3,Positive,Positive,0.8126,0.4767,Positive
5,Positive,Neutral,0.7783,0.0,Positive
5,Positive,Neutral,0.8625,0.0,Positive
5,Positive,Negative,0.8074,-0.5,Positive
4,Positive,Positive,0.902,0.4215,Positive
3,Positive,Negative,0.6597,-0.3612,Positive
4,Positive,Negative,0.8689,-0.3818,Positive
5,Positive,Negative,0.8481,-0.4577,Positive
4,Positive,Negative,0.6908,-0.5096,Positive
3,Positive,Negative,0.9601,-0.9607,Positive
3,Positive,Negative,0.8155,-0.1027,Positive
3,Positive,Negative,0.3612,-0.5423,Positive
3,Positive,Negative,0.8271,-0.296,Positive
4,Positive,Negative,0.5423,-0.6072,Positive
4,Neutral,Neutral,0.0,0.0,Positive
4,Positive,Negative,0.5859,-0.3182,Positive
4,Positive,Negative,0.6249,-0.128,Positive
5,Positive,Positive,0.8834,0.1027,Positive
2,Positive,Negative,0.7579,-0.8065,Negative
4,Positive,Positive,0.802,0.4585,Positive
5,Positive,Neutral,0.6249,0.0,Positive
3,Positive,Positive,0.34,0.6486,Positive
4,Positive,Negative,0.9053,-0.2528,Positive
5,Positive,Neutral,0.5413,0.0,Positive
4,Positive,Neutral,0.9022,0.0,Positive
3,Positive,Neutral,0.2263,0.0,Positive
3,Positive,Positive,0.7501,0.7264,Positive
3,Positive,Negative,0.2263,-0.296,Negative
2,Positive,Positive,0.7579,0.6369,Positive
5,Positive,Negative,0.8957,-0.6124,Positive
4,Positive,Neutral,0.7722,0.0,Positive
3,Positive,Neutral,0.7269,0.0,Positive
4,Positive,Negative,0.6249,-0.3612,Positive
4,Negative,Negative,-0.2732,-0.4588,Positive
1,Positive,Positive,0.8805,0.8767,Positive
3,Positive,Positive,0.8908,0.2942,Positive
5,Positive,Neutral,0.2732,0.0,Positive
2,Positive,Negative,0.5256,-0.6908,Negative
1,Neutral,Negative,0.0,-0.9545,Negative
5,Positive,Neutral,0.4588,0.0,Positive
4,Positive,Negative,0.9038,-0.1511,Positive
4,Positive,Positive,0.836,0.6486,Positive
5,Positive,Neutral,0.7579,0.0,Positive
4,Positive,Neutral,0.5719,0.0,Positive
5,Positive,Neutral,0.8625,0.0,Positive
3,Neutral,Positive,0.0,0.868,Positive
5,Positive,Positive,0.835,0.0772,Positive
3,Positive,Positive,0.7755,0.0772,Positive
5,Positive,Neutral,0.7783,0.0,Positive
3,Positive,Positive,0.5106,0.2732,Positive
4,Neutral,Neutral,0.0,0.0,Neutral
3,Positive,Positive,0.9468,0.8341,Positive
5,Positive,Negative,0.6808,-0.296,Positive
4,Positive,Negative,0.5994,-0.296,Positive
4,Neutral,Positive,0.0,0.4588,Positive
3,Positive,Negative,0.4404,-0.2709,Negative
4,Positive,Negative,0.7003,-0.3724,Positive
5,Positive,Negative,0.6705,-0.296,Positive
1,Positive,Negative,0.3818,-0.6789,Negative
4,Positive,Negative,0.7003,-0.2924,Positive
3,Positive,Positive,0.7269,0.0772,Positive
3,Positive,Negative,0.9153,-0.7733,Positive
1,Positive,Negative,0.7003,-0.9665,Negative
4,Positive,Negative,0.2023,-0.7177,Positive
3,Positive,Negative,0.9371,-0.296,Positive
5,Positive,Positive,0.8979,0.2263,Positive
5,Positive,Negative,0.5423,-0.5106,Positive
3,Positive,Positive,0.25,0.0695,Negative
5,Positive,Negative,0.802,-0.1027,Positive
4,Positive,Neutral,0.7184,0.0,Positive
5,Positive,Neutral,0.8122,0.0,Positive
3,Positive,Positive,0.8591,0.34,Positive
3,Neutral,Neutral,0.0009,0.0,Neutral
3,Positive,Negative,0.8074,-0.3804,Positive
4,Positive,Neutral,0.4019,0.0,Positive
3,Positive,Negative,0.7351,-0.296,Positive
4,Positive,Positive,0.5975,0.764,Positive
3,Positive,Positive,0.9322,0.5719,Positive
3,Positive,Negative,0.34,-0.672,Negative
4,Negative,Negative,-0.5719,-0.3865,Negative
4,Positive,Neutral,0.8316,0.0,Positive
5,Positive,Neutral,0.8126,0.0,Positive
5,Positive,Neutral,0.4019,0.0,Positive
4,Positive,Negative,0.7003,-0.2263,Positive
3,Positive,Negative,0.6486,-0.2263,Negative
4,Positive,Positive,0.974,0.4215,Positive
3,Positive,Positive,0.8225,0.128,Positive
5,Positive,Positive,0.6249,0.5859,Positive
5,Positive,Neutral,0.4404,0.0,Positive
4,Positive,Neutral,0.8591,-0.0018,Positive
4,Positive,Positive,0.6249,0.2528,Positive
5,Positive,Positive,0.886,0.3506,Positive
3,Positive,Negative,0.4404,-0.5242,Positive
4,Positive,Positive,0.6705,0.3818,Positive
4,Positive,Neutral,0.4404,0.0,Positive
3,Positive,Negative,0.6249,-0.1027,Positive
4,Positive,Negative,0.5859,-0.3612,Positive
3,Positive,Negative,0.9246,-0.4574,Positive
4,Positive,Neutral,0.93,0.0,Positive
4,Positive,Negative,0.8979,-0.34,Positive
5,Positive,Neutral,0.7906,0.0,Positive
5,Positive,Negative,0.6908,-0.228,Positive
4,Positive,Negative,0.9209,-0.2382,Positive
4,Positive,Positive,0.7906,0.3818,Positive
4,Neutral,Neutral,0.0,0.0,Positive
4,Neutral,Negative,0.0,-0.3612,Negative
5,Negative,Neutral,-0.296,0.0,Positive
4,Positive,Neutral,0.6249,0.0,Positive
4,Positive,Negative,0.7579,-0.4019,Positive
4,Neutral,Neutral,0.0,0.0,Neutral
5,Positive,Neutral,0.7506,0.0,Positive
5,Positive,Neutral,0.8779,0.0,Positive
5,Positive,Neutral,0.836,0.0,Positive
3,Negative,Neutral,-0.1027,0.0,Positive
5,Positive,Neutral,0.7688,0.0,Positive
5,Negative,Neutral,-0.296,0.0,Positive
4,Positive,Negative,0.7717,-0.6478,Positive
4,Positive,Negative,0.8126,-0.7555,Positive
4,Positive,Negative,0.6705,-0.3612,Positive
4,Positive,Positive,0.6705,0.34,Positive
4,Positive,Negative,0.8658,-0.5096,Positive
2,Positive,Positive,0.8442,0.25,Positive
4,Positive,Neutral,0.6486,0.0,Positive
5,Positive,Neutral,0.4404,-0.0352,Positive
2,Positive,Negative,0.6502,-0.8484,Negative
4,Positive,Positive,0.9799,0.9965,Positive
5,Positive,Positive,0.6752,0.3818,Positive
4,Positive,Negative,0.4404,-0.7906,Negative
5,Positive,Positive,0.9371,0.4404,Positive
2,Positive,Negative,0.5859,-0.6202,Positive
4,Positive,Negative,0.6249,-0.1793,Positive
3,Positive,Negative,0.4404,-0.6178,Negative
5,Positive,Positive,0.8481,0.4215,Positive
5,Positive,Neutral,0.7096,0.0,Positive
3,Positive,Negative,0.34,-0.7835,Negative
4,Positive,Positive,0.8779,0.2732,Positive
5,Positive,Positive,0.7964,0.5096,Positive
5,Positive,Positive,0.5106,0.3818,Positive
2,Positive,Positive,0.7717,0.4588,Positive
3,Neutral,Positive,0.0,0.3818,Positive
5,Neutral,Neutral,0.0,0.0,Positive
5,Neutral,Negative,0.0,-0.5106,Negative
5,Positive,Negative,0.7579,-0.5432,Positive
4,Positive,Positive,0.4939,0.2718,Positive
3,Positive,Negative,0.9766,-0.6761,Positive
4,Positive,Negative,0.6369,-0.4939,Positive
3,Positive,Negative,0.34,-0.4215,Positive
4,Positive,Positive,0.9251,0.2023,Positive
4,Positive,Negative,0.6124,-0.5106,Positive
4,Positive,Negative,0.7351,-0.2263,Positive
4,Positive,Neutral,0.7783,0.0,Positive
3,Positive,Neutral,0.3612,0.0,Negative
1,Neutral,Negative,0.0,-0.3412,Negative
4,Positive,Neutral,0.6249,0.0,Positive
1,Positive,Negative,0.4404,-0.8535,Negative
5,Positive,Positive,0.4404,0.0848,Positive
4,Positive,Positive,0.9493,0.323,Positive
4,Positive,Neutral,0.3818,0.0,Positive
5,Neutral,Positive,0.0,0.128,Positive
5,Positive,Neutral,0.5719,0.0,Positive
5,Positive,Negative,0.1779,-0.2732,Positive
3,Positive,Positive,0.7003,0.0772,Positive
4,Positive,Negative,0.7717,-0.5423,Positive
4,Positive,Negative,0.4927,-0.2023,Positive
3,Positive,Positive,0.1531,0.3818,Positive
4,Positive,Negative,0.6249,-0.7293,Negative
3,Positive,Negative,0.7096,-0.4588,Positive
3,Positive,Positive,0.3182,0.7579,Positive
2,Neutral,Negative,0.0,-0.4767,Negative
4,Positive,Positive,0.7003,0.296,Positive
5,Neutral,Neutral,0.0,0.0,Neutral
2,Neutral,Negative,0.0,-0.2057,Positive
5,Positive,Negative,0.7717,-0.296,Positive
4,Positive,Positive,0.9029,0.0511,Positive
3,Neutral,Negative,0.0,-0.8077,Negative
3,Positive,Negative,0.8591,-0.4404,Positive
2,Negative,Negative,-0.4019,-0.4705,Negative
3,Positive,Negative,0.6249,-0.4404,Positive
5,Positive,Positive,0.5574,0.2878,Positive
2,Positive,Negative,0.9451,-0.6249,Positive
3,Positive,Positive,0.7906,0.5709,Positive
2,Positive,Negative,0.743,-0.25,Positive
3,Positive,Positive,0.4767,0.3818,Positive
3,Positive,Positive,0.5267,0.2411,Positive
3,Neutral,Neutral,0.0,0.0,Neutral
1,Positive,Negative,0.3818,-0.8338,Negative
4,Positive,Positive,0.7574,0.6378,Positive
4,Positive,Positive,0.765,0.797,Positive
3,Positive,Positive,0.8514,0.2023,Positive
5,Positive,Positive,0.9169,0.296,Positive
1,Positive,Positive,0.5106,0.9874,Positive
4,Positive,Positive,0.7717,0.3612,Positive
4,Neutral,Positive,0.0,0.0772,Positive
5,Positive,Negative,0.9736,-0.25,Positive
4,Positive,Neutral,0.3324,0.0,Positive
3,Positive,Positive,0.6124,0.3167,Positive
3,Positive,Neutral,0.7003,0.0186,Positive
5,Positive,Positive,0.6059,0.1576,Positive
1,Negative,Negative,-0.296,-0.296,Negative
5,Positive,Neutral,0.8625,0.0,Positive
4,Positive,Positive,0.9506,0.7184,Positive
3,Positive,Positive,0.6705,0.402,Positive
5,Positive,Neutral,0.4215,0.0258,Positive
2,Positive,Negative,0.6956,-0.2688,Positive
4,Positive,Positive,0.9382,0.128,Positive
5,Positive,Neutral,0.6369,0.0,Positive
4,Neutral,Negative,0.0,-0.25,Negative
5,Positive,Negative,0.9135,-0.3197,Positive
2,Positive,Negative,0.2263,-0.8357,Negative
5,Positive,Neutral,0.8481,0.0,Positive
3,Positive,Positive,0.4754,0.4019,Positive
3,Positive,Negative,0.4215,-0.9311,Negative
4,Positive,Positive,0.9286,0.7595,Positive
5,Neutral,Neutral,0.0,0.0,Positive
5,Positive,Neutral,0.9217,-0.018,Positive
4,Positive,Negative,0.6996,-0.1759,Positive
5,Positive,Neutral,0.8481,0.0,Positive
4,Positive,Neutral,0.4404,0.0,Positive
5,Positive,Positive,0.9081,0.7876,Positive
5,Positive,Positive,0.6249,0.4215,Positive
4,Positive,Neutral,0.7783,0.0,Positive
5,Positive,Neutral,0.5106,0.0,Positive
1,Positive,Negative,0.7184,-0.9,Negative
3,Positive,Positive,0.7003,0.8555,Positive
2,Neutral,Negative,0.0,-0.7269,Negative
2,Negative,Negative,-0.1761,-0.6187,Negative
3,Positive,Negative,0.3818,-0.6486,Neutral
2,Positive,Positive,0.1154,0.8055,Positive
4,Positive,Neutral,0.6249,0.0,Positive
5,Neutral,Positive,0.0,0.6395,Positive
1,Positive,Positive,0.6808,0.1345,Neutral
4,Positive,Neutral,0.6249,0.0,Positive
4,Positive,Positive,0.9378,0.2621,Positive
4,Positive,Neutral,0.8625,0.0,Positive
4,Positive,Neutral,0.9042,0.0,Positive
4,Positive,Negative,0.7845,-0.4404,Positive
5,Positive,Neutral,0.9393,0.0,Positive
4,Positive,Neutral,0.5574,0.0,Positive
4,Positive,Neutral,0.6249,0.0,Positive
3,Neutral,Negative,0.0,-0.4215,Negative
3,Positive,Positive,0.5859,0.2668,Positive
4,Positive,Neutral,0.6486,0.0,Positive
4,Positive,Negative,0.5709,-0.2263,Positive
4,Positive,Positive,0.9332,0.0772,Positive
5,Positive,Neutral,0.7717,0.0,Positive
4,Positive,Positive,0.6249,0.2732,Positive
4,Positive,Negative,0.4019,-0.296,Positive
4,Positive,Neutral,0.5622,0.0,Positive
2,Positive,Negative,0.6908,-0.5267,Positive
4,Positive,Negative,0.9022,-0.4404,Positive
3,Positive,Positive,0.5423,0.3262,Positive
3,Positive,Negative,0.9136,-0.4767,Positive
3,Positive,Negative,0.7964,-0.296,Positive
3,Positive,Positive,0.4939,0.6124,Positive
5,Positive,Neutral,0.6249,0.0,Positive
4,Positive,Positive,0.6908,0.2928,Positive
5,Neutral,Neutral,0.0,0.0,Positive
4,Positive,Negative,0.6705,-0.2584,Positive
1,Neutral,Negative,0.0,-0.8694,Negative
4,Positive,Neutral,0.5859,0.0,Positive
2,Neutral,Positive,0.0,0.4939,Positive
2,Neutral,Negative,0.0258,-0.0516,Neutral
3,Positive,Positive,0.7717,0.4404,Positive
4,Positive,Neutral,0.5106,0.0,Positive
3,Positive,Positive,0.6808,0.0516,Positive
4,Positive,Negative,0.6369,-0.2075,Positive
4,Positive,Positive,0.9349,0.4186,Positive
5,Positive,Neutral,0.946,0.0,Positive
4,Positive,Neutral,0.886,0.0,Positive
4,Positive,Negative,0.34,-0.3182,Positive
5,Positive,Neutral,0.5542,0.0,Positive
4,Positive,Positive,0.6486,0.1481,Positive
3,Positive,Negative,0.9744,-0.5574,Positive
4,Positive,Negative,0.5859,-0.296,Positive
4,Positive,Neutral,0.3182,0.0,Positive
4,Positive,Neutral,0.8316,0.0,Positive
2,Positive,Negative,0.8316,-0.5994,Positive
5,Positive,Neutral,0.6705,-0.0258,Positive
4,Positive,Neutral,0.8442,0.0,Positive
5,Positive,Positive,0.7964,0.1114,Positive
3,Neutral,Negative,0.0,-0.3612,Positive
3,Positive,Positive,0.6116,0.2484,Positive
4,Positive,Positive,0.872,0.0516,Positive
3,Positive,Negative,0.4404,-0.2924,Positive
3,Positive,Positive,0.6249,0.0762,Positive
5,Positive,Neutral,0.7351,0.0,Positive
3,Neutral,Positive,0.0,0.7906,Positive
4,Positive,Positive,0.9912,0.7402,Positive
3,Positive,Neutral,0.4404,0.0,Positive
2,Positive,Negative,0.539,-0.6486,Negative
2,Positive,Negative,0.3182,-0.2944,Negative
3,Positive,Neutral,0.8689,0.0,Positive
5,Positive,Neutral,0.34,0.0,Positive
3,Neutral,Neutral,0.0,0.0,Neutral
4,Positive,Neutral,0.4404,0.0,Positive
2,Positive,Positive,0.4404,0.0762,Positive
3,Positive,Positive,0.4404,0.4951,Positive
2,Positive,Negative,0.6249,-0.296,Positive
4,Positive,Neutral,0.3818,0.0,Positive
3,Positive,Neutral,0.8074,0.0,Positive
2,Positive,Neutral,0.5859,0.0,Positive
5,Positive,Positive,0.8402,0.431,Positive
3,Positive,Negative,0.9281,-0.7841,Positive
4,Positive,Positive,0.91,0.1779,Positive
5,Positive,Negative,0.836,-0.1531,Positive
4,Positive,Negative,0.8126,-0.4019,Positive
5,Positive,Neutral,0.4215,0.0,Positive
4,Neutral,Positive,0.0,0.1531,Positive
3,Positive,Negative,0.6705,-0.6467,Positive
2,Positive,Positive,0.7003,0.2023,Positive
5,Positive,Neutral,0.6249,0.0,Positive
4,Negative,Neutral,-0.1027,0.0,Negative
3,Positive,Negative,0.7906,-0.5423,Positive
3,Neutral,Negative,0.0,-0.5849,Negative
1,Negative,Negative,-0.2263,-0.631,Negative
2,Positive,Positive,0.5106,0.1298,Positive
2,Positive,Negative,0.6908,-0.7003,Positive
4,Positive,Positive,0.6597,0.1779,Positive
4,Positive,Neutral,0.3818,0.0,Positive
5,Positive,Neutral,0.4927,0.0,Positive
4,Positive,Neutral,0.3612,0.0,Positive
2,Positive,Negative,0.8689,-0.7264,Positive
4,Positive,Negative,0.836,-0.4588,Positive
2,Positive,Neutral,0.8834,0.0258,Positive
5,Positive,Negative,0.5859,-0.3612,Positive
3,Neutral,Negative,0.0,-0.4226,Negative
5,Positive,Positive,0.8742,0.6546,Positive
5,Positive,Negative,0.8481,-0.5423,Positive
5,Positive,Negative,0.4391,-0.1779,Positive
4,Positive,Neutral,0.7717,0.0,Positive
4,Positive,Negative,0.4404,-0.296,Positive
2,Positive,Negative,0.6486,-0.1759,Positive
4,Positive,Positive,0.836,0.2193,Positive
5,Neutral,Neutral,0.0,0.0,Positive
5,Positive,Negative,0.4404,-0.4588,Neutral
2,Positive,Negative,0.5859,-0.296,Positive
4,Neutral,Positive,0.0,0.4404,Positive
5,Positive,Negative,0.926,-0.9552,Neutral
2,Neutral,Neutral,0.0,0.0,Positive
1,Positive,Negative,0.6249,-0.6249,Negative
4,Positive,Neutral,0.2263,0.0,Positive
4,Positive,Positive,0.831,0.8128,Positive
5,Positive,Positive,0.9702,0.631,Positive
5,Positive,Negative,0.7184,-0.296,Positive
4,Neutral,Neutral,0.0,0.0,Negative
4,Positive,Neutral,0.4404,0.0,Positive
3,Positive,Negative,0.987,-0.7897,Positive
5,Positive,Negative,0.7717,-0.4215,Positive
2,Positive,Negative,0.7269,-0.8516,Negative
4,Positive,Positive,0.7003,0.4767,Positive
4,Positive,Positive,0.8555,0.2023,Positive
5,Positive,Positive,0.9135,0.3818,Positive
4,Positive,Positive,0.7003,0.0772,Negative
3,Positive,Negative,0.8834,-0.2732,Positive
5,Positive,Neutral,0.4215,0.0,Positive
5,Positive,Positive,0.5267,0.5719,Positive
3,Positive,Positive,0.6369,0.5209,Positive
4,Positive,Positive,0.4588,0.3818,Positive
1,Negative,Negative,-0.1027,-0.8402,Negative
3,Positive,Negative,0.7717,-0.8658,Negative
4,Positive,Positive,0.8176,0.4576,Positive
4,Positive,Neutral,0.431,0.0,Positive
3,Positive,Negative,0.34,-0.2732,Positive
3,Positive,Negative,0.3818,-0.3182,Positive
3,Positive,Negative,0.807,-0.1027,Positive
5,Positive,Negative,0.5574,-0.2263,Positive
5,Positive,Negative,0.836,-0.1027,Positive
3,Positive,Negative,0.8313,-0.5423,Positive
3,Positive,Positive,0.891,0.4588,Positive
1,Positive,Neutral,0.6114,0.0,Positive
5,Positive,Positive,0.8858,0.552,Positive
3,Positive,Neutral,0.4404,0.0,Positive
1,Positive,Positive,0.7269,0.0772,Positive
4,Positive,Negative,0.6369,-0.6249,Positive
4,Positive,Neutral,0.5423,0.0,Positive
5,Positive,Neutral,0.7845,0.0,Positive
3,Positive,Negative,0.8834,-0.498,Positive
4,Positive,Negative,0.3818,-0.1027,Positive
4,Positive,Neutral,0.8271,0.0,Positive
3,Positive,Negative,0.8126,-0.6776,Positive
3,Positive,Negative,0.4404,-0.2057,Positive
4,Positive,Neutral,0.8126,0.0,Positive
5,Positive,Negative,0.4404,-0.2222,Positive
5,Positive,Negative,0.8622,-0.296,Positive
4,Positive,Neutral,0.8402,0.0,Positive
4,Positive,Positive,0.5994,0.3612,Positive
2,Positive,Negative,0.8271,-0.4767,Positive
3,Negative,Negative,-0.1027,-0.296,Negative
5,Positive,Positive,0.6705,0.0788,Positive
4,Positive,Neutral,0.9022,0.0,Positive
5,Positive,Neutral,0.4404,0.0,Positive
4,Neutral,Neutral,0.0,0.0,Positive
3,Positive,Negative,0.4939,-0.3612,Positive
3,Positive,Negative,0.9754,-0.4946,Positive
4,Positive,Positive,0.7184,0.2023,Positive
5,Positive,Neutral,0.8834,0.0,Positive
3,Positive,Negative,0.5574,-0.6597,Negative
4,Positive,Neutral,0.4767,0.0,Positive
4,Positive,Positive,0.8858,0.802,Positive
2,Positive,Negative,0.7841,-0.795,Negative
4,Positive,Negative,0.7841,-0.5216,Positive
4,Positive,Positive,0.7964,0.3818,Positive
1,Neutral,Negative,0.0,-0.765,Negative
3,Positive,Negative,0.8126,-0.549,Positive
4,Positive,Positive,0.9876,0.9699,Positive
3,Positive,Negative,0.7783,-0.25,Positive
5,Positive,Neutral,0.5222,0.0,Positive
3,Positive,Negative,0.7964,-0.765,Positive
3,Positive,Negative,0.5267,-0.2263,Positive
5,Positive,Neutral,0.4404,0.0,Positive
4,Positive,Negative,0.7906,-0.5583,Positive
5,Positive,Neutral,0.9686,0.0,Positive
4,Positive,Negative,0.765,-0.3818,Positive
2,Positive,Positive,0.5267,0.079,Positive
1,Positive,Positive,0.9201,0.3182,Positive
1,Positive,Positive,0.3182,0.7953,Positive
5,Positive,Neutral,0.4404,0.0,Positive
2,Positive,Negative,0.8038,-0.8183,Negative
5,Positive,Neutral,0.7003,0.0,Positive
2,Positive,Negative,0.7717,-0.5423,Positive
3,Positive,Neutral,0.8402,0.0,Positive
2,Positive,Negative,0.7269,-0.7269,Positive
5,Positive,Neutral,0.9761,0.0,Positive
4,Positive,Negative,0.6249,-0.3182,Positive
4,Positive,Neutral,0.6808,0.0,Positive
5,Positive,Positive,0.6249,0.2323,Positive
5,Positive,Negative,0.4939,-0.296,Positive
3,Positive,Positive,0.7506,0.2894,Positive
3,Positive,Negative,0.91,-0.5859,Positive
3,Positive,Neutral,0.765,0.0,Positive
4,Positive,Negative,0.9081,-0.34,Positive
3,Positive,Positive,0.8979,0.8878,Positive
5,Neutral,Neutral,0.0,0.0,Neutral
5,Positive,Negative,0.4404,-0.296,Positive
5,Neutral,Negative,0.0,-0.5096,Positive
5,Positive,Neutral,0.4019,0.0,Positive
3,Positive,Neutral,0.5106,0.0,Positive
2,Positive,Negative,0.6249,-0.9328,Negative
3,Positive,Neutral,0.8807,0.0,Positive
4,Positive,Neutral,0.6258,0.0,Positive
5,Positive,Neutral,0.9818,0.0,Positive
4,Neutral,Negative,0.0,-0.5216,Negative
3,Neutral,Negative,0.0,-0.0772,Negative
3,Positive,Positive,0.6486,0.3197,Positive
4,Positive,Positive,0.2023,0.3612,Positive
3,Positive,Positive,0.3384,0.0772,Negative
3,Positive,Negative,0.4404,-0.4767,Negative
4,Positive,Neutral,0.7845,0.0,Positive
4,Positive,Neutral,0.8555,0.0,Positive
4,Positive,Negative,0.7783,-0.2755,Positive
5,Positive,Negative,0.7783,-0.25,Positive
1,Negative,Negative,-0.5018,-0.9305,Negative
5,Neutral,Neutral,0.0,0.0,Neutral
2,Positive,Negative,0.9336,-0.7915,Positive
3,Positive,Negative,0.3818,-0.1779,Positive
2,Positive,Neutral,0.3182,0.0,Positive
3,Positive,Negative,0.5106,-0.5423,Negative
5,Positive,Neutral,0.4404,0.0,Positive
5,Positive,Positive,0.9313,0.9578,Positive
5,Positive,Neutral,0.9001,0.0,Positive
4,Positive,Negative,0.8932,-0.0644,Positive
3,Positive,Neutral,0.6705,0.0,Positive
4,Neutral,Neutral,0.0,0.0,Neutral
4,Positive,Neutral,0.6908,0.0,Positive
3,Positive,Negative,0.743,-0.3412,Positive
5,Positive,Negative,0.8481,-0.5996,Positive
5,Positive,Positive,0.4404,0.1027,Positive
5,Positive,Neutral,0.4404,0.0,Positive
4,Positive,Positive,0.9393,0.5023,Positive
1,Positive,Neutral,0.5739,-0.0,Positive
4,Positive,Negative,0.891,-0.3989,Positive
4,Positive,Positive,0.6997,0.0772,Positive
3,Neutral,Negative,0.0,-0.5423,Negative
2,Negative,Positive,-0.296,0.0762,Positive
4,Positive,Negative,0.891,-0.1027,Positive
4,Positive,Positive,0.8832,0.5434,Positive
4,Positive,Negative,0.8955,-0.2944,Positive
1,Positive,Positive,0.5859,0.2263,Negative
4,Positive,Negative,0.3818,-0.3612,Positive
5,Positive,Negative,0.9117,-0.1531,Positive
4,Positive,Negative,0.8074,-0.3612,Positive
5,Positive,Negative,0.4404,-0.296,Positive
5,Positive,Positive,0.7717,0.2023,Positive
3,Positive,Positive,0.4019,0.3874,Positive
5,Positive,Negative,0.7264,-0.5423,Positive
5,Positive,Positive,0.9805,0.1901,Positive
3,Positive,Negative,0.4404,-0.743,Negative
5,Positive,Neutral,0.6249,0.0,Positive
4,Positive,Positive,0.6705,0.5106,Positive
4,Positive,Neutral,0.4404,0.0,Positive
4,Positive,Positive,0.5719,0.8126,Positive
2,Positive,Neutral,0.7574,0.0,Positive
1,Neutral,Negative,0.0,-0.9615,Negative
4,Positive,Negative,0.7717,-0.3182,Positive
5,Positive,Neutral,0.6369,0.0,Positive
4,Neutral,Negative,0.0,-0.3612,Positive
3,Positive,Neutral,0.6249,0.0,Positive
3,Positive,Neutral,0.7351,0.0,Positive
4,Positive,Negative,0.762,-0.3182,Positive
4,Positive,Negative,0.8176,-0.2924,Positive
5,Negative,Negative,-0.296,-0.296,Negative
5,Positive,Neutral,0.891,0.0,Positive
3,Positive,Negative,0.7579,-0.2732,Positive
4,Positive,Positive,0.836,0.1779,Positive
4,Positive,Positive,0.7964,0.3818,Positive
5,Positive,Negative,0.9531,-0.296,Positive
3,Positive,Neutral,0.128,0.0,Positive
5,Positive,Negative,0.3818,-0.296,Positive
5,Positive,Positive,0.9886,0.3597,Positive
4,Positive,Neutral,0.875,0.0,Positive
4,Positive,Positive,0.872,0.2484,Positive
1,Positive,Negative,0.6249,-0.5106,Positive
4,Positive,Negative,0.891,-0.2732,Positive
1,Neutral,Negative,0.0,-0.8734,Negative
1,Negative,Negative,-0.3412,-0.7067,Negative
4,Positive,Neutral,0.4588,0.0,Positive
3,Positive,Positive,0.4019,0.1531,Positive
5,Positive,Positive,0.4404,0.25,Positive
1,Neutral,Negative,0.0,-0.3662,Negative
5,Negative,Negative,-0.1027,-0.1027,Negative
3,Positive,Neutral,0.7717,0.0,Positive
4,Positive,Neutral,0.8074,0.0,Positive
5,Positive,Negative,0.7184,-0.145,Positive
5,Neutral,Neutral,0.0,0.0,Positive
4,Positive,Negative,0.9819,-0.7823,Positive
4,Positive,Positive,0.9042,0.3387,Positive
5,Positive,Positive,0.765,0.4585,Positive
4,Positive,Negative,0.6249,-0.296,Positive
4,Positive,Neutral,0.9193,0.0,Positive
4,Positive,Positive,0.3818,0.3818,Positive
5,Positive,Positive,0.8834,0.5574,Positive
5,Positive,Neutral,0.6249,0.0,Positive
3,Positive,Negative,0.7906,-0.4767,Positive
2,Neutral,Negative,0.0,-0.3653,Negative
5,Positive,Neutral,0.9423,0.0,Positive
3,Positive,Negative,0.4404,-0.3182,Negative
3,Positive,Negative,0.9583,-0.7343,Positive
4,Positive,Negative,0.9313,-0.8442,Positive
3,Positive,Negative,0.9688,-0.6597,Positive
3,Positive,Negative,0.765,-0.25,Positive
5,Positive,Positive,0.9036,0.5859,Positive
4,Positive,Negative,0.8779,-0.6072,Positive
3,Negative,Neutral,-0.128,0.0,Negative
5,Positive,Negative,0.3818,-0.1531,Positive
1,Positive,Positive,0.6249,0.5574,Positive
4,Positive,Neutral,0.5719,0.0,Positive
3,Positive,Positive,0.4939,0.25,Positive
2,Positive,Negative,0.7003,-0.6276,Positive
2,Positive,Negative,0.34,-0.7894,Negative
5,Positive,Neutral,0.3818,0.0,Positive
5,Positive,Positive,0.6794,0.2755,Positive
3,Positive,Neutral,0.5574,0.0,Positive
4,Positive,Positive,0.975,0.4404,Positive
1,Positive,Positive,0.8834,0.9946,Positive
3,Positive,Neutral,0.7096,0.0,Positive
5,Positive,Neutral,0.6486,0.0,Positive
3,Positive,Negative,0.9008,-0.0516,Positive
3,Positive,Neutral,0.6369,0.0,Positive
4,Positive,Positive,0.6705,0.1027,Positive
4,Positive,Positive,0.7845,0.3612,Positive
4,Positive,Neutral,0.3818,0.0,Positive
5,Positive,Positive,0.9117,0.9223,Positive
5,Positive,Negative,0.8481,-0.2944,Positive
4,Positive,Negative,0.8271,-0.2991,Positive
5,Positive,Positive,0.9423,0.4585,Positive
5,Positive,Neutral,0.9413,0.0,Positive
1,Neutral,Negative,0.0,-0.5358,Negative
5,Positive,Positive,0.6908,0.1531,Positive
5,Positive,Negative,0.4939,-0.7351,Neutral
4,Positive,Negative,0.7693,-0.296,Positive
4,Positive,Positive,0.9118,0.25,Positive
5,Positive,Negative,0.4404,-0.3412,Positive
3,Positive,Negative,0.6908,-0.128,Positive
5,Neutral,Negative,0.0258,-0.3159,Negative
5,Positive,Negative,0.9467,-0.7096,Positive
4,Positive,Positive,0.9413,0.2263,Positive
4,Positive,Neutral,0.1531,0.0,Positive
2,Negative,Negative,-0.4404,-0.6798,Negative
4,Neutral,Positive,0.0,0.6258,Positive
3,Positive,Positive,0.5859,0.4788,Positive
1,Negative,Negative,-0.0516,-0.8481,Negative
5,Positive,Neutral,0.2023,0.0,Positive
3,Positive,Neutral,0.6369,0.0,Positive
1,Positive,Positive,0.7003,0.8793,Positive
1,Positive,Negative,0.6705,-0.5563,Negative
5,Positive,Neutral,0.8271,0.0,Positive
4,Positive,Neutral,0.7269,0.0,Positive
1,Positive,Negative,0.0772,-0.2755,Negative
5,Positive,Positive,0.765,0.1531,Positive
4,Positive,Positive,0.9462,0.6124,Positive
4,Positive,Neutral,0.7003,0.0,Positive
4,Positive,Positive,0.9682,0.4574,Positive
3,Positive,Positive,0.6917,0.4939,Positive
5,Neutral,Neutral,0.0,0.0,Neutral
2,Positive,Negative,0.8591,-0.4215,Positive
4,Neutral,Neutral,0.0,0.0,Neutral
1,Negative,Neutral,-0.296,0.0,Negative
3,Positive,Neutral,0.8915,0.0,Positive
4,Positive,Neutral,0.6249,0.0,Positive
4,Positive,Neutral,0.7845,0.0,Positive
4,Positive,Negative,0.8555,-0.3182,Positive
3,Positive,Negative,0.5719,-0.5904,Negative
5,Positive,Neutral,0.9633,0.0352,Positive
4,Positive,Negative,0.6249,-0.128,Positive
5,Positive,Positive,0.5106,0.4404,Positive
4,Positive,Positive,0.8402,0.2732,Positive
1,Positive,Neutral,0.796,0.0,Positive
4,Positive,Positive,0.9575,0.3715,Positive
5,Positive,Neutral,0.765,0.0,Positive
5,Positive,Negative,0.9222,-0.128,Positive
5,Positive,Positive,0.872,0.4588,Positive
3,Positive,Negative,0.8271,-0.1027,Positive
5,Positive,Neutral,0.4588,0.0,Positive
4,Positive,Negative,0.936,-0.4082,Positive
2,Neutral,Negative,0.0,-0.6467,Negative
4,Neutral,Positive,0.0,0.6428,Positive
4,Positive,Negative,0.891,-0.0516,Positive
4,Neutral,Neutral,0.0,0.0,Neutral
1,Positive,Negative,0.5106,-0.743,Negative
5,Positive,Positive,0.6249,0.2411,Positive
4,Positive,Negative,0.836,-0.3818,Positive
3,Positive,Positive,0.9599,0.2484,Positive
5,Positive,Neutral,0.7579,0.0,Positive
1,Neutral,Neutral,0.0,0.0,Negative
3,Positive,Neutral,0.6326,0.0258,Positive
5,Positive,Neutral,0.5267,0.0,Positive
1,Positive,Neutral,0.3553,0.0,Positive
3,Positive,Negative,0.6588,-0.653,Positive
5,Positive,Positive,0.8555,0.296,Positive
3,Positive,Positive,0.4404,0.4939,Positive
3,Positive,Neutral,0.2263,0.0,Positive
5,Neutral,Neutral,0.0,0.0,Positive
4,Positive,Positive,0.9393,0.1027,Positive
3,Positive,Negative,0.8672,-0.8358,Negative
4,Positive,Negative,0.8481,-0.3182,Positive
5,Positive,Positive,0.9565,0.2732,Positive
3,Positive,Negative,0.7269,-0.765,Negative
1,Negative,Positive,-0.1027,0.7506,Positive
4,Positive,Negative,0.7964,-0.1027,Positive
4,Positive,Negative,0.8519,-0.6249,Positive
1,Negative,Negative,-0.5583,-0.7906,Negative
5,Positive,Neutral,0.6705,0.0,Positive
1,Neutral,Positive,0.0,0.5972,Positive
5,Positive,Negative,0.8176,-0.7184,Positive
4,Positive,Positive,0.979,0.8074,Positive
5,Positive,Neutral,0.6597,0.0,Positive
3,Positive,Neutral,0.4588,0.0,Positive
3,Positive,Positive,0.7841,0.6204,Positive
3,Positive,Negative,0.9062,-0.5563,Positive
3,Positive,Negative,0.7783,-0.6124,Positive
5,Neutral,Positive,0.0,0.765,Positive
1,Neutral,Negative,0.0,-0.5399,Negative
5,Positive,Neutral,0.6369,0.0,Positive
4,Positive,Negative,0.872,-0.0813,Positive
4,Positive,Neutral,0.9595,0.0,Positive
4,Positive,Negative,0.7717,-0.25,Positive
2,Positive,Negative,0.6249,-0.715,Negative
3,Negative,Neutral,-0.1027,0.0,Positive
4,Positive,Neutral,0.8402,0.0,Positive
4,Positive,Negative,0.7269,-0.6249,Positive
5,Positive,Negative,0.6369,-0.3182,Positive
5,Positive,Neutral,0.6705,0.0,Positive
3,Positive,Negative,0.8807,-0.6653,Positive
4,Positive,Positive,0.9509,0.5208,Positive
4,Positive,Positive,0.5559,0.1531,Positive
3,Negative,Neutral,-0.2023,0.0,Negative
3,Positive,Negative,0.5562,-0.5426,Positive
4,Positive,Neutral,0.5859,0.0,Positive
4,Positive,Negative,0.3182,-0.1761,Positive
4,Positive,Neutral,0.836,0.0,Positive
4,Positive,Positive,0.7717,0.5408,Positive
3,Positive,Negative,0.7269,-0.4939,Positive
4,Positive,Negative,0.7901,-0.2247,Positive
2,Positive,Positive,0.8271,0.8115,Positive
4,Positive,Negative,0.886,-0.4939,Positive
4,Positive,Neutral,0.6249,0.0,Positive
4,Positive,Negative,0.6124,-0.8271,Negative
5,Positive,Neutral,0.7841,0.0,Positive
5,Positive,Negative,0.9286,-0.4958,Positive
4,Positive,Positive,0.8555,0.5106,Positive
2,Neutral,Negative,0.0,-0.2469,Negative
5,Positive,Negative,0.6249,-0.296,Positive
4,Positive,Negative,0.4404,-0.5242,Positive
3,Positive,Positive,0.9182,0.2484,Positive
5,Positive,Neutral,0.4404,0.0,Positive
4,Positive,Neutral,0.7964,0.0,Positive
3,Positive,Neutral,0.4939,0.0,Positive
3,Positive,Positive,0.8932,0.2698,Positive
5,Positive,Negative,0.9468,-0.8206,Positive
3,Positive,Neutral,0.3182,0.0,Positive
2,Neutral,Negative,0.0,-0.8623,Negative
2,Positive,Negative,0.9451,-0.7517,Positive
2,Neutral,Neutral,0.0,0.0,Negative
5,Positive,Positive,0.7906,0.5256,Positive
5,Positive,Negative,0.9851,-0.4868,Positive
4,Positive,Negative,0.3818,-0.2088,Positive
5,Positive,Neutral,0.9313,0.0,Positive
3,Positive,Positive,0.6124,0.1779,Positive
5,Positive,Negative,0.891,-0.296,Positive
5,Positive,Positive,0.2732,0.3182,Positive
5,Positive,Negative,0.8834,-0.3415,Positive
5,Positive,Neutral,0.5267,0.0,Positive
4,Negative,Positive,-0.5994,0.6369,Positive
2,Positive,Positive,0.8834,0.9912,Positive
4,Positive,Neutral,0.9201,0.0,Positive
4,Positive,Neutral,0.6369,0.0,Positive
4,Positive,Neutral,0.6586,0.0,Positive
4,Positive,Neutral,0.6908,0.0,Positive
4,Positive,Negative,0.8431,-0.7616,Negative
3,Positive,Negative,0.6124,-0.3182,Positive
5,Positive,Neutral,0.5106,0.0,Positive
4,Positive,Neutral,0.7351,0.0,Positive
2,Positive,Negative,0.9201,-0.0516,Positive
1,Positive,Negative,0.8126,-0.7769,Positive
3,Positive,Negative,0.7351,-0.5556,Positive
4,Positive,Negative,0.4767,-0.3412,Positive
1,Positive,Neutral,0.6705,-0.0031,Positive
5,Positive,Neutral,0.6222,0.0,Positive
3,Positive,Positive,0.836,0.296,Positive
3,Positive,Neutral,0.6908,0.0,Positive
4,Positive,Positive,0.9531,0.4094,Positive
1,Neutral,Positive,0.0,0.09,Positive
3,Positive,Negative,0.6808,-0.2924,Positive
4,Positive,Negative,0.8126,-0.6229,Positive
5,Positive,Negative,0.4404,-0.4939,Negative
1,Positive,Negative,0.5994,-0.8296,Negative
4,Positive,Positive,0.9762,0.4215,Positive
4,Positive,Negative,0.7003,-0.2263,Positive
2,Positive,Negative,0.8658,-0.5594,Positive
4,Negative,Positive,-0.296,0.6369,Positive
4,Neutral,Positive,0.0,0.1027,Positive
2,Positive,Negative,0.4742,-0.7003,Negative
3,Positive,Neutral,0.7906,0.0,Positive
4,Positive,Positive,0.9231,0.4215,Positive
2,Positive,Negative,0.836,-0.2028,Positive
3,Positive,Negative,0.7906,-0.8565,Positive
2,Positive,Negative,0.8957,-0.9113,Positive
4,Positive,Negative,0.7964,-0.4201,Positive
4,Positive,Negative,0.6369,-0.4588,Positive
4,Positive,Positive,0.4215,0.323,Positive
5,Positive,Negative,0.4019,-0.5106,Neutral
4,Positive,Negative,0.8927,-0.4404,Positive
3,Negative,Negative,-0.4767,-0.5095,Negative
2,Positive,Negative,0.926,-0.5267,Positive
3,Positive,Negative,0.8225,-0.2315,Positive
4,Negative,Neutral,-0.1779,0.0,Positive
4,Positive,Positive,0.5106,0.296,Positive
2,Positive,Positive,0.8627,0.34,Positive
4,Positive,Negative,0.7351,-0.5719,Positive
4,Positive,Positive,0.9738,0.9279,Positive
4,Positive,Negative,0.908,-0.1027,Positive
3,Positive,Positive,0.8442,0.3553,Positive
5,Neutral,Neutral,0.0,0.0,Neutral
4,Positive,Neutral,0.5719,0.0,Positive
3,Neutral,Positive,0.0,0.4404,Positive
1,Positive,Positive,0.9094,0.9797,Positive
5,Positive,Neutral,0.4927,0.0,Positive
4,Positive,Negative,0.4939,-0.4588,Positive
5,Positive,Neutral,0.4939,0.0,Positive
3,Positive,Neutral,0.7351,0.0,Positive
2,Positive,Negative,0.6705,-0.8934,Negative
1,Positive,Positive,0.875,0.583,Positive
5,Positive,Neutral,0.5719,0.0,Positive
5,Positive,Negative,0.6908,-0.2944,Positive
3,Positive,Negative,0.7076,-0.7264,Negative
4,Positive,Positive,0.8885,0.5046,Positive
1,Positive,Negative,0.9201,-0.5267,Positive
4,Positive,Negative,0.4567,-0.211,Positive
3,Positive,Positive,0.8658,0.2247,Positive
4,Positive,Neutral,0.6249,0.0,Positive
3,Positive,Positive,0.4404,0.4091,Positive
4,Positive,Negative,0.6908,-0.4773,Positive
2,Positive,Negative,0.3818,-0.4898,Negative
5,Positive,Neutral,0.875,0.0,Positive
4,Positive,Neutral,0.6369,0.0,Positive
3,Positive,Neutral,0.6808,0.0,Negative
3,Positive,Positive,0.7717,0.2691,Positive
5,Neutral,Neutral,0.0,0.0,Neutral
4,Positive,Negative,0.8625,-0.6893,Positive
3,Positive,Positive,0.6908,0.2023,Positive
5,Positive,Positive,0.9382,0.7182,Positive
4,Positive,Negative,0.8591,-0.4215,Positive
5,Positive,Neutral,0.6486,0.0,Positive
3,Positive,Positive,0.5719,0.0772,Positive
5,Positive,Negative,0.6249,-0.2812,Positive
3,Positive,Negative,0.4404,-0.1027,Positive
4,Positive,Negative,0.6369,-0.25,Positive
5,Positive,Neutral,0.7003,0.0,Positive
5,Positive,Positive,0.886,0.5709,Positive
5,Positive,Neutral,0.7425,0.0,Positive
5,Neutral,Positive,0.0,0.738,Positive
4,Positive,Positive,0.807,0.4404,Positive
4,Positive,Positive,0.9299,0.2732,Positive
1,Positive,Negative,0.5106,-0.8485,Negative
5,Positive,Negative,0.6901,-0.4927,Positive
1,Positive,Negative,0.7717,-0.7783,Neutral
4,Positive,Neutral,0.8225,0.0,Positive
4,Positive,Negative,0.8555,-0.296,Positive
5,Positive,Neutral,0.6597,0.0,Positive
4,Positive,Negative,0.8481,-0.34,Positive
4,Positive,Neutral,0.765,0.0,Positive
4,Positive,Neutral,0.3818,0.0,Positive
5,Positive,Positive,0.1531,0.4404,Positive
4,Positive,Positive,0.9118,0.0772,Positive
3,Neutral,Positive,0.0,0.0772,Positive
3,Positive,Positive,0.836,0.7684,Positive
5,Positive,Negative,0.7845,-0.1027,Positive
4,Neutral,Negative,0.0,-0.1027,Positive
3,Positive,Negative,0.2263,-0.296,Positive
5,Positive,Negative,0.9168,-0.5106,Positive
4,Positive,Neutral,0.4939,0.0,Positive
4,Positive,Positive,0.9242,0.6834,Positive
5,Positive,Neutral,0.9335,0.0,Positive
5,Neutral,Positive,0.0,0.4019,Positive
4,Positive,Positive,0.2484,0.1513,Positive
4,Positive,Negative,0.4939,-0.3182,Positive
1,Positive,Negative,0.6908,-0.9062,Negative
2,Positive,Neutral,0.8481,0.0,Positive
2,Positive,Neutral,0.2263,0.0,Negative
4,Positive,Positive,0.6705,0.8979,Positive
4,Positive,Positive,0.4927,0.4404,Positive
2,Positive,Positive,0.3239,0.5106,Positive
4,Positive,Neutral,0.6705,0.0,Positive
4,Neutral,Positive,0.0,0.4939,Positive
2,Positive,Negative,0.9468,-0.5493,Positive
4,Positive,Neutral,0.7351,0.0,Positive
1,Positive,Positive,0.9231,0.2023,Positive
3,Positive,Positive,0.7506,0.7116,Positive
4,Neutral,Negative,0.0,-0.3818,Negative
4,Positive,Negative,0.4404,-0.5267,Negative
5,Positive,Negative,0.6249,-0.296,Positive
4,Positive,Negative,0.4404,-0.2382,Neutral
5,Positive,Neutral,0.6249,0.0,Positive
4,Positive,Neutral,0.3597,0.0,Positive
4,Positive,Neutral,0.7003,0.0,Positive
4,Positive,Positive,0.872,0.05,Positive
4,Positive,Neutral,0.9324,0.0,Positive
3,Positive,Negative,0.4404,-0.25,Positive
5,Positive,Negative,0.8519,-0.5795,Positive
4,Positive,Positive,0.6808,0.2682,Positive
3,Positive,Negative,0.5616,-0.4767,Positive
3,Positive,Positive,0.7351,0.3607,Positive
3,Positive,Positive,0.9201,0.4207,Positive
2,Positive,Negative,0.6705,-0.296,Positive
3,Positive,Positive,0.7717,0.4939,Positive
3,Positive,Neutral,0.7906,0.0,Positive
3,Positive,Negative,0.3818,-0.6486,Positive
5,Positive,Positive,0.4215,0.6804,Positive
4,Positive,Positive,0.6249,0.2023,Positive
4,Negative,Positive,-0.5719,0.6526,Positive
5,Positive,Neutral,0.7964,0.0,Positive
4,Positive,Positive,0.8126,0.1326,Positive
2,Negative,Neutral,-0.1027,0.0,Negative
3,Positive,Positive,0.34,0.2057,Positive
3,Positive,Negative,0.7506,-0.5151,Positive
3,Positive,Negative,0.9337,-0.7003,Positive
4,Positive,Neutral,0.9788,0.0,Positive
4,Positive,Negative,0.9764,-0.0516,Positive
4,Positive,Positive,0.9169,0.9169,Positive
5,Positive,Negative,0.9371,-0.296,Positive
4,Positive,Negative,0.6753,-0.1027,Positive
2,Positive,Negative,0.8074,-0.1531,Positive
1,Positive,Negative,0.7351,-0.8979,Negative
4,Neutral,Positive,0.0,0.2212,Positive
1,Positive,Negative,0.4466,-0.6597,Negative
4,Positive,Negative,0.6908,-0.204,Positive
5,Positive,Neutral,0.7184,0.0,Positive
4,Positive,Neutral,0.3848,0.0,Positive
1,Neutral,Negative,0.0,-0.7351,Negative
5,Positive,Negative,0.3595,-0.2263,Positive
2,Positive,Positive,0.34,0.8955,Positive
4,Positive,Positive,0.34,0.5267,Positive
3,Positive,Neutral,0.1779,0.0,Positive
3,Positive,Neutral,0.7269,0.0,Positive
5,Positive,Positive,0.9337,0.4588,Positive
3,Positive,Negative,0.8555,-0.2709,Positive
3,Positive,Negative,0.8074,-0.3195,Positive
4,Positive,Neutral,0.6249,0.0,Positive
5,Positive,Negative,0.9682,-0.296,Positive
5,Positive,Positive,0.6486,0.1779,Positive
4,Positive,Positive,0.6249,0.34,Positive
1,Positive,Negative,0.3818,-0.4588,Positive
3,Positive,Positive,0.6249,0.0772,Positive
3,Positive,Positive,0.4215,0.4404,Positive
5,Positive,Neutral,0.4927,0.0,Positive
4,Positive,Negative,0.7269,-0.25,Positive
2,Positive,Negative,0.4754,-0.714,Negative
5,Positive,Neutral,0.6908,0.0,Positive
5,Positive,Neutral,0.6808,0.0,Positive
5,Positive,Positive,0.91,0.3612,Positive
4,Positive,Positive,0.8779,0.4082,Positive
5,Positive,Neutral,0.836,0.0,Positive
4,Positive,Neutral,0.3818,0.0,Positive
4,Positive,Negative,0.743,-0.1027,Positive
5,Positive,Neutral,0.2732,0.0,Positive
5,Positive,Neutral,0.3818,0.0,Positive
4,Positive,Positive,0.6597,0.6705,Positive
4,Positive,Negative,0.3818,-0.3182,Positive
5,Positive,Positive,0.6249,0.2023,Positive
4,Positive,Neutral,0.7506,0.0,Positive
5,Neutral,Neutral,0.0,0.0,Positive
5,Positive,Neutral,0.8176,0.0,Positive
4,Positive,Neutral,0.7783,0.0,Positive
5,Positive,Negative,0.4404,-0.5875,Positive
3,Positive,Negative,0.6249,-0.3818,Positive
3,Positive,Negative,0.6369,-0.5145,Positive
4,Positive,Negative,0.9729,-0.9167,Positive
5,Neutral,Neutral,0.0,-0.0276,Positive
3,Positive,Negative,0.7906,-0.1027,Positive
5,Positive,Neutral,0.6249,0.0,Positive
4,Positive,Negative,0.836,-0.25,Positive
4,Positive,Neutral,0.7906,0.0,Positive
4,Positive,Negative,0.3818,-0.4023,Positive
3,Neutral,Positive,0.0,0.4404,Positive
4,Neutral,Positive,0.0,0.4927,Positive
4,Positive,Positive,0.8979,0.2263,Positive
2,Neutral,Negative,0.0,-0.5106,Negative
5,Positive,Neutral,0.926,0.0,Positive
4,Positive,Negative,0.9509,-0.296,Positive
5,Positive,Positive,0.5327,0.4854,Positive
5,Positive,Negative,0.7506,-0.3252,Positive
3,Positive,Negative,0.8689,-0.2732,Positive
2,Positive,Negative,0.4215,-0.7208,Negative
5,Positive,Positive,0.4939,0.5023,Positive
4,Positive,Neutral,0.4939,0.0,Positive
4,Positive,Neutral,0.762,0.0,Positive
4,Positive,Negative,0.4404,-0.4767,Positive
3,Positive,Negative,0.431,-0.2023,Positive
4,Positive,Positive,0.6369,0.3818,Positive
4,Positive,Negative,0.9186,-0.6486,Positive
3,Negative,Neutral,-0.3818,0.0,Negative
4,Positive,Neutral,0.8807,0.0,Positive
4,Positive,Positive,0.4927,0.25,Positive
5,Positive,Neutral,0.8481,0.0,Positive
4,Neutral,Neutral,0.0,0.0,Neutral
5,Positive,Positive,0.8402,0.2023,Positive
5,Positive,Neutral,0.4404,0.0,Positive
5,Positive,Neutral,0.2732,0.0,Positive
3,Neutral,Negative,0.0,-0.3612,Negative
1,Positive,Negative,0.4391,-0.7889,Negative
4,Positive,Neutral,0.7003,0.0,Positive
5,Neutral,Neutral,0.0,0.0,Neutral
2,Positive,Neutral,0.91,-0.0,Positive
3,Positive,Neutral,0.2023,0.0,Positive
5,Positive,Neutral,0.9022,0.0,Positive
4,Positive,Negative,0.25,-0.128,Neutral
5,Positive,Positive,0.4404,0.6597,Positive
5,Neutral,Neutral,0.0,0.0,Neutral
5,Positive,Negative,0.7845,-0.296,Positive
4,Positive,Positive,0.8885,0.0772,Positive
5,Positive,Negative,0.9643,-0.4741,Positive
5,Positive,Neutral,0.9022,0.0,Positive
4,Positive,Negative,0.7906,-0.1027,Positive
5,Positive,Positive,0.296,0.7579,Positive
2,Positive,Negative,0.3612,-0.2222,Positive
4,Positive,Neutral,0.7579,0.0,Positive
3,Positive,Negative,0.6249,-0.3612,Positive
3,Positive,Negative,0.2263,-0.4215,Negative
2,Neutral,Negative,0.0,-0.3818,Negative
4,Positive,Negative,0.25,-0.3612,Positive
4,Positive,Positive,0.8555,0.4939,Positive
4,Positive,Neutral,0.8591,0.0,Positive
1,Neutral,Positive,0.0,0.2864,Neutral
3,Positive,Negative,0.6249,-0.3612,Negative
3,Positive,Negative,0.2263,-0.6467,Negative
3,Neutral,Positive,0.0258,0.2263,Positive
4,Positive,Negative,0.8225,-0.5106,Positive
5,Positive,Negative,0.3804,-0.296,Positive
4,Positive,Neutral,0.3818,0.0,Positive
2,Positive,Negative,0.5423,-0.6486,Negative
4,Positive,Positive,0.4404,0.6249,Positive
4,Positive,Positive,0.6908,0.651,Positive
5,Positive,Neutral,0.6461,0.0,Positive
4,Positive,Neutral,0.3818,-0.0258,Positive
2,Positive,Negative,0.705,-0.6908,Negative
5,Positive,Neutral,0.4576,0.0,Positive
3,Positive,Positive,0.4404,0.1265,Positive
4,Positive,Positive,0.7178,0.4767,Positive
5,Positive,Positive,0.8519,0.5106,Positive
4,Positive,Negative,0.7845,-0.6597,Positive
4,Positive,Neutral,0.8481,0.0,Positive
4,Positive,Negative,0.8442,-0.4588,Positive
5,Positive,Negative,0.926,-0.296,Positive
4,Positive,Positive,0.994,0.5199,Positive
4,Neutral,Negative,0.0,-0.296,Negative
4,Positive,Negative,0.6908,-0.4767,Positive
5,Positive,Negative,0.9468,-0.3612,Positive
4,Positive,Negative,0.5423,-0.3182,Positive
2,Positive,Negative,0.8402,-0.9217,Negative
4,Positive,Neutral,0.8689,0.0,Positive
3,Positive,Neutral,0.3612,0.0,Positive
4,Positive,Negative,0.6705,-0.1179,Positive
4,Positive,Negative,0.7717,-0.3557,Positive
3,Positive,Negative,0.5859,-0.1027,Positive
3,Positive,Negative,0.9062,-0.9081,Negative
4,Positive,Neutral,0.4404,0.0,Positive
5,Positive,Positive,0.4215,0.3182,Positive
2,Positive,Positive,0.1779,0.128,Positive
4,Positive,Positive,0.8947,0.4218,Positive
5,Positive,Positive,0.9201,0.8316,Positive
5,Positive,Positive,0.5719,0.4919,Positive
4,Positive,Negative,0.9349,-0.1967,Positive
3,Positive,Negative,0.5859,-0.8555,Negative
3,Positive,Positive,0.9325,0.9813,Positive
5,Positive,Neutral,0.743,0.0,Positive
4,Positive,Positive,0.8176,0.296,Positive
3,Positive,Negative,0.8271,-0.0772,Positive
3,Positive,Neutral,0.8957,0.0,Positive
5,Positive,Positive,0.6486,0.5423,Positive
5,Negative,Negative,-0.2023,-0.5093,Positive
5,Positive,Negative,0.7906,-0.4629,Positive
3,Positive,Negative,0.4404,-0.5423,Negative
3,Positive,Negative,0.7906,-0.5346,Positive
2,Negative,Negative,-0.1027,-0.8271,Negative
1,Positive,Positive,0.4404,0.2263,Positive
5,Neutral,Negative,0.0,-0.1531,Positive
5,Positive,Neutral,0.765,0.0,Positive
5,Positive,Neutral,0.9791,0.0,Positive
4,Positive,Negative,0.4939,-0.6597,Positive
3,Positive,Positive,0.5842,0.7184,Positive
3,Positive,Positive,0.8481,0.2235,Positive
3,Positive,Negative,0.3818,-0.6144,Positive
5,Positive,Negative,0.7351,-0.2263,Positive
4,Positive,Positive,0.5859,0.3832,Positive
4,Positive,Positive,0.797,0.5984,Positive
3,Positive,Negative,0.8126,-0.8203,Neutral
2,Positive,Negative,0.8074,-0.6227,Negative
3,Negative,Negative,-0.5583,-0.296,Negative
3,Positive,Positive,0.7682,0.3687,Positive
1,Negative,Negative,-0.3515,-0.9591,Negative
5,Positive,Neutral,0.4927,0.0,Positive
4,Positive,Neutral,0.8553,0.0,Positive
4,Positive,Negative,0.8588,-0.6377,Positive
5,Positive,Neutral,0.7579,0.0,Positive
3,Neutral,Negative,0.0,-0.7293,Negative
2,Positive,Positive,0.8671,0.94,Positive
4,Positive,Negative,0.8481,-0.3597,Positive
3,Positive,Negative,0.8026,-0.5183,Positive
5,Positive,Neutral,0.7003,0.0,Positive
4,Positive,Neutral,0.2023,0.0,Positive
4,Positive,Positive,0.7351,0.0772,Positive
5,Positive,Neutral,0.8934,0.0,Positive
4,Positive,Neutral,0.8658,0.0,Positive
3,Positive,Negative,0.656,-0.296,Positive
5,Positive,Neutral,0.8481,0.0,Positive
1,Positive,Negative,0.4404,-0.1366,Positive
5,Positive,Positive,0.7579,0.1779,Positive
2,Positive,Positive,0.5859,0.7574,Positive
4,Neutral,Neutral,0.0,0.0,Neutral
2,Positive,Negative,0.25,-0.4019,Positive
3,Positive,Negative,0.7713,-0.4404,Positive
3,Positive,Negative,0.4404,-0.5799,Negative
3,Positive,Negative,0.872,-0.6486,Positive
3,Positive,Negative,0.8591,-0.5267,Positive
3,Positive,Negative,0.4404,-0.2732,Positive
4,Positive,Negative,0.7351,-0.2924,Positive
1,Positive,Negative,0.4215,-0.671,Negative
4,Neutral,Positive,0.0,0.4404,Positive
2,Positive,Negative,0.6249,-0.2944,Positive
1,Negative,Negative,-0.1027,-0.9134,Negative
5,Positive,Positive,0.9311,0.6597,Positive
5,Positive,Positive,0.8481,0.6249,Positive
4,Positive,Negative,0.6901,-0.2732,Positive
4,Neutral,Negative,0.0,-0.5216,Negative
5,Positive,Neutral,0.7096,0.0,Positive
3,Positive,Positive,0.5719,0.0571,Positive
4,Positive,Positive,0.8316,0.6249,Positive
5,Positive,Negative,0.9501,-0.4019,Positive
5,Positive,Neutral,0.8126,0.0,Positive
5,Positive,Positive,0.6249,0.4404,Positive
3,Positive,Negative,0.7845,-0.3182,Positive
5,Neutral,Negative,0.0,-0.3182,Positive
3,Positive,Negative,0.7906,-0.296,Positive
2,Positive,Neutral,0.6249,-0.0284,Positive
5,Positive,Negative,0.7619,-0.2755,Positive
4,Positive,Positive,0.9022,0.8847,Positive
4,Positive,Neutral,0.6808,0.0,Positive
5,Positive,Negative,0.8689,-0.2998,Positive
3,Positive,Negative,0.7351,-0.2732,Positive
5,Positive,Neutral,0.4404,0.0,Positive
4,Neutral,Neutral,0.0,0.0,Neutral
3,Positive,Negative,0.5106,-0.4023,Positive
5,Positive,Positive,0.9231,0.765,Positive
5,Positive,Positive,0.7397,0.1779,Positive
5,Positive,Negative,0.6697,-0.1027,Positive
1,Negative,Negative,-0.6801,-0.4348,Negative
5,Positive,Neutral,0.7717,0.0,Positive
4,Positive,Negative,0.2263,-0.8395,Negative
4,Positive,Neutral,0.6249,0.0,Positive
3,Positive,Neutral,0.9022,0.0,Positive
4,Positive,Negative,0.4404,-0.3612,Positive
5,Positive,Positive,0.7579,0.6486,Positive
4,Positive,Positive,0.3612,0.1779,Positive
5,Positive,Neutral,0.2944,0.0,Positive
3,Positive,Neutral,0.3818,0.0,Positive
5,Positive,Positive,0.8917,0.3612,Positive
4,Positive,Negative,0.6369,-0.1511,Positive
1,Neutral,Negative,0.0,-0.8957,Negative
4,Positive,Positive,0.6908,0.3818,Positive
5,Positive,Positive,0.9643,0.2263,Positive
5,Positive,Negative,0.6808,-0.296,Positive
3,Positive,Negative,0.7096,-0.5106,Positive
5,Positive,Positive,0.9134,0.1494,Positive
4,Neutral,Positive,0.0,0.125,Positive
4,Positive,Neutral,0.6486,0.0,Positive
1,Positive,Negative,0.34,-0.8949,Negative
4,Positive,Neutral,0.8126,0.0,Positive
5,Positive,Negative,0.4199,-0.7579,Positive
5,Positive,Negative,0.7964,-0.4391,Positive
4,Positive,Negative,0.3064,-0.2732,Negative
4,Positive,Neutral,0.6705,0.0,Positive
1,Positive,Negative,0.8197,-0.3818,Positive
2,Positive,Negative,0.886,-0.829,Negative
1,Positive,Neutral,0.5106,-0.0,Positive
4,Positive,Negative,0.6249,-0.2263,Positive
4,Positive,Negative,0.6597,-0.4767,Positive
5,Positive,Negative,0.4404,-0.296,Positive
5,Positive,Negative,0.6369,-0.3566,Positive
5,Positive,Negative,0.4404,-0.7382,Negative
3,Positive,Negative,0.4927,-0.6983,Positive
5,Positive,Positive,0.9438,0.9663,Positive
5,Positive,Negative,0.9558,-0.126,Positive
5,Positive,Positive,0.9278,0.395,Positive
4,Positive,Neutral,0.6249,0.0,Positive
3,Positive,Negative,0.7003,-0.7827,Positive
4,Positive,Neutral,0.2263,0.0,Positive
3,Positive,Negative,0.8251,-0.5296,Positive
4,Positive,Negative,0.4404,-0.2187,Positive
3,Positive,Negative,0.8805,-0.3291,Positive
3,Positive,Negative,0.4215,-0.1027,Positive
4,Positive,Negative,0.9129,-0.727,Positive
1,Positive,Negative,0.7579,-0.6705,Negative
4,Positive,Negative,0.6369,-0.3182,Positive
4,Positive,Negative,0.5859,-0.4019,Positive
4,Positive,Neutral,0.7269,0.0,Positive
5,Positive,Positive,0.4391,0.4469,Positive
5,Positive,Positive,0.3818,0.2247,Positive
4,Positive,Negative,0.5995,-0.3412,Positive
4,Positive,Negative,0.9136,-0.6771,Positive
2,Positive,Positive,0.5719,0.4522,Positive
3,Neutral,Negative,0.0,-0.7351,Negative
5,Positive,Neutral,0.9153,0.0,Positive
5,Positive,Positive,0.68,0.4767,Positive
1,Positive,Neutral,0.5859,0.0,Positive
2,Positive,Neutral,0.4215,0.0,Positive
1,Positive,Negative,0.8591,-0.347,Positive
4,Positive,Neutral,0.7906,0.0,Positive
4,Positive,Positive,0.7717,0.296,Positive
5,Positive,Positive,0.5994,0.431,Positive
4,Positive,Neutral,0.8885,0.0,Positive
3,Positive,Neutral,0.296,0.0,Positive
3,Positive,Negative,0.765,-0.9096,Negative
5,Positive,Neutral,0.4019,0.0,Positive
4,Positive,Positive,0.6249,0.1531,Positive
3,Positive,Positive,0.7269,0.25,Positive
4,Positive,Neutral,0.6249,0.0,Positive
3,Positive,Positive,0.4404,0.4215,Positive
3,Neutral,Negative,0.0,-0.6808,Negative
4,Positive,Negative,0.8126,-0.1027,Positive
5,Positive,Positive,0.9468,0.5429,Positive
4,Positive,Negative,0.8126,-0.5136,Positive
2,Negative,Negative,-0.296,-0.3089,Negative
3,Positive,Negative,0.6369,-0.5859,Positive
2,Positive,Negative,0.3182,-0.8264,Negative
4,Positive,Positive,0.9246,0.3818,Positive
5,Positive,Negative,0.4404,-0.3612,Positive
5,Positive,Negative,0.2732,-0.3612,Negative
4,Positive,Negative,0.6249,-0.128,Positive
2,Positive,Negative,0.7906,-0.4721,Positive
4,Positive,Neutral,0.6249,0.0,Positive
1,Neutral,Negative,0.0,-0.5256,Negative
3,Positive,Negative,0.9001,-0.6908,Positive
3,Positive,Positive,0.5859,0.1531,Positive
5,Positive,Negative,0.6705,-0.5106,Positive
5,Positive,Positive,0.8519,0.3818,Positive
4,Positive,Negative,0.8955,-0.2584,Positive
2,Positive,Negative,0.865,-0.4939,Positive
1,Positive,Positive,0.2846,0.6297,Positive
4,Positive,Positive,0.8858,0.5525,Positive
3,Positive,Negative,0.7871,-0.2732,Positive
5,Positive,Negative,0.6808,-0.7003,Positive
1,Neutral,Negative,0.0,-0.3875,Negative
3,Positive,Negative,0.9299,-0.8879,Positive
4,Positive,Neutral,0.3167,0.0,Positive
5,Positive,Positive,0.7717,0.4019,Positive
3,Positive,Neutral,0.6908,0.0,Positive
5,Positive,Negative,0.9501,-0.7522,Positive
5,Positive,Neutral,0.4215,0.0,Positive
2,Positive,Positive,0.9893,0.8201,Positive
5,Positive,Negative,0.8126,-0.296,Positive
5,Positive,Neutral,0.6705,0.0,Positive
4,Positive,Negative,0.9212,-0.296,Positive
5,Positive,Negative,0.7906,-0.5352,Positive
4,Positive,Neutral,0.8885,0.0,Positive
5,Positive,Negative,0.6808,-0.296,Positive
2,Positive,Negative,0.6239,-0.9219,Negative
5,Positive,Positive,0.8999,0.1779,Positive
4,Positive,Negative,0.4404,-0.5472,Positive
4,Positive,Positive,0.6249,0.4019,Positive
5,Positive,Positive,0.8979,0.3612,Positive
5,Negative,Negative,-0.1027,-0.3446,Neutral
4,Neutral,Neutral,0.0,0.0,Positive
3,Neutral,Negative,0.0258,-0.2755,Negative
4,Positive,Negative,0.4927,-0.4767,Neutral
4,Positive,Neutral,0.8176,0.0,Positive
3,Neutral,Negative,0.0,-0.1847,Negative
3,Neutral,Neutral,0.0,0.0,Neutral
5,Positive,Neutral,0.8402,0.0,Positive
5,Positive,Positive,0.9356,0.864,Positive
4,Positive,Positive,0.6808,0.1027,Positive
2,Positive,Neutral,0.8481,0.0,Positive
3,Positive,Negative,0.9729,-0.3582,Positive
3,Positive,Negative,0.7841,-0.2263,Positive
4,Positive,Positive,0.2944,0.7089,Positive
3,Positive,Positive,0.4404,0.4404,Positive
5,Positive,Positive,0.8442,0.8074,Positive
4,Positive,Negative,0.93,-0.4023,Positive
4,Positive,Negative,0.7579,-0.2732,Positive
5,Neutral,Neutral,0.0,0.0,Positive
3,Positive,Negative,0.875,-0.2023,Positive
4,Positive,Neutral,0.7269,0.0,Positive
3,Positive,Negative,0.4404,-0.2263,Negative
4,Positive,Negative,0.8316,-0.34,Positive
3,Positive,Positive,0.4215,0.5267,Positive
4,Positive,Positive,0.975,0.2732,Positive
4,Positive,Negative,0.374,-0.296,Positive
4,Positive,Negative,0.7717,-0.2411,Positive
4,Positive,Neutral,0.743,0.0,Positive
4,Neutral,Negative,0.0,-0.3713,Negative
5,Positive,Positive,0.5106,0.5106,Positive
3,Negative,Positive,-0.1027,0.1779,Positive
3,Positive,Negative,0.4404,-0.2924,Positive
5,Positive,Neutral,0.8689,0.0,Positive
4,Positive,Neutral,0.7269,0.0,Positive
5,Positive,Negative,0.2263,-0.5239,Positive
4,Positive,Negative,0.6249,-0.296,Positive
3,Positive,Neutral,0.8481,0.0185,Positive
4,Positive,Neutral,0.9231,0.0,Positive
2,Positive,Negative,0.7184,-0.4404,Positive
5,Positive,Negative,0.8402,-0.2263,Positive
4,Positive,Negative,0.8658,-0.3612,Positive
4,Positive,Negative,0.8979,-0.2551,Positive
4,Positive,Positive,0.875,0.9042,Positive
2,Neutral,Positive,0.0,0.2023,Positive
4,Positive,Neutral,0.7351,0.0,Positive
2,Positive,Positive,0.6249,0.6705,Positive
3,Positive,Neutral,0.296,0.0,Positive
3,Positive,Negative,0.6808,-0.4939,Positive
4,Positive,Negative,0.875,-0.5423,Positive
5,Positive,Neutral,0.6249,0.0,Positive
3,Positive,Negative,0.5859,-0.1847,Positive
4,Positive,Neutral,0.886,0.0,Positive
5,Positive,Neutral,0.9204,0.0,Positive
3,Positive,Neutral,0.6369,0.0,Positive
5,Positive,Positive,0.6249,0.6249,Positive
4,Positive,Positive,0.6249,0.6369,Positive
1,Neutral,Negative,0.0,-0.7717,Negative
2,Negative,Positive,-0.743,0.2677,Negative
4,Positive,Neutral,0.4404,0.0,Positive
2,Positive,Negative,0.4404,-0.7439,Positive
4,Positive,Negative,0.9217,-0.8402,Positive
4,Positive,Negative,0.7906,-0.2177,Positive
5,Positive,Negative,0.8402,-0.3612,Positive
4,Positive,Negative,0.2263,-0.3818,Positive
4,Positive,Negative,0.5719,-0.3804,Positive
3,Neutral,Neutral,0.0,0.0,Negative
5,Positive,Positive,0.4404,0.296,Positive
4,Positive,Negative,0.7184,-0.2263,Positive
1,Positive,Positive,0.9201,0.7883,Positive
2,Positive,Positive,0.8834,0.25,Positive
1,Positive,Positive,0.4019,0.872,Positive
5,Positive,Negative,0.9719,-0.3595,Positive
5,Positive,Neutral,0.4404,0.0,Negative
3,Positive,Negative,0.3993,-0.0516,Positive
4,Positive,Neutral,0.8016,-0.0072,Positive
2,Positive,Neutral,0.4404,0.0,Negative
4,Positive,Neutral,0.7845,0.0,Positive
3,Positive,Negative,0.9337,-0.7424,Positive
3,Positive,Positive,0.9726,0.7269,Positive
5,Positive,Negative,0.8519,-0.5106,Positive
4,Positive,Negative,0.3818,-0.6597,Neutral
5,Positive,Neutral,0.4215,0.0,Positive
4,Positive,Neutral,0.6378,0.0,Positive
3,Positive,Negative,0.296,-0.7101,Negative
5,Positive,Neutral,0.8689,0.0,Positive
3,Positive,Negative,0.9563,-0.9364,Negative
4,Neutral,Negative,0.0,-0.4939,Neutral
5,Positive,Neutral,0.6249,0.0,Positive
5,Positive,Negative,0.973,-0.1027,Positive
3,Positive,Positive,0.8519,0.785,Positive
4,Positive,Negative,0.6249,-0.4767,Positive
5,Positive,Negative,0.8689,-0.4404,Positive
4,Neutral,Neutral,0.0,0.0,Neutral
5,Positive,Negative,0.2263,-0.3632,Positive
5,Positive,Positive,0.9782,0.9766,Positive
5,Positive,Negative,0.4019,-0.2263,Positive
3,Positive,Neutral,0.4404,0.0,Positive
3,Positive,Neutral,0.6705,0.0,Positive
5,Positive,Negative,0.7906,-0.2263,Positive
1,Positive,Negative,0.4215,-0.8834,Negative
4,Positive,Positive,0.5423,0.0516,Positive
5,Positive,Positive,0.9477,0.1027,Positive
2,Positive,Negative,0.3182,-0.8952,Negative
4,Positive,Positive,0.4215,0.6369,Positive
2,Neutral,Negative,0.0,-0.4019,Negative
4,Positive,Positive,0.8519,0.4588,Positive
5,Positive,Negative,0.9413,-0.926,Positive
4,Positive,Neutral,0.624,0.0,Positive
5,Positive,Negative,0.3612,-0.3182,Positive
4,Positive,Positive,0.4588,0.5302,Positive
4,Positive,Negative,0.9803,-0.8308,Positive
4,Positive,Neutral,0.4404,0.0,Positive
4,Positive,Neutral,0.2263,0.0,Positive
3,Positive,Neutral,0.3818,0.0,Positive
1,Positive,Negative,0.2263,-0.34,Negative
1,Positive,Negative,0.3818,-0.3818,Neutral
3,Positive,Negative,0.2263,-0.296,Negative
5,Neutral,Negative,0.0,-0.4019,Negative
5,Positive,Neutral,0.8176,0.0,Positive
5,Positive,Neutral,0.9451,0.0,Positive
5,Positive,Positive,0.7269,0.3612,Positive
4,Positive,Negative,0.7351,-0.5851,Positive
5,Positive,Neutral,0.4404,0.0,Positive
2,Positive,Negative,0.4215,-0.3875,Negative
5,Neutral,Positive,0.0,0.624,Positive
4,Positive,Neutral,0.9633,0.0,Positive
4,Positive,Positive,0.3818,0.3291,Positive
3,Positive,Neutral,0.3818,0.0,Positive
5,Positive,Neutral,0.7906,0.0,Positive
4,Positive,Positive,0.4404,0.3612,Positive
5,Positive,Negative,0.1769,-0.5423,Neutral
5,Positive,Positive,0.6369,0.8316,Positive
4,Positive,Negative,0.3535,-0.4023,Negative
1,Negative,Negative,-0.6249,-0.8122,Negative
2,Positive,Negative,0.5859,-0.6486,Negative
5,Positive,Negative,0.9517,-0.1027,Positive
2,Positive,Positive,0.7506,0.1796,Positive
4,Positive,Neutral,0.6124,0.0,Positive
4,Positive,Positive,0.9538,0.6597,Positive
3,Positive,Negative,0.6369,-0.2018,Positive
4,Neutral,Positive,0.0,0.5574,Positive
5,Positive,Neutral,0.8316,0.0,Positive
3,Positive,Negative,0.8481,-0.5,Positive
3,Neutral,Negative,0.0,-0.296,Negative
3,Positive,Negative,0.891,-0.6705,Positive
2,Positive,Negative,0.6059,-0.1531,Positive
4,Positive,Negative,0.6249,-0.3412,Positive
4,Positive,Neutral,0.7906,0.0,Positive
4,Positive,Neutral,0.4404,0.0,Positive
3,Positive,Neutral,0.4404,0.0,Positive
4,Positive,Positive,0.743,0.7096,Positive
5,Positive,Neutral,0.7425,0.0,Positive
5,Positive,Neutral,0.7964,0.0,Positive
2,Positive,Positive,0.7269,0.128,Positive
4,Positive,Negative,0.9042,-0.296,Positive
5,Positive,Neutral,0.7184,0.0,Positive
3,Neutral,Negative,0.0,-0.5106,Negative
5,Positive,Neutral,0.9403,0.0,Positive
1,Negative,Positive,-0.0516,0.9027,Positive
4,Positive,Negative,0.93,-0.3818,Positive
3,Positive,Negative,0.6908,-0.2023,Positive
5,Positive,Negative,0.9274,-0.296,Positive
4,Positive,Neutral,0.7717,0.0,Positive
4,Positive,Negative,0.6969,-0.2263,Positive
5,Positive,Neutral,0.4215,0.0,Positive
2,Positive,Neutral,0.765,0.0,Positive
2,Positive,Negative,0.9861,-0.8587,Positive
5,Positive,Neutral,0.6881,0.0,Positive
4,Positive,Positive,0.9674,0.6275,Positive
4,Positive,Neutral,0.8271,0.0,Positive
1,Positive,Negative,0.5106,-0.4716,Positive
4,Positive,Negative,0.7269,-0.296,Positive
2,Positive,Negative,0.6808,-0.6353,Negative
5,Positive,Neutral,0.952,0.0,Positive
3,Positive,Neutral,0.7717,0.0,Positive
4,Positive,Negative,0.4404,-0.3612,Positive
4,Positive,Negative,0.6249,-0.2944,Positive
5,Positive,Positive,0.96,0.4404,Positive
4,Positive,Neutral,0.6249,0.0,Positive
3,Neutral,Negative,0.0,-0.34,Negative
4,Positive,Positive,0.946,0.3818,Positive
4,Positive,Neutral,0.6908,0.0,Positive
4,Positive,Neutral,0.3818,0.0,Positive
5,Positive,Neutral,0.9001,0.0,Positive
5,Positive,Negative,0.4939,-0.3412,Positive
5,Positive,Neutral,0.7717,0.0,Positive
4,Positive,Negative,0.7906,-0.6328,Positive
4,Positive,Neutral,0.2023,0.0,Positive
5,Positive,Negative,0.5994,-0.3612,Positive
3,Negative,Neutral,-0.1027,0.0,Negative
4,Positive,Negative,0.969,-0.5789,Positive
5,Positive,Negative,0.9545,-0.5661,Positive
2,Positive,Negative,0.1154,-0.4019,Negative
3,Positive,Negative,0.7184,-0.296,Positive
3,Positive,Negative,0.7269,-0.2732,Positive
3,Positive,Negative,0.3818,-0.5994,Negative
3,Positive,Negative,0.4404,-0.1326,Positive
5,Positive,Neutral,0.6369,0.0,Positive
3,Positive,Positive,0.8074,0.2484,Positive
5,Positive,Neutral,0.6249,0.0,Positive
5,Positive,Positive,0.4939,0.4215,Positive
3,Neutral,Neutral,0.0,0.0,Negative
5,Positive,Positive,0.6893,0.3818,Positive
4,Positive,Neutral,0.8581,-0.0276,Positive
4,Positive,Positive,0.7717,0.4516,Positive
5,Positive,Negative,0.3818,-0.296,Positive
3,Positive,Negative,0.6597,-0.3578,Positive
5,Positive,Positive,0.4215,0.4588,Positive
5,Positive,Positive,0.6369,0.1027,Positive
5,Positive,Positive,0.9062,0.0772,Positive
5,Positive,Positive,0.9673,0.2484,Positive
5,Positive,Neutral,0.8807,0.0,Positive
2,Positive,Positive,0.6249,0.3459,Positive
2,Positive,Negative,0.3818,-0.4767,Positive
5,Positive,Positive,0.7003,0.1012,Positive
4,Positive,Neutral,0.802,0.0,Positive
5,Positive,Positive,0.7717,0.1531,Positive
5,Positive,Negative,0.8658,-0.4404,Positive
4,Positive,Neutral,0.6249,0.0258,Positive
5,Neutral,Positive,0.0031,0.4404,Positive
3,Neutral,Negative,0.0,-0.7536,Negative
4,Positive,Positive,0.944,0.9595,Positive
4,Positive,Negative,0.7906,-0.3412,Positive
3,Positive,Positive,0.8737,0.1119,Positive
4,Positive,Negative,0.9722,-0.4218,Positive
5,Positive,Negative,0.9477,-0.5423,Positive
4,Positive,Neutral,0.4404,0.0,Positive
1,Neutral,Negative,0.0,-0.5365,Positive
3,Positive,Negative,0.6705,-0.3612,Positive
5,Neutral,Positive,0.0,0.296,Positive
5,Positive,Positive,0.872,0.2484,Positive
4,Positive,Negative,0.6249,-0.2732,Positive
5,Positive,Neutral,0.8905,0.0,Positive
3,Neutral,Negative,0.0,-0.0864,Negative
2,Neutral,Negative,0.0,-0.8483,Negative
4,Positive,Neutral,0.7906,0.0,Positive
4,Positive,Positive,0.9022,0.4364,Positive
4,Positive,Neutral,0.4404,0.0,Positive
4,Positive,Negative,0.6249,-0.5432,Positive
5,Positive,Negative,0.4927,-0.4585,Positive
3,Positive,Negative,0.2263,-0.6036,Negative
5,Positive,Positive,0.8316,0.0772,Positive
4,Positive,Neutral,0.7003,0.0,Positive
2,Positive,Negative,0.6369,-0.5859,Positive
4,Positive,Neutral,0.936,0.0,Positive
4,Positive,Negative,0.7184,-0.5096,Positive
4,Positive,Neutral,0.6808,0.0,Positive
4,Positive,Neutral,0.7506,0.0,Positive
3,Positive,Negative,0.7003,-0.7863,Negative
4,Positive,Negative,0.6369,-0.4767,Positive
2,Neutral,Negative,0.0,-0.4767,Negative
4,Positive,Negative,0.9432,-0.4767,Positive
5,Positive,Neutral,0.9535,0.0,Positive
5,Positive,Negative,0.7717,-0.296,Positive
5,Positive,Positive,0.6249,0.2484,Positive
4,Positive,Negative,0.7003,-0.2222,Positive
4,Positive,Negative,0.875,-0.7184,Positive
4,Positive,Negative,0.7003,-0.296,Positive
3,Neutral,Neutral,0.0,0.0,Neutral
1,Positive,Negative,0.5994,-0.6486,Negative
2,Positive,Negative,0.5106,-0.3412,Positive
4,Positive,Negative,0.7501,-0.0516,Positive
4,Positive,Neutral,0.8442,0.0,Positive
3,Positive,Positive,0.6908,0.34,Positive
4,Negative,Positive,-0.6259,0.5719,Negative
3,Positive,Positive,0.8271,0.872,Positive
3,Positive,Neutral,0.8834,0.0258,Positive
5,Positive,Negative,0.9347,-0.3182,Positive
5,Positive,Neutral,0.9179,0.0,Positive
3,Neutral,Positive,0.0,0.1027,Positive
5,Positive,Positive,0.7845,0.6705,Positive
2,Positive,Neutral,0.7269,0.0,Positive
1,Positive,Negative,0.4754,-0.7964,Negative
5,Positive,Negative,0.7717,-0.4023,Positive
1,Positive,Positive,0.6369,0.3403,Positive
2,Positive,Negative,0.8225,-0.7351,Positive
5,Positive,Neutral,0.9794,0.0,Positive
2,Positive,Positive,0.7269,0.5574,Positive
4,Positive,Neutral,0.5719,0.0,Positive
5,Positive,Positive,0.9949,0.3182,Positive
5,Positive,Negative,0.9729,-0.2411,Positive
3,Positive,Neutral,0.4404,0.0,Positive
3,Positive,Positive,0.8519,0.2263,Positive
1,Neutral,Negative,0.0,-0.6124,Negative
5,Positive,Negative,0.8834,-0.6876,Positive
4,Positive,Positive,0.8625,0.4404,Positive
4,Positive,Negative,0.7717,-0.6948,Positive
3,Positive,Positive,0.9186,0.296,Positive
5,Positive,Neutral,0.6249,0.0,Positive
5,Neutral,Neutral,0.0,0.0,Positive
4,Positive,Negative,0.7964,-0.2235,Positive
3,Neutral,Neutral,0.0,0.0,Neutral
5,Positive,Positive,0.9423,0.4019,Positive
2,Positive,Negative,0.4019,-0.624,Negative
4,Positive,Neutral,0.8271,0.0,Positive
5,Positive,Negative,0.3794,-0.431,Negative
4,Positive,Negative,0.7574,-0.2484,Positive
3,Neutral,Neutral,0.0,0.0,Neutral
4,Positive,Negative,0.9628,-0.2369,Positive
4,Positive,Negative,0.9042,-0.4588,Positive
3,Positive,Positive,0.9347,0.8047,Positive
5,Positive,Positive,0.4404,0.4588,Positive
3,Positive,Positive,0.6369,0.323,Positive
2,Positive,Negative,0.3818,-0.2924,Positive
5,Positive,Neutral,0.9349,0.0,Positive
4,Positive,Neutral,0.34,0.0,Positive
3,Positive,Negative,0.34,-0.3612,Neutral
4,Positive,Negative,0.4215,-0.4721,Negative
4,Positive,Positive,0.3818,0.2075,Positive
4,Positive,Neutral,0.7501,0.0,Positive
2,Positive,Negative,0.2263,-0.5801,Negative
4,Positive,Neutral,0.765,0.0,Positive
4,Positive,Negative,0.296,-0.5106,Negative
5,Positive,Negative,0.7264,-0.4019,Positive
4,Positive,Neutral,0.7579,0.0,Positive
5,Positive,Neutral,0.3612,0.0,Positive
1,Positive,Negative,0.34,-0.7461,Negative
5,Positive,Positive,0.9366,0.4939,Positive
3,Positive,Negative,0.3182,-0.5719,Negative
3,Positive,Negative,0.9485,-0.3818,Positive
3,Neutral,Negative,0.0,-0.5719,Positive
3,Positive,Positive,0.4019,0.4033,Positive
3,Positive,Positive,0.4404,0.6369,Positive
5,Positive,Positive,0.4404,0.4404,Positive
4,Positive,Negative,0.6486,-0.3252,Positive
3,Positive,Neutral,0.4404,0.0,Positive
5,Positive,Positive,0.9584,0.4585,Positive
5,Positive,Neutral,0.743,0.0,Positive
5,Positive,Negative,0.8223,-0.5376,Positive
2,Positive,Positive,0.4404,0.0556,Positive
5,Positive,Positive,0.81,0.6012,Positive
4,Positive,Positive,0.7845,0.34,Positive
4,Positive,Negative,0.9647,-0.2263,Positive
3,Positive,Positive,0.8074,0.3818,Positive
3,Positive,Negative,0.6249,-0.4767,Positive
5,Positive,Neutral,0.6249,0.0,Positive
4,Positive,Positive,0.6808,0.8126,Positive
4,Positive,Neutral,0.7783,0.0258,Positive
2,Positive,Negative,0.7269,-0.7096,Negative
3,Positive,Negative,0.6249,-0.1531,Positive
1,Neutral,Negative,0.0,-0.7933,Negative
5,Positive,Negative,0.3818,-0.5423,Negative
2,Positive,Negative,0.7906,-0.6619,Negative
1,Positive,Negative,0.7713,-0.3269,Positive
3,Positive,Negative,0.765,-0.7202,Positive
4,Positive,Negative,0.7269,-0.25,Positive
3,Positive,Negative,0.9421,-0.3535,Positive
3,Positive,Negative,0.4404,-0.2306,Positive
4,Neutral,Negative,0.0,-0.0516,Positive
2,Positive,Positive,0.836,0.9642,Positive
4,Positive,Negative,0.5423,-0.2732,Positive
5,Positive,Neutral,0.7964,0.0,Positive
4,Positive,Positive,0.5023,0.2023,Positive
5,Positive,Negative,0.8126,-0.0667,Positive
3,Positive,Positive,0.5267,0.1531,Positive
5,Positive,Positive,0.8807,0.0772,Positive
5,Positive,Negative,0.4588,-0.5423,Negative
5,Positive,Negative,0.4404,-0.296,Positive
4,Positive,Positive,0.5046,0.4404,Positive
5,Positive,Negative,0.7351,-0.25,Positive
5,Positive,Positive,0.4927,0.6136,Positive
5,Positive,Positive,0.2263,0.2528,Positive
4,Positive,Neutral,0.7184,0.0,Positive
4,Positive,Neutral,0.3818,0.0,Positive
4,Positive,Negative,0.9661,-0.3612,Positive
3,Positive,Negative,0.7269,-0.5216,Positive
4,Positive,Negative,0.7184,-0.2732,Positive
5,Positive,Positive,0.8885,0.4767,Positive
3,Positive,Negative,0.7506,-0.3612,Positive
4,Neutral,Positive,0.0,0.3612,Positive
4,Positive,Negative,0.6705,-0.6597,Positive
3,Positive,Positive,0.6444,0.5339,Positive
3,Positive,Positive,0.8176,0.0772,Positive
4,Positive,Positive,0.7506,0.4215,Positive
2,Positive,Negative,0.5994,-0.0803,Positive
5,Positive,Neutral,0.8341,0.0,Positive
2,Positive,Positive,0.4019,0.3818,Positive
4,Positive,Negative,0.6901,-0.624,Positive
5,Positive,Positive,0.9783,0.2357,Positive
5,Positive,Positive,0.9231,0.1326,Positive
3,Positive,Negative,0.4404,-0.1027,Positive
4,Positive,Neutral,0.9459,0.0,Positive
4,Positive,Positive,0.4404,0.1471,Positive
5,Positive,Positive,0.7269,0.5938,Positive
3,Positive,Positive,0.5859,0.6956,Positive
4,Positive,Neutral,0.915,0.0,Positive
3,Positive,Neutral,0.7184,0.0,Positive
4,Positive,Neutral,0.7506,0.0,Positive
3,Positive,Neutral,0.8519,0.0,Positive
3,Positive,Neutral,0.2263,0.0,Positive
4,Positive,Negative,0.7717,-0.296,Positive
5,Positive,Positive,0.7264,0.4404,Positive
4,Positive,Neutral,0.936,0.0,Positive
3,Positive,Negative,0.4019,-0.1027,Positive
3,Positive,Positive,0.7783,0.101,Positive
5,Positive,Neutral,0.7778,0.0,Positive
4,Positive,Positive,0.8934,0.8047,Positive
4,Positive,Negative,0.8834,-0.5423,Positive
5,Positive,Negative,0.9356,-0.5719,Positive
4,Positive,Negative,0.25,-0.9134,Negative
3,Positive,Negative,0.8225,-0.6705,Positive
4,Positive,Negative,0.6908,-0.3612,Positive
4,Positive,Neutral,0.6249,0.0,Positive
5,Positive,Negative,0.4404,-0.5423,Positive
4,Positive,Positive,0.7906,0.0516,Positive
1,Positive,Negative,0.5106,-0.4767,Negative
2,Neutral,Negative,0.0,-0.4215,Negative
5,Positive,Positive,0.3612,0.6808,Positive
4,Positive,Negative,0.0772,-0.5096,Negative
5,Positive,Positive,0.6705,0.1531,Positive
4,Positive,Neutral,0.7845,0.0,Positive
1,Positive,Positive,0.8225,0.6051,Positive
4,Positive,Negative,0.5256,-0.3182,Positive
4,Positive,Negative,0.2023,-0.1027,Positive
4,Positive,Negative,0.4404,-0.3182,Negative
2,Positive,Negative,0.2263,-0.7003,Negative
1,Positive,Positive,0.6249,0.9508,Positive
3,Positive,Negative,0.6997,-0.8901,Negative
3,Positive,Neutral,0.8261,0.0,Positive
3,Positive,Neutral,0.7717,0.0,Positive
4,Positive,Negative,0.6369,-0.5096,Positive
4,Positive,Negative,0.8442,-0.296,Positive
4,Positive,Neutral,0.5106,0.0,Positive
2,Positive,Negative,0.7964,-0.7574,Positive
2,Neutral,Negative,0.0,-0.6486,Negative
1,Positive,Positive,0.4215,0.2235,Positive
3,Positive,Neutral,0.4019,0.0,Positive
4,Positive,Negative,0.4118,-0.3401,Positive
4,Positive,Neutral,0.8519,0.0,Positive
5,Positive,Negative,0.4404,-0.128,Positive
3,Negative,Negative,-0.0754,-0.5719,Negative
3,Positive,Positive,0.8481,0.4939,Positive
3,Positive,Neutral,0.3612,0.0,Positive
5,Positive,Neutral,0.9738,0.0,Positive
5,Positive,Positive,0.6124,0.3612,Positive
4,Positive,Positive,0.8978,0.911,Positive
4,Positive,Negative,0.5859,-0.7351,Negative
5,Positive,Negative,0.9073,-0.5155,Positive
4,Positive,Neutral,0.7621,0.0,Positive
5,Positive,Positive,0.7346,0.3612,Positive
4,Positive,Neutral,0.8957,0.0,Positive
4,Positive,Negative,0.5106,-0.3535,Positive
5,Positive,Neutral,0.9661,0.0,Positive
3,Positive,Negative,0.9468,-0.233,Positive
3,Positive,Negative,0.8402,-0.0534,Positive
5,Positive,Positive,0.9274,0.4753,Positive
2,Positive,Positive,0.9899,0.6615,Positive
4,Neutral,Neutral,0.0,0.0,Positive
3,Positive,Positive,0.8689,0.8627,Positive
3,Positive,Positive,0.9477,0.6597,Positive
3,Positive,Negative,0.7937,-0.7609,Negative
3,Positive,Neutral,0.7964,0.0,Positive
5,Positive,Positive,0.5719,0.4144,Positive
1,Positive,Negative,0.6486,-0.7506,Negative
4,Positive,Positive,0.4404,0.3818,Positive
3,Positive,Neutral,0.3182,0.0,Positive
2,Positive,Positive,0.9685,0.1531,Positive
5,Positive,Neutral,0.2263,0.0,Positive
5,Positive,Negative,0.9576,-0.296,Positive
5,Positive,Neutral,0.3818,0.0,Positive
2,Positive,Negative,0.9201,-0.7017,Positive
4,Positive,Neutral,0.6124,0.0,Positive
5,Positive,Negative,0.9281,-0.1926,Positive
4,Positive,Positive,0.6249,0.1779,Positive
2,Neutral,Negative,0.0,-0.4767,Negative
3,Positive,Positive,0.8957,0.3415,Positive
2,Positive,Negative,0.6705,-0.5859,Negative
3,Positive,Neutral,0.6808,0.0243,Positive
3,Positive,Negative,0.9313,-0.2263,Positive
3,Positive,Negative,0.4404,-0.2755,Positive
3,Positive,Negative,0.7506,-0.1027,Positive
3,Positive,Negative,0.6369,-0.3071,Positive
5,Neutral,Neutral,0.0,0.0,Positive
2,Positive,Negative,0.5106,-0.3182,Positive
4,Positive,Negative,0.7964,-0.3919,Positive
3,Positive,Negative,0.6997,-0.5719,Positive
5,Neutral,Negative,0.0,-0.6124,Negative
3,Positive,Negative,0.8807,-0.5837,Positive
3,Positive,Negative,0.8126,-0.4019,Positive
1,Positive,Negative,0.8173,-0.5587,Positive
3,Neutral,Positive,0.0,0.9578,Positive
4,Positive,Negative,0.6249,-0.2755,Positive
5,Positive,Neutral,0.296,-0.0335,Positive
3,Positive,Negative,0.4404,-0.1695,Positive
1,Neutral,Negative,0.0,-0.9214,Negative
3,Positive,Negative,0.7351,-0.3252,Positive
2,Positive,Positive,0.6935,0.1073,Positive
5,Positive,Negative,0.9636,-0.2023,Positive
3,Positive,Negative,0.4767,-0.3612,Positive
2,Positive,Negative,0.4404,-0.8118,Negative
4,Positive,Neutral,0.7717,0.0,Positive
4,Positive,Positive,0.9147,0.7351,Positive
2,Positive,Negative,0.7717,-0.7208,Positive
5,Positive,Positive,0.9041,0.1335,Positive
5,Positive,Negative,0.6369,-0.3595,Positive
4,Positive,Neutral,0.296,0.0,Positive
5,Positive,Neutral,0.8176,0.0,Positive
4,Positive,Negative,0.2263,-0.6486,Negative
4,Positive,Positive,0.802,0.1531,Positive
4,Neutral,Negative,0.0,-0.3252,Negative
5,Positive,Neutral,0.7783,0.0,Positive
1,Neutral,Negative,0.0,-0.7003,Negative
1,Positive,Negative,0.8999,-0.5778,Positive
3,Positive,Positive,0.8176,0.6486,Positive
5,Positive,Neutral,0.9231,0.0,Positive
4,Positive,Negative,0.7233,-0.4767,Positive
2,Positive,Negative,0.5106,-0.4574,Positive
4,Positive,Neutral,0.872,0.0,Positive
4,Neutral,Neutral,0.0,0.0,Neutral
4,Positive,Negative,0.9441,-0.8109,Positive
4,Positive,Negative,0.6908,-0.5719,Positive
5,Positive,Negative,0.9524,-0.2057,Positive
5,Positive,Negative,0.93,-0.296,Positive
4,Positive,Neutral,0.4404,0.0,Positive
2,Positive,Positive,0.34,0.8035,Positive
4,Positive,Negative,0.8852,-0.7083,Positive
5,Positive,Neutral,0.765,0.0,Positive
4,Positive,Positive,0.92,0.128,Positive
4,Positive,Negative,0.7845,-0.4585,Positive
1,Positive,Neutral,0.8402,0.0,Positive
5,Positive,Neutral,0.836,0.0,Positive
4,Positive,Positive,0.6369,0.9513,Positive
3,Positive,Neutral,0.3612,0.0,Positive
5,Positive,Negative,0.985,-0.8271,Positive
5,Positive,Positive,0.9643,0.296,Positive
1,Positive,Negative,0.2382,-0.0864,Positive
5,Positive,Neutral,0.4019,0.0,Positive
4,Positive,Negative,0.875,-0.1027,Positive
4,Positive,Negative,0.6486,-0.3182,Positive
1,Positive,Positive,0.7003,0.6705,Positive
4,Positive,Neutral,0.0516,0.0,Positive
5,Positive,Neutral,0.4404,0.0,Positive
5,Positive,Positive,0.9042,0.2023,Positive
4,Positive,Positive,0.3818,0.6249,Positive
3,Positive,Positive,0.3612,0.5106,Positive
4,Positive,Positive,0.4404,0.431,Positive
1,Negative,Negative,-0.507,-0.4215,Negative
4,Positive,Negative,0.7783,-0.1027,Positive
2,Positive,Positive,0.7964,0.2023,Positive
5,Positive,Neutral,0.3818,0.0,Positive
3,Positive,Positive,0.5187,0.631,Positive
3,Positive,Negative,0.8074,-0.1027,Positive
2,Positive,Negative,0.7003,-0.6692,Positive
4,Positive,Positive,0.8126,0.5994,Positive
4,Positive,Negative,0.9283,-0.8856,Positive
5,Positive,Negative,0.9566,-0.2484,Positive
4,Positive,Positive,0.9371,0.9928,Positive
5,Negative,Neutral,-0.1027,0.0,Negative
1,Positive,Positive,0.6369,0.6597,Positive
3,Positive,Negative,0.9153,-0.6652,Positive
1,Positive,Negative,0.4215,-0.5837,Negative
1,Neutral,Negative,0.0,-0.4019,Negative
1,Positive,Negative,0.7783,-0.7885,Positive
4,Positive,Negative,0.5859,-0.1027,Positive
5,Positive,Neutral,0.6597,0.0,Positive
4,Positive,Neutral,0.8555,0.0,Positive
4,Positive,Negative,0.6249,-0.296,Positive
3,Positive,Neutral,0.7506,0.0,Positive
3,Neutral,Negative,0.0,-0.2263,Negative
4,Positive,Positive,0.8957,0.4404,Positive
5,Positive,Positive,0.2263,0.4939,Positive
5,Positive,Neutral,0.6249,0.0,Positive
3,Positive,Negative,0.7906,-0.5242,Positive
2,Positive,Positive,0.7506,0.6116,Positive
5,Positive,Positive,0.6249,0.1779,Positive
3,Positive,Negative,0.8653,-0.0516,Positive
2,Positive,Negative,0.6369,-0.4218,Positive
5,Positive,Negative,0.2732,-0.2755,Positive
2,Neutral,Neutral,0.0,0.0,Neutral
4,Positive,Neutral,0.7906,0.0,Positive
3,Positive,Neutral,0.6249,0.0,Positive
3,Positive,Negative,0.6369,-0.5279,Positive
1,Positive,Neutral,0.5106,0.0,Positive
2,Positive,Negative,0.4404,-0.296,Positive
5,Positive,Neutral,0.4927,0.0,Positive
5,Positive,Negative,0.6808,-0.3291,Positive
3,Positive,Negative,0.8126,-0.1027,Positive
4,Positive,Neutral,0.4404,0.0,Positive
2,Positive,Negative,0.4404,-0.1695,Positive
4,Neutral,Neutral,0.0,0.0,Positive
5,Positive,Negative,0.6249,-0.3818,Positive
5,Positive,Neutral,0.8689,0.0,Positive
4,Positive,Negative,0.8481,-0.0711,Positive
4,Positive,Positive,0.9753,0.8949,Positive
5,Positive,Negative,0.7003,-0.3481,Positive
5,Positive,Negative,0.8074,-0.296,Positive
2,Positive,Positive,0.6249,0.4588,Positive
4,Positive,Negative,0.946,-0.3818,Positive
1,Positive,Negative,0.5859,-0.725,Negative
3,Positive,Negative,0.4939,-0.1027,Positive
1,Neutral,Negative,0.0,-0.8885,Negative
1,Positive,Negative,0.4215,-0.5423,Negative
4,Positive,Negative,0.4404,-0.296,Positive
5,Positive,Neutral,0.7269,0.0,Positive
3,Positive,Negative,0.5859,-0.5423,Positive
5,Positive,Negative,0.6486,-0.3252,Positive
4,Neutral,Neutral,0.0,0.0,Neutral
4,Positive,Neutral,0.6353,0.0,Positive
5,Positive,Negative,0.5719,-0.5719,Positive
3,Positive,Negative,0.8519,-0.743,Positive
3,Positive,Negative,0.4404,-0.5897,Negative
5,Positive,Neutral,0.5859,-0.0317,Positive
4,Positive,Negative,0.5719,-0.7311,Positive
5,Positive,Neutral,0.9349,0.0,Positive
4,Positive,Negative,0.4939,-0.5719,Negative
3,Positive,Negative,0.4404,-0.4804,Positive
3,Neutral,Negative,0.0,-0.7964,Negative
1,Positive,Positive,0.3167,0.9782,Positive
4,Positive,Negative,0.8271,-0.1027,Positive
3,Positive,Positive,0.3818,0.6486,Positive
3,Positive,Negative,0.3818,-0.2732,Positive
3,Positive,Negative,0.9168,-0.3415,Positive
4,Positive,Positive,0.6249,0.4939,Positive
5,Positive,Negative,0.4404,-0.296,Positive
2,Positive,Negative,0.4404,-0.6776,Positive
2,Positive,Positive,0.872,0.6295,Positive
3,Positive,Negative,0.6096,-0.1361,Positive
2,Neutral,Negative,0.0,-0.2263,Negative
4,Positive,Negative,0.6908,-0.1245,Positive
4,Positive,Negative,0.7906,-0.1531,Positive
4,Positive,Negative,0.765,-0.154,Positive
5,Positive,Negative,0.6249,-0.1531,Positive
5,Positive,Negative,0.891,-0.3612,Positive
5,Positive,Positive,0.9498,0.3802,Positive
5,Positive,Positive,0.7351,0.1779,Positive
4,Positive,Positive,0.4215,0.0772,Positive
4,Positive,Neutral,0.4404,0.0,Positive
1,Positive,Negative,0.7003,-0.8516,Negative
4,Positive,Negative,0.4404,-0.5867,Negative
5,Positive,Positive,0.7096,0.5859,Positive
4,Positive,Positive,0.7845,0.4767,Positive
4,Positive,Negative,0.6369,-0.296,Positive
3,Positive,Positive,0.8074,0.2263,Positive
5,Positive,Neutral,0.5574,0.0,Positive
4,Neutral,Neutral,0.0,0.0,Positive
3,Positive,Negative,0.5719,-0.1749,Negative
3,Positive,Negative,0.2023,-0.2835,Negative
5,Positive,Negative,0.7703,-0.4767,Positive
3,Positive,Negative,0.3818,-0.2584,Positive
5,Positive,Positive,0.765,0.6192,Positive
4,Positive,Negative,0.7269,-0.2263,Positive
5,Positive,Negative,0.8583,-0.3412,Positive
3,Positive,Negative,0.743,-0.6249,Positive
1,Negative,Negative,-0.1531,-0.8638,Negative
4,Positive,Neutral,0.9484,0.0132,Positive
4,Positive,Neutral,0.7506,0.0,Positive
4,Positive,Neutral,0.9313,0.0,Positive
2,Positive,Negative,0.966,-0.5449,Positive
1,Negative,Negative,-0.4767,-0.5396,Negative
4,Positive,Neutral,0.2584,-0.0382,Positive
5,Positive,Neutral,0.4404,0.0,Positive
5,Positive,Neutral,0.4215,0.0,Positive
5,Positive,Negative,0.6908,-0.2263,Positive
4,Positive,Negative,0.6997,-0.1027,Positive
4,Positive,Positive,0.8519,0.3818,Positive
3,Neutral,Negative,0.0,-0.3089,Negative
1,Positive,Negative,0.7579,-0.123,Positive
5,Positive,Positive,0.7906,0.3612,Positive
4,Positive,Neutral,0.9766,0.0,Positive
2,Negative,Negative,-0.1027,-0.25,Negative
5,Positive,Positive,0.8718,0.7876,Positive
5,Positive,Negative,0.4927,-0.7003,Positive
4,Positive,Negative,0.9153,-0.8683,Positive
4,Positive,Positive,0.4939,0.7003,Positive
1,Negative,Neutral,-0.5267,0.0,Negative
5,Positive,Negative,0.9652,-0.3195,Positive
4,Positive,Negative,0.9371,-0.6486,Positive
1,Neutral,Positive,0.0,0.711,Positive
2,Positive,Negative,0.9403,-0.9969,Negative
3,Positive,Negative,0.5994,-0.0516,Positive
3,Positive,Neutral,0.7906,0.0,Positive
4,Neutral,Negative,0.0,-0.6486,Negative
5,Negative,Negative,-0.2023,-0.1877,Positive
5,Neutral,Negative,0.0,-0.1027,Positive
1,Positive,Negative,0.9603,-0.4005,Positive
4,Positive,Neutral,0.2263,0.0,Positive
2,Positive,Negative,0.4404,-0.3125,Positive
5,Positive,Neutral,0.2023,0.0,Positive
4,Positive,Positive,0.9678,0.5829,Positive
4,Positive,Negative,0.6249,-0.1027,Positive
1,Positive,Negative,0.1901,-0.3291,Negative
2,Positive,Negative,0.7269,-0.4019,Positive
1,Positive,Negative,0.5106,-0.697,Neutral
1,Positive,Positive,0.7397,0.4767,Positive
3,Positive,Negative,0.6908,-0.3637,Positive
4,Positive,Neutral,0.3612,0.0,Positive
3,Positive,Negative,0.4404,-0.4767,Positive
3,Positive,Positive,0.978,0.628,Positive
5,Positive,Neutral,0.7351,0.0,Positive
1,Positive,Negative,0.75,-0.8074,Negative
4,Positive,Positive,0.802,0.1779,Positive
2,Neutral,Negative,0.0,-0.0772,Negative
2,Positive,Negative,0.7717,-0.5267,Positive
4,Positive,Neutral,0.7184,0.0,Positive
5,Positive,Negative,0.872,-0.5242,Positive
5,Positive,Neutral,0.8225,0.0,Positive
5,Positive,Positive,0.6249,0.7096,Positive
4,Positive,Positive,0.6249,0.3832,Positive
4,Positive,Neutral,0.9325,0.0,Positive
4,Positive,Negative,0.765,-0.1027,Positive
3,Positive,Negative,0.6249,-0.5116,Positive
5,Positive,Neutral,0.836,0.0,Positive
4,Positive,Negative,0.7269,-0.3804,Positive
4,Positive,Positive,0.7003,0.4397,Positive
3,Neutral,Negative,0.0,-0.4019,Negative
3,Positive,Negative,0.5859,-0.0613,Positive
3,Positive,Negative,0.6566,-0.3612,Positive
5,Neutral,Negative,0.0,-0.7258,Negative
3,Positive,Positive,0.6326,0.4627,Positive
2,Positive,Negative,0.5719,-0.296,Positive
4,Positive,Neutral,0.7906,0.0,Positive
5,Positive,Positive,0.5287,0.5859,Positive
3,Positive,Positive,0.9062,0.4404,Positive
4,Positive,Neutral,0.9117,0.0,Positive
4,Positive,Neutral,0.7964,0.0,Positive
4,Neutral,Negative,0.0,-0.1027,Negative
3,Positive,Negative,0.1531,-0.4767,Positive
4,Positive,Neutral,0.3818,0.0,Positive
4,Positive,Positive,0.8341,0.1441,Positive
5,Positive,Neutral,0.6705,0.0424,Positive
4,Positive,Negative,0.9711,-0.2037,Positive
5,Positive,Positive,0.8689,0.3818,Positive
3,Positive,Neutral,0.4404,0.0,Positive
4,Positive,Negative,0.7579,-0.3603,Positive
1,Positive,Negative,0.4404,-0.5849,Negative
3,Positive,Neutral,0.7334,0.0,Positive
4,Neutral,Negative,0.0,-0.3612,Positive
5,Positive,Negative,0.875,-0.5267,Positive
5,Positive,Negative,0.9081,-0.7096,Positive
4,Positive,Neutral,0.4404,0.0,Positive
2,Positive,Negative,0.8074,-0.765,Positive
3,Positive,Negative,0.8126,-0.25,Positive
1,Positive,Neutral,0.34,0.0,Positive
4,Positive,Negative,0.7096,-0.6251,Positive
4,Positive,Neutral,0.8271,0.0,Positive
3,Positive,Neutral,0.5859,0.0,Positive
4,Positive,Negative,0.8126,-0.3612,Positive
5,Positive,Negative,0.6597,-0.2263,Positive
5,Positive,Neutral,0.7906,0.0,Positive
2,Positive,Positive,0.5267,0.3612,Positive
4,Positive,Negative,0.6486,-0.3182,Positive
4,Positive,Negative,0.9118,-0.4023,Positive
3,Positive,Positive,0.4215,0.4215,Positive
3,Neutral,Negative,0.0,-0.6486,Negative
4,Positive,Negative,0.3156,-0.1027,Negative
5,Positive,Neutral,0.7906,0.0,Positive
5,Positive,Neutral,0.7783,0.0,Positive
4,Positive,Neutral,0.3182,0.0,Positive
3,Neutral,Positive,0.0,0.3612,Positive
2,Positive,Negative,0.7579,-0.8805,Negative
4,Positive,Neutral,0.7351,0.0,Positive
5,Positive,Neutral,0.923,0.0,Positive
4,Positive,Positive,0.7845,0.8625,Positive
3,Positive,Positive,0.2023,0.1027,Positive
1,Neutral,Neutral,0.0,0.0,Neutral
4,Positive,Negative,0.8074,-0.1027,Positive
5,Positive,Positive,0.7906,0.1531,Positive
2,Positive,Negative,0.5842,-0.1779,Positive
5,Positive,Negative,0.8885,-0.7579,Positive
3,Positive,Negative,0.926,-0.2023,Positive
5,Positive,Positive,0.9201,0.4585,Positive
5,Positive,Negative,0.9442,-0.3612,Positive
3,Positive,Negative,0.7717,-0.2023,Positive
4,Positive,Negative,0.6908,-0.4767,Positive
4,Positive,Negative,0.3818,-0.4767,Positive
5,Positive,Negative,0.7717,-0.5267,Positive
5,Positive,Negative,0.6249,-0.2755,Positive
3,Positive,Negative,0.4404,-0.3612,Positive
4,Positive,Positive,0.8588,0.6065,Positive
4,Positive,Positive,0.3612,0.2023,Positive
2,Positive,Neutral,0.2718,0.0,Negative
4,Positive,Negative,0.5994,-0.0665,Positive
3,Positive,Negative,0.4404,-0.3818,Negative
4,Positive,Positive,0.3818,0.4019,Positive
5,Positive,Neutral,0.7184,0.0,Positive
5,Positive,Negative,0.7845,-0.3612,Positive
4,Positive,Negative,0.1779,-0.6072,Negative
3,Positive,Positive,0.6908,0.4019,Positive
5,Positive,Negative,0.8074,-0.2732,Positive
3,Positive,Negative,0.34,-0.1027,Positive
3,Positive,Neutral,0.296,0.0,Positive
2,Negative,Positive,-0.2425,0.4404,Positive
3,Positive,Negative,0.8176,-0.584,Positive
3,Positive,Positive,0.6908,0.3262,Positive
5,Positive,Negative,0.6124,-0.296,Positive
4,Positive,Positive,0.6249,0.4215,Positive
5,Positive,Positive,0.9295,0.3818,Positive
4,Positive,Neutral,0.6249,0.0,Positive
3,Positive,Negative,0.1779,-0.3875,Negative
5,Positive,Neutral,0.8822,0.0,Positive
4,Positive,Neutral,0.7717,0.0,Positive
3,Positive,Neutral,0.4927,0.0,Positive
3,Positive,Negative,0.4404,-0.1027,Positive
4,Positive,Negative,0.6369,-0.0711,Positive
3,Positive,Negative,0.6997,-0.3612,Positive
4,Positive,Negative,0.8126,-0.3182,Positive
3,Positive,Negative,0.4404,-0.1027,Positive
3,Positive,Negative,0.3167,-0.3384,Neutral
4,Positive,Positive,0.6249,0.5918,Positive
3,Positive,Neutral,0.4939,0.0,Positive
4,Positive,Positive,0.4005,0.5423,Positive
3,Positive,Negative,0.7506,-0.1955,Positive
5,Positive,Neutral,0.8689,0.0,Positive
4,Positive,Negative,0.6705,-0.3612,Positive
4,Positive,Neutral,0.6068,0.0,Positive
4,Positive,Neutral,0.7269,0.0,Positive
4,Positive,Negative,0.3818,-0.4215,Positive
4,Positive,Negative,0.3818,-0.296,Positive
4,Positive,Negative,0.9429,-0.128,Positive
3,Positive,Neutral,0.3818,0.0,Positive
4,Positive,Negative,0.9884,-0.9038,Positive
5,Positive,Negative,0.9839,-0.25,Positive
4,Positive,Neutral,0.765,0.0,Positive
4,Positive,Negative,0.4404,-0.296,Positive
5,Positive,Neutral,0.9468,0.0,Positive
4,Positive,Positive,0.7845,0.2732,Positive
5,Positive,Positive,0.9421,0.85,Positive
5,Positive,Neutral,0.8316,0.0,Positive
4,Positive,Negative,0.6249,-0.296,Positive
2,Positive,Negative,0.4404,-0.4201,Negative
2,Neutral,Negative,0.0,-0.4122,Negative
4,Positive,Negative,0.9022,-0.7319,Positive
4,Positive,Neutral,0.6705,0.0,Positive
4,Positive,Negative,0.9118,-0.5216,Positive
5,Positive,Neutral,0.6124,0.0,Positive
5,Positive,Neutral,0.9714,0.0,Positive
4,Positive,Negative,0.7096,-0.5216,Positive
5,Positive,Positive,0.4404,0.2732,Positive
1,Positive,Negative,0.872,-0.9511,Negative
3,Positive,Negative,0.7717,-0.296,Positive
2,Positive,Negative,0.4404,-0.5267,Negative
4,Positive,Negative,0.8516,-0.1779,Positive
5,Positive,Neutral,0.7645,0.0,Positive
3,Positive,Neutral,0.7717,0.0,Positive
2,Positive,Positive,0.8625,0.1531,Positive
2,Positive,Negative,0.6249,-0.1027,Positive
2,Positive,Negative,0.6249,-0.655,Negative
3,Neutral,Positive,0.0,0.765,Positive
3,Positive,Negative,0.6908,-0.3089,Positive
5,Positive,Negative,0.7245,-0.6278,Positive
5,Positive,Negative,0.9776,-0.3802,Positive
4,Negative,Negative,-0.2732,-0.4019,Negative
4,Positive,Negative,0.2382,-0.4588,Negative
5,Positive,Negative,0.6249,-0.2263,Positive
5,Positive,Positive,0.7003,0.1027,Positive
2,Negative,Negative,-0.296,-0.1027,Positive
4,Positive,Positive,0.7906,0.5994,Positive
3,Neutral,Positive,0.0,0.5994,Positive
2,Positive,Neutral,0.5106,0.0,Positive
4,Positive,Negative,0.9136,-0.0772,Positive
3,Positive,Positive,0.9837,0.5994,Positive
4,Positive,Neutral,0.6369,0.0,Positive
5,Positive,Positive,0.6249,0.0772,Positive
4,Positive,Negative,0.4404,-0.296,Positive
3,Positive,Positive,0.6808,0.3724,Positive
3,Positive,Negative,0.6249,-0.296,Positive
3,Positive,Negative,0.9153,-0.1027,Positive
2,Positive,Negative,0.8225,-0.7061,Positive
4,Positive,Negative,0.2263,-0.3612,Positive
2,Positive,Negative,0.7003,-0.3804,Positive
3,Positive,Negative,0.4215,-0.5,Positive
5,Positive,Neutral,0.4005,0.0,Positive
4,Positive,Positive,0.8271,0.2732,Positive
3,Positive,Negative,0.9431,-0.5409,Positive
3,Positive,Negative,0.6486,-0.5256,Negative
3,Positive,Negative,0.4956,-0.8072,Negative
2,Positive,Negative,0.8689,-0.2732,Positive
4,Positive,Neutral,0.4404,0.0,Positive
4,Positive,Negative,0.926,-0.5994,Positive
3,Positive,Negative,0.25,-0.4215,Negative
1,Positive,Negative,0.2846,-0.6124,Negative
5,Positive,Negative,0.9545,-0.3612,Positive
5,Positive,Negative,0.7269,-0.296,Positive
4,Positive,Negative,0.4215,-0.3252,Positive
5,Positive,Negative,0.2382,-0.5914,Negative
5,Positive,Neutral,0.6908,0.0,Positive
4,Positive,Negative,0.9081,-0.4149,Positive
3,Positive,Negative,0.5637,-0.9152,Negative
5,Positive,Positive,0.7269,0.0772,Positive
3,Positive,Negative,0.7269,-0.5994,Positive
5,Positive,Neutral,0.8074,0.0,Positive
3,Positive,Positive,0.9152,0.1531,Positive
4,Positive,Negative,0.7579,-0.6249,Positive
4,Positive,Negative,0.4927,-0.569,Negative
5,Positive,Negative,0.891,-0.3597,Positive
5,Positive,Neutral,0.6962,0.0,Positive
4,Positive,Negative,0.7184,-0.296,Positive
3,Positive,Negative,0.7003,-0.3412,Positive
3,Positive,Negative,0.7184,-0.25,Positive
4,Positive,Positive,0.2263,0.3321,Positive
3,Positive,Positive,0.6486,0.4588,Positive
4,Positive,Neutral,0.6442,0.0,Positive
5,Positive,Negative,0.4404,-0.2732,Positive
4,Positive,Positive,0.9001,0.4767,Positive
4,Neutral,Neutral,0.0,0.0,Positive
3,Positive,Positive,0.4404,0.1531,Positive
5,Positive,Neutral,0.8725,0.0,Positive
5,Positive,Neutral,0.98,0.0,Positive
3,Positive,Negative,0.4939,-0.296,Negative
5,Positive,Neutral,0.7717,0.0,Positive
4,Positive,Neutral,0.4939,0.0,Positive
1,Positive,Negative,0.7269,-0.4767,Neutral
4,Positive,Neutral,0.8658,0.0,Positive
4,Negative,Positive,-0.128,0.4404,Positive
4,Positive,Positive,0.6249,0.2732,Positive
4,Positive,Positive,0.9806,0.1406,Positive
3,Positive,Positive,0.9349,0.5475,Positive
4,Neutral,Neutral,0.0,0.0,Positive
3,Positive,Negative,0.7053,-0.4576,Positive
5,Positive,Negative,0.8658,-0.2263,Positive
5,Positive,Positive,0.9783,0.2448,Positive
1,Negative,Negative,-0.296,-0.4215,Negative
3,Positive,Negative,0.6041,-0.0987,Positive
5,Positive,Negative,0.8118,-0.1901,Positive
2,Positive,Negative,0.7506,-0.3818,Positive
5,Positive,Positive,0.6249,0.1779,Positive
3,Positive,Negative,0.7351,-0.0516,Positive
3,Positive,Neutral,0.6249,0.0,Positive
4,Positive,Neutral,0.6486,0.0,Positive
3,Positive,Negative,0.9118,-0.3612,Positive
3,Positive,Positive,0.4767,0.3612,Positive
4,Positive,Neutral,0.7845,-0.0098,Positive
3,Positive,Negative,0.9294,-0.5629,Positive
4,Neutral,Negative,0.0,-0.4927,Negative
5,Positive,Neutral,0.9117,0.0,Positive
5,Positive,Positive,0.9118,0.9349,Positive
5,Positive,Positive,0.5739,0.4939,Positive
5,Positive,Positive,0.9716,0.2718,Positive
3,Positive,Positive,0.969,0.4404,Positive
4,Positive,Neutral,0.6808,0.0,Positive
5,Positive,Negative,0.5719,-0.296,Positive
5,Positive,Negative,0.9022,-0.464,Positive
5,Positive,Positive,0.9239,0.2263,Positive
3,Positive,Neutral,0.8481,0.0,Positive
1,Positive,Positive,0.7351,0.5041,Positive
5,Positive,Negative,0.9578,-0.243,Positive
4,Neutral,Neutral,0.0,0.0,Neutral
3,Positive,Neutral,0.4404,0.0,Positive
2,Positive,Negative,0.9001,-0.7212,Positive
5,Positive,Positive,0.924,0.6606,Positive
2,Positive,Positive,0.9231,0.8384,Positive
2,Negative,Neutral,-0.3713,0.0,Negative
5,Positive,Negative,0.7184,-0.296,Positive
3,Positive,Negative,0.7906,-0.2867,Positive
5,Positive,Positive,0.7902,0.3597,Positive
4,Positive,Negative,0.5859,-0.2732,Positive
4,Positive,Positive,0.6705,0.3818,Positive
4,Positive,Negative,0.9391,-0.2601,Positive
1,Neutral,Negative,0.0,-0.886,Negative
5,Positive,Positive,0.9412,0.6352,Positive
1,Neutral,Positive,0.0,0.2023,Negative
5,Positive,Positive,0.4404,0.5537,Positive
3,Positive,Neutral,0.8957,0.0,Positive
5,Positive,Positive,0.5423,0.5574,Positive
2,Positive,Neutral,0.8519,0.0,Positive
5,Positive,Neutral,0.9287,0.0,Positive
4,Positive,Negative,0.3818,-0.3875,Positive
4,Positive,Neutral,0.7351,0.0,Positive
4,Positive,Neutral,0.6705,0.0,Positive
5,Positive,Negative,0.7089,-0.1027,Positive
4,Positive,Positive,0.4404,0.3818,Positive
5,Positive,Positive,0.8689,0.1779,Positive
5,Positive,Neutral,0.5106,0.0,Positive
4,Positive,Negative,0.8834,-0.4019,Positive
5,Positive,Neutral,0.959,0.0,Positive
5,Positive,Neutral,0.8643,0.0,Positive
5,Positive,Positive,0.7717,0.8969,Positive
4,Neutral,Neutral,0.0,0.0,Positive
5,Positive,Negative,0.4404,-0.3182,Positive
5,Positive,Positive,0.6908,0.6124,Positive
4,Positive,Positive,0.6249,0.4215,Positive
5,Positive,Neutral,0.6369,0.0,Positive
1,Positive,Negative,0.1901,-0.6369,Negative
5,Positive,Negative,0.7947,-0.2924,Positive
3,Positive,Negative,0.8824,-0.3612,Positive
3,Positive,Neutral,0.8126,0.0,Positive
5,Positive,Neutral,0.5563,0.0,Positive
4,Positive,Neutral,0.7845,0.0,Positive
4,Positive,Negative,0.6956,-0.296,Positive
2,Neutral,Positive,0.0,0.4215,Positive
4,Positive,Neutral,0.4939,0.0,Positive
3,Neutral,Neutral,0.0,0.0,Neutral
4,Positive,Neutral,0.4404,0.0,Positive
4,Positive,Negative,0.34,-0.1511,Positive
1,Negative,Positive,-0.5362,0.1655,Negative
5,Positive,Positive,0.1779,0.5106,Positive
5,Positive,Neutral,0.9612,0.0,Positive
5,Positive,Negative,0.9371,-0.296,Positive
4,Positive,Negative,0.6249,-0.296,Positive
5,Negative,Negative,-0.4019,-0.1027,Positive
5,Positive,Negative,0.7717,-0.2924,Positive
5,Positive,Positive,0.4927,0.4588,Positive
3,Positive,Negative,0.7178,-0.6765,Positive
1,Neutral,Neutral,0.0,-0.0181,Positive
4,Positive,Positive,0.91,0.8658,Positive
4,Positive,Neutral,0.7579,0.0,Positive
1,Negative,Negative,-0.296,-0.3353,Neutral
3,Positive,Positive,0.8516,0.7453,Positive
4,Positive,Neutral,0.7269,0.0,Positive
5,Positive,Negative,0.6249,-0.3182,Positive
3,Positive,Negative,0.7964,-0.2382,Positive
4,Neutral,Neutral,0.0,0.0,Neutral
4,Positive,Neutral,0.5859,0.0,Positive
5,Positive,Positive,0.9515,0.3102,Positive
5,Positive,Positive,0.9506,0.8242,Positive
5,Positive,Neutral,0.946,0.0,Positive
5,Neutral,Neutral,0.0,0.0,Positive
2,Positive,Positive,0.3818,0.2842,Positive
3,Positive,Positive,0.7906,0.802,Positive
1,Positive,Negative,0.2944,-0.954,Negative
4,Positive,Positive,0.9206,0.3818,Positive
4,Neutral,Neutral,0.0,-0.0015,Neutral
5,Positive,Negative,0.836,-0.6124,Positive
4,Positive,Negative,0.3612,-0.128,Positive
3,Positive,Negative,0.5859,-0.34,Positive
3,Positive,Negative,0.8271,-0.4404,Positive
4,Positive,Neutral,0.7906,0.0,Positive
2,Positive,Negative,0.8316,-0.6077,Positive
5,Positive,Neutral,0.6588,0.0,Positive
4,Positive,Neutral,0.765,0.0,Positive
5,Positive,Negative,0.4404,-0.5242,Positive
5,Positive,Positive,0.3818,0.0772,Positive
2,Positive,Positive,0.4118,0.1441,Positive
3,Neutral,Negative,0.0,-0.7003,Negative
5,Positive,Negative,0.8074,-0.25,Positive
5,Positive,Positive,0.9623,0.2237,Positive
5,Positive,Negative,0.8122,-0.6062,Positive
5,Positive,Negative,0.9287,-0.362,Positive
4,Positive,Positive,0.4404,0.5423,Positive
5,Positive,Neutral,0.4927,0.0,Positive
2,Negative,Positive,-0.1027,0.4678,Positive
1,Positive,Positive,0.9403,0.246,Positive
3,Negative,Negative,-0.1027,-0.2924,Negative
3,Positive,Negative,0.128,-0.3182,Negative
4,Negative,Negative,-0.1027,-0.296,Positive
5,Positive,Neutral,0.9768,0.0,Positive
4,Positive,Negative,0.7845,-0.2263,Positive
4,Positive,Neutral,0.4404,0.0,Positive
5,Positive,Neutral,0.8885,0.0,Positive
1,Positive,Negative,0.8799,-0.34,Positive
2,Positive,Neutral,0.1779,0.0258,Positive
5,Positive,Neutral,0.6369,0.0,Positive
4,Neutral,Neutral,0.0,0.0,Positive
4,Positive,Positive,0.8932,0.4672,Positive
4,Positive,Positive,0.8316,0.3724,Positive
1,Negative,Negative,-0.1027,-0.8126,Negative
4,Positive,Negative,0.7003,-0.5848,Positive
4,Positive,Neutral,0.4215,-0.0315,Positive
5,Positive,Neutral,0.6908,0.0,Positive
1,Positive,Negative,0.4404,-0.7017,Negative
5,Positive,Positive,0.93,0.0772,Positive
3,Positive,Positive,0.4902,0.6908,Positive
3,Positive,Positive,0.8717,0.4588,Positive
5,Neutral,Negative,0.0,-0.3612,Positive
3,Neutral,Negative,0.0,-0.6486,Negative
1,Positive,Negative,0.506,-0.5693,Negative
3,Positive,Neutral,0.34,0.0,Positive
4,Positive,Negative,0.8402,-0.4268,Positive
4,Neutral,Neutral,0.0,0.0,Neutral
1,Positive,Negative,0.6908,-0.7579,Negative
4,Positive,Negative,0.8689,-0.5905,Positive
5,Positive,Neutral,0.2263,0.0,Positive
3,Positive,Positive,0.7472,0.3172,Positive
4,Positive,Neutral,0.8555,0.0,Positive
2,Positive,Negative,0.4215,-0.7692,Negative
4,Positive,Positive,0.5302,0.2247,Positive
4,Positive,Neutral,0.5859,0.0,Positive
3,Positive,Negative,0.91,-0.4183,Positive
3,Positive,Positive,0.7717,0.2023,Positive
5,Neutral,Positive,0.0,0.669,Positive
5,Positive,Positive,0.6369,0.0772,Positive
4,Positive,Negative,0.7096,-0.296,Positive
2,Positive,Negative,0.6416,-0.1027,Negative
5,Positive,Neutral,0.8074,0.0,Positive
4,Positive,Neutral,0.9001,0.0258,Positive
5,Positive,Negative,0.9169,-0.2263,Positive
2,Positive,Negative,0.4404,-0.4404,Positive
1,Negative,Negative,-0.296,-0.6249,Negative
4,Positive,Negative,0.8481,-0.5719,Positive
3,Positive,Negative,0.3612,-0.296,Positive
2,Positive,Negative,0.4404,-0.357,Negative
3,Positive,Negative,0.6369,-0.3182,Positive
3,Positive,Negative,0.4404,-0.5106,Negative
5,Positive,Positive,0.9281,0.8402,Positive
4,Neutral,Neutral,0.0,0.0,Positive
5,Positive,Negative,0.9538,-0.7096,Positive
4,Positive,Negative,0.5719,-0.0516,Positive
5,Positive,Negative,0.7146,-0.296,Positive
3,Positive,Negative,0.6705,-0.296,Positive
4,Positive,Negative,0.802,-0.296,Positive
1,Positive,Neutral,0.6369,0.0,Positive
4,Positive,Negative,0.5423,-0.7351,Negative
3,Positive,Positive,0.5574,0.5574,Positive
4,Positive,Neutral,0.4019,0.0,Positive
4,Positive,Negative,0.5106,-0.3612,Positive
5,Positive,Positive,0.9001,0.6249,Positive
2,Positive,Negative,0.4939,-0.1779,Positive
4,Positive,Negative,0.3612,-0.4019,Negative
3,Positive,Negative,0.8608,-0.4215,Positive
1,Positive,Positive,0.25,0.34,Positive
5,Positive,Positive,0.6894,0.34,Positive
2,Positive,Negative,0.4576,-0.3612,Positive
3,Positive,Negative,0.2263,-0.6486,Negative
4,Positive,Positive,0.6705,0.4404,Positive
5,Positive,Neutral,0.8316,0.0,Positive
3,Positive,Negative,0.9485,-0.1761,Positive
4,Positive,Neutral,0.8617,0.0,Positive
4,Positive,Neutral,0.8402,0.0,Positive
2,Positive,Negative,0.5994,-0.9101,Negative
5,Positive,Negative,0.1779,-0.5445,Positive
3,Positive,Negative,0.7717,-0.6711,Positive
5,Positive,Negative,0.9393,-0.296,Positive
5,Positive,Positive,0.6249,0.6029,Positive
4,Positive,Positive,0.7351,0.3818,Positive
5,Positive,Negative,0.9287,-0.9153,Positive
3,Positive,Negative,0.4939,-0.4717,Neutral
4,Positive,Neutral,0.8481,0.0,Positive
1,Negative,Negative,-0.6249,-0.4767,Negative
5,Negative,Negative,-0.0951,-0.507,Negative
2,Positive,Negative,0.5051,-0.3195,Positive
1,Positive,Positive,0.5994,0.8774,Positive
5,Positive,Neutral,0.7783,0.0,Positive
2,Positive,Negative,0.765,-0.5423,Positive
5,Positive,Negative,0.8126,-0.6261,Positive
4,Positive,Negative,0.7579,-0.4993,Positive
3,Positive,Negative,0.9831,-0.3182,Positive
4,Positive,Negative,0.8481,-0.5216,Positive
5,Positive,Negative,0.6597,-0.0772,Positive
2,Neutral,Negative,0.0,-0.6964,Negative
4,Positive,Negative,0.8801,-0.2732,Positive
5,Positive,Neutral,0.6549,0.0,Positive
4,Positive,Neutral,0.539,0.0,Positive
4,Positive,Negative,0.4215,-0.4019,Positive
4,Positive,Negative,0.5859,-0.4588,Positive
4,Positive,Neutral,0.4404,0.0,Positive
4,Positive,Negative,0.9287,-0.2944,Positive
4,Positive,Neutral,0.9287,0.0,Positive
5,Positive,Negative,0.9601,-0.3774,Positive
5,Positive,Positive,0.1779,0.4767,Positive
3,Neutral,Negative,0.0,-0.3089,Negative
4,Positive,Positive,0.7269,0.3671,Positive
1,Positive,Positive,0.1027,0.7334,Positive
1,Positive,Negative,0.6369,-0.8966,Negative
5,Positive,Negative,0.926,-0.2484,Positive
5,Positive,Neutral,0.7964,0.0,Positive
4,Positive,Negative,0.5859,-0.4019,Positive
5,Positive,Negative,0.5413,-0.7088,Positive
4,Positive,Positive,0.6249,0.3182,Positive
4,Positive,Neutral,0.7184,0.0,Positive
4,Positive,Positive,0.6022,0.3818,Positive
3,Positive,Negative,0.7003,-0.34,Positive
4,Positive,Positive,0.8316,0.7845,Positive
4,Positive,Neutral,0.8519,0.0,Positive
2,Positive,Negative,0.5859,-0.5719,Positive
4,Positive,Positive,0.9268,0.3818,Positive
4,Positive,Positive,0.6249,0.1043,Positive
5,Positive,Negative,0.7003,-0.6249,Positive
5,Positive,Neutral,0.4404,0.0,Positive
5,Positive,Positive,0.7717,0.7366,Positive
3,Positive,Positive,0.4404,0.5267,Positive
3,Neutral,Positive,0.0,0.4939,Positive
1,Positive,Negative,0.6908,-0.3412,Negative
5,Positive,Positive,0.8125,0.0572,Positive
5,Positive,Neutral,0.4404,0.0,Positive
4,Positive,Positive,0.9413,0.8945,Positive
1,Positive,Negative,0.2846,-0.8689,Negative
5,Positive,Positive,0.296,0.4336,Positive
5,Positive,Positive,0.8442,0.8519,Positive
4,Positive,Neutral,0.4939,0.0,Positive
4,Positive,Neutral,0.8316,0.0,Positive
1,Positive,Negative,0.296,-0.8901,Negative
3,Positive,Neutral,0.8625,-0.0072,Positive
5,Positive,Negative,0.9371,-0.1779,Positive
4,Positive,Neutral,0.8934,0.0,Positive
5,Positive,Neutral,0.9723,0.0,Positive
4,Positive,Negative,0.7351,-0.2023,Positive
4,Positive,Neutral,0.8173,0.0,Positive
3,Positive,Negative,0.4404,-0.5242,Positive
4,Positive,Negative,0.872,-0.7067,Positive
3,Positive,Negative,0.5859,-0.9569,Negative
4,Positive,Neutral,0.4019,0.0,Positive
4,Positive,Negative,0.8402,-0.0516,Positive
4,Positive,Positive,0.8271,0.6369,Positive
5,Positive,Negative,0.6249,-0.1531,Positive
4,Positive,Negative,0.8799,-0.3818,Positive
3,Positive,Negative,0.3415,-0.3818,Negative
5,Negative,Negative,-0.4019,-0.4019,Neutral
2,Positive,Negative,0.7184,-0.4767,Positive
3,Positive,Negative,0.6369,-0.25,Positive
2,Neutral,Negative,0.0,-0.9815,Negative
5,Positive,Positive,0.2732,0.5081,Positive
4,Positive,Neutral,0.6705,0.0018,Positive
3,Positive,Neutral,0.3818,0.0,Positive
2,Positive,Negative,0.4215,-0.128,Positive
4,Positive,Neutral,0.9673,0.0253,Positive
4,Positive,Negative,0.5707,-0.4019,Positive
3,Neutral,Neutral,0.0,0.0,Neutral
4,Positive,Negative,0.7003,-0.4019,Positive
4,Positive,Negative,0.6369,-0.5719,Positive
1,Negative,Negative,-0.5423,-0.7906,Negative
4,Positive,Negative,0.2382,-0.1511,Positive
2,Positive,Negative,0.7996,-0.5233,Positive
2,Positive,Negative,0.802,-0.6853,Negative
4,Positive,Negative,0.34,-0.1139,Positive
3,Positive,Positive,0.6705,0.9141,Positive
4,Positive,Positive,0.4588,0.3502,Positive
4,Positive,Positive,0.296,0.0772,Positive
3,Positive,Negative,0.7717,-0.296,Positive
5,Positive,Negative,0.8316,-0.4404,Positive
1,Positive,Negative,0.5562,-0.9765,Negative
3,Positive,Negative,0.7269,-0.5248,Positive
3,Neutral,Negative,0.0,-0.3182,Positive
4,Neutral,Negative,0.0,-0.5267,Negative
3,Positive,Negative,0.6908,-0.4767,Positive
5,Positive,Positive,0.8126,0.431,Positive
3,Positive,Negative,0.8779,-0.739,Positive
1,Positive,Negative,0.3794,-0.8362,Negative
3,Positive,Negative,0.0772,-0.608,Negative
4,Positive,Negative,0.7851,-0.3612,Positive
4,Positive,Negative,0.9287,-0.3612,Positive
2,Positive,Neutral,0.872,0.0,Positive
5,Positive,Negative,0.9459,-0.1901,Positive
4,Positive,Positive,0.8225,0.5806,Positive
4,Positive,Negative,0.6486,-0.1655,Positive
3,Positive,Positive,0.8591,0.6808,Positive
3,Neutral,Negative,0.0,-0.0762,Negative
4,Positive,Positive,0.8957,0.3818,Positive
5,Positive,Neutral,0.9231,-0.0276,Positive
4,Positive,Negative,0.4215,-0.5106,Negative
4,Positive,Positive,0.8176,0.6369,Positive
3,Positive,Positive,0.3818,0.3071,Positive
3,Positive,Neutral,0.8979,-0.0214,Positive
3,Positive,Positive,0.7845,0.1571,Positive
4,Positive,Neutral,0.4927,0.0,Positive
5,Positive,Positive,0.6705,0.8969,Positive
5,Positive,Negative,0.9618,-0.296,Positive
5,Positive,Negative,0.8176,-0.1027,Positive
4,Positive,Negative,0.4215,-0.1531,Positive
1,Neutral,Negative,0.0,-0.8834,Negative
4,Positive,Positive,0.9242,0.6486,Positive
3,Positive,Positive,0.8225,0.4588,Positive
3,Positive,Positive,0.9042,0.2957,Positive
4,Positive,Neutral,0.7096,0.0,Positive
4,Positive,Negative,0.9781,-0.461,Positive
1,Positive,Negative,0.5719,-0.6705,Negative
5,Positive,Positive,0.9643,0.1503,Positive
4,Positive,Neutral,0.9531,0.0,Positive
1,Positive,Negative,0.4404,-0.6486,Negative
3,Positive,Positive,0.7159,0.4023,Positive
5,Positive,Negative,0.3597,-0.3818,Positive
4,Positive,Neutral,0.3182,0.0,Positive
4,Positive,Negative,0.836,-0.3612,Positive
3,Positive,Neutral,0.8074,0.0,Positive
5,Positive,Neutral,0.7184,0.0,Positive
3,Positive,Positive,0.4019,0.4767,Positive
3,Positive,Negative,0.34,-0.4939,Negative
2,Negative,Negative,-0.5267,-0.5719,Negative
2,Neutral,Negative,0.0,-0.2732,Negative
4,Positive,Neutral,0.7783,0.0,Positive
3,Positive,Neutral,0.836,0.0,Positive
1,Positive,Negative,0.4939,-0.296,Positive
5,Positive,Positive,0.9349,0.7922,Positive
4,Positive,Positive,0.9413,0.4019,Positive
5,Positive,Neutral,0.8074,0.0,Positive
3,Positive,Neutral,0.3612,0.0,Positive
3,Positive,Neutral,0.6249,0.0,Positive
2,Positive,Negative,0.7184,-0.8923,Negative
4,Positive,Negative,0.2263,-0.296,Negative
5,Positive,Positive,0.8176,0.1531,Positive
3,Positive,Negative,0.7906,-0.34,Positive
5,Positive,Neutral,0.2263,0.0,Positive
3,Positive,Negative,0.8689,-0.3653,Positive
3,Positive,Neutral,0.5574,0.0,Positive
4,Positive,Neutral,0.8126,0.0,Positive
4,Positive,Positive,0.7506,0.34,Positive
5,Positive,Negative,0.6908,-0.1027,Positive
1,Positive,Positive,0.943,0.4067,Positive
3,Positive,Neutral,0.5106,0.0,Positive
2,Positive,Negative,0.8777,-0.8881,Positive
3,Positive,Negative,0.9485,-0.7269,Positive
5,Positive,Negative,0.6249,-0.3865,Positive
5,Positive,Positive,0.1779,0.3612,Positive
2,Neutral,Negative,0.0,-0.2924,Positive
3,Positive,Neutral,0.886,-0.024,Positive
5,Positive,Neutral,0.9571,0.0,Positive
3,Positive,Neutral,0.9729,0.0128,Positive
2,Positive,Negative,0.836,-0.4019,Positive
3,Neutral,Neutral,0.0,0.0,Positive
2,Positive,Negative,0.4215,-0.2924,Positive
5,Positive,Positive,0.8834,0.0516,Positive
4,Positive,Negative,0.6249,-0.3612,Positive
4,Positive,Neutral,0.6249,0.0,Positive
5,Positive,Negative,0.8074,-0.296,Positive
5,Positive,Negative,0.25,-0.6249,Negative
4,Positive,Negative,0.8979,-0.296,Positive
3,Positive,Positive,0.9509,0.34,Positive
2,Positive,Negative,0.1027,-0.7241,Negative
4,Positive,Positive,0.9042,0.4927,Positive
3,Neutral,Negative,0.0,-0.5849,Negative
3,Positive,Negative,0.7717,-0.5994,Positive
5,Positive,Neutral,0.7783,0.0,Positive
5,Positive,Negative,0.8316,-0.5096,Positive
5,Positive,Positive,0.3716,0.203,Positive
3,Positive,Negative,0.926,-0.9509,Negative
5,Positive,Negative,0.8535,-0.1027,Positive
5,Neutral,Neutral,0.0,0.0,Positive
3,Positive,Negative,0.9041,-0.4449,Positive
2,Positive,Positive,0.5106,0.0762,Positive
5,Positive,Positive,0.9799,0.8658,Positive
3,Neutral,Positive,0.0,0.6124,Positive
1,Positive,Negative,0.6249,-0.25,Positive
1,Neutral,Negative,0.0,-0.4588,Negative
3,Positive,Negative,0.6249,-0.3412,Positive
1,Neutral,Negative,0.0,-0.4767,Negative
1,Positive,Negative,0.296,-0.1027,Negative
5,Positive,Negative,0.5413,-0.1689,Positive
3,Positive,Negative,0.7906,-0.3384,Positive
4,Positive,Neutral,0.4019,0.0,Positive
3,Positive,Negative,0.8126,-0.2263,Positive
4,Positive,Negative,0.91,-0.25,Positive
5,Positive,Positive,0.9381,0.2732,Positive
5,Positive,Neutral,0.7003,0.0,Positive
3,Positive,Positive,0.6249,0.1779,Positive
5,Positive,Negative,0.7316,-0.2391,Positive
2,Negative,Negative,-0.1027,-0.7096,Negative
3,Positive,Negative,0.3818,-0.5,Negative
3,Positive,Positive,0.8957,0.128,Positive
1,Positive,Negative,0.4404,-0.9368,Negative
1,Neutral,Negative,0.0,-0.296,Positive
1,Positive,Positive,0.6705,0.4377,Positive
3,Positive,Negative,0.5719,-0.2263,Positive
3,Positive,Negative,0.836,-0.4404,Positive
3,Positive,Negative,0.6249,-0.5897,Negative
5,Positive,Negative,0.6249,-0.5096,Positive
5,Positive,Neutral,0.6115,0.0,Positive
1,Positive,Positive,0.4404,0.8271,Positive
3,Positive,Neutral,0.7717,0.0,Positive
3,Positive,Negative,0.7506,-0.4767,Positive
4,Positive,Positive,0.7901,0.6908,Positive
3,Positive,Positive,0.6249,0.3182,Positive
2,Positive,Negative,0.9224,-0.5562,Positive
1,Positive,Negative,0.0946,-0.8591,Negative
4,Positive,Negative,0.6411,-0.5256,Negative
4,Positive,Negative,0.9209,-0.5423,Positive
2,Positive,Negative,0.2263,-0.836,Negative
3,Positive,Negative,0.6249,-0.5423,Positive
4,Positive,Positive,0.4404,0.32,Positive
1,Neutral,Positive,0.0,0.1531,Negative
5,Positive,Negative,0.9761,-0.9611,Negative
3,Positive,Negative,0.886,-0.765,Positive
5,Positive,Neutral,0.4019,0.0,Positive
4,Positive,Negative,0.7003,-0.4215,Positive
3,Positive,Negative,0.4404,-0.7783,Negative
4,Positive,Neutral,0.807,0.0,Positive
1,Negative,Positive,-0.3865,0.2023,Negative
5,Positive,Neutral,0.7579,0.0,Positive
4,Positive,Neutral,0.9312,0.0,Positive
4,Positive,Negative,0.4404,-0.2924,Positive
3,Positive,Negative,0.8481,-0.1326,Positive
4,Positive,Neutral,0.6369,0.0,Positive
4,Positive,Neutral,0.4404,0.0,Positive
5,Positive,Positive,0.8885,0.9222,Positive
4,Positive,Neutral,0.4404,0.0,Positive
4,Positive,Negative,0.6908,-0.296,Positive
2,Positive,Negative,0.9413,-0.5867,Positive
5,Neutral,Neutral,0.0,0.0,Positive
3,Positive,Positive,0.34,0.3182,Positive
3,Positive,Neutral,0.6249,0.0,Positive
4,Positive,Neutral,0.6249,0.0,Positive
4,Neutral,Neutral,0.0,0.0,Positive
1,Neutral,Negative,0.0,-0.4031,Negative
4,Positive,Neutral,0.4939,0.0,Positive
4,Positive,Negative,0.7351,-0.0772,Positive
5,Positive,Neutral,0.8316,0.0,Positive
3,Positive,Negative,0.7783,-0.1419,Positive
5,Positive,Positive,0.5046,0.4574,Positive
4,Positive,Neutral,0.7501,0.0,Positive
4,Positive,Neutral,0.8338,0.0,Positive
4,Positive,Neutral,0.8214,0.0,Positive
3,Positive,Positive,0.2263,0.1779,Positive
4,Positive,Neutral,0.8934,0.0,Positive
4,Positive,Negative,0.6249,-0.3412,Positive
1,Positive,Negative,0.7351,-0.2263,Positive
3,Positive,Negative,0.5859,-0.4767,Positive
1,Positive,Negative,0.1779,-0.2584,Negative
4,Positive,Positive,0.5574,0.3818,Positive
5,Positive,Neutral,0.6597,0.0,Positive
1,Positive,Negative,0.91,-0.8353,Positive
5,Positive,Neutral,0.5859,-0.0268,Positive
4,Positive,Negative,0.9379,-0.4476,Positive
5,Positive,Positive,0.9531,0.1531,Positive
5,Positive,Negative,0.6597,-0.1027,Positive
4,Positive,Neutral,0.7717,0.0,Positive
1,Positive,Negative,0.3818,-0.296,Positive
4,Positive,Neutral,0.7351,0.0,Positive
4,Positive,Positive,0.7717,0.3182,Positive
4,Positive,Positive,0.4404,0.4588,Positive
4,Positive,Negative,0.7845,-0.296,Positive
4,Positive,Negative,0.6597,-0.4767,Positive
2,Neutral,Negative,0.0,-0.4261,Negative
5,Positive,Negative,0.8658,-0.2732,Positive
5,Positive,Positive,0.9413,0.6597,Positive
4,Positive,Negative,0.9231,-0.2263,Positive
2,Positive,Positive,0.4404,0.8827,Positive
4,Neutral,Positive,0.0,0.1139,Positive
4,Neutral,Negative,0.0,-0.4767,Negative
5,Positive,Negative,0.7003,-0.296,Positive
5,Positive,Neutral,0.296,0.0,Positive
2,Positive,Negative,0.6249,-0.1531,Negative
3,Neutral,Negative,0.0,-0.3818,Negative
2,Positive,Negative,0.8126,-0.7184,Positive
2,Positive,Negative,0.5719,-0.3818,Positive
4,Positive,Negative,0.9231,-0.5267,Positive
3,Positive,Negative,0.8316,-0.6697,Positive
5,Positive,Neutral,0.886,0.0,Positive
4,Positive,Negative,0.6249,-0.1027,Positive
4,Neutral,Positive,0.0,0.128,Positive
4,Positive,Positive,0.9477,0.8436,Positive
4,Positive,Positive,0.7184,0.4404,Positive
4,Positive,Negative,0.9042,-0.4019,Positive
4,Positive,Neutral,0.4019,0.0,Positive
4,Positive,Negative,0.8271,-0.6266,Positive
5,Positive,Neutral,0.8689,0.0,Positive
5,Positive,Positive,0.936,0.8948,Positive
4,Positive,Negative,0.5859,-0.1779,Positive
4,Positive,Negative,0.9184,-0.0571,Positive
5,Neutral,Negative,0.0,-0.2755,Positive
3,Positive,Positive,0.7269,0.5413,Positive
3,Neutral,Negative,0.0,-0.3818,Negative
5,Positive,Negative,0.6851,-0.296,Positive
4,Positive,Negative,0.7574,-0.128,Positive
5,Positive,Negative,0.9531,-0.3384,Positive
5,Positive,Negative,0.9062,-0.5216,Positive
3,Positive,Negative,0.4588,-0.7404,Negative
5,Positive,Neutral,0.8519,0.0,Positive
4,Positive,Negative,0.7096,-0.8056,Negative
5,Positive,Positive,0.659,0.431,Positive
4,Positive,Positive,0.4019,0.5994,Positive
3,Positive,Negative,0.9346,-0.8658,Positive
5,Positive,Neutral,0.9856,0.0,Positive
1,Positive,Positive,0.4215,0.3818,Negative
4,Positive,Negative,0.8162,-0.2317,Positive
4,Positive,Positive,0.7003,0.4404,Positive
4,Positive,Negative,0.34,-0.1027,Positive
4,Positive,Negative,0.872,-0.4404,Positive
3,Positive,Neutral,0.2263,0.0,Positive
5,Positive,Negative,0.25,-0.1027,Positive
3,Positive,Negative,0.7469,-0.2263,Positive
4,Positive,Negative,0.4588,-0.8271,Negative
3,Positive,Negative,0.4404,-0.296,Positive
4,Positive,Neutral,0.4404,0.0,Positive
1,Positive,Positive,0.6249,0.2023,Positive
4,Positive,Positive,0.9432,0.8399,Positive
3,Positive,Negative,0.8979,-0.6808,Positive
4,Positive,Negative,0.8555,-0.7801,Neutral
3,Negative,Neutral,-0.2337,0.0,Negative
2,Positive,Neutral,0.9169,0.0422,Positive
4,Positive,Positive,0.6249,0.3818,Positive
1,Neutral,Positive,0.0,0.4898,Positive
3,Positive,Negative,0.8777,-0.8852,Negative
4,Neutral,Negative,0.0,-0.5106,Negative
3,Negative,Negative,-0.4118,-0.3182,Negative
5,Neutral,Positive,0.0,0.1531,Positive
4,Neutral,Negative,0.0,-0.6792,Negative
5,Positive,Neutral,0.7553,0.0,Positive
4,Positive,Negative,0.875,-0.296,Positive
4,Positive,Positive,0.9856,0.9495,Positive
3,Positive,Positive,0.9169,0.6808,Positive
5,Positive,Neutral,0.4215,0.0,Positive
3,Positive,Negative,0.5267,-0.2023,Positive
2,Positive,Negative,0.3818,-0.6249,Negative
3,Positive,Negative,0.2263,-0.746,Negative
4,Positive,Positive,0.6249,0.1779,Positive
4,Positive,Positive,0.6952,0.7184,Positive
1,Neutral,Negative,0.0,-0.8963,Negative
3,Positive,Negative,0.5106,-0.3401,Positive
5,Positive,Negative,0.8481,-0.2975,Positive
5,Positive,Positive,0.8555,0.3182,Positive
3,Neutral,Neutral,0.0,0.0,Positive
2,Positive,Negative,0.3612,-0.4341,Negative
2,Positive,Positive,0.3832,0.1779,Positive
3,Positive,Neutral,0.6369,-0.0258,Positive
5,Positive,Neutral,0.4215,0.0,Positive
4,Positive,Positive,0.6131,0.1386,Positive
2,Positive,Neutral,0.5859,0.0,Positive
2,Positive,Negative,0.9231,-0.3818,Positive
4,Neutral,Positive,0.0,0.4215,Positive
5,Positive,Positive,0.7351,0.4019,Positive
5,Positive,Negative,0.836,-0.5719,Positive
4,Positive,Neutral,0.743,0.0,Positive
3,Positive,Negative,0.8807,-0.6597,Positive
2,Positive,Negative,0.8885,-0.3818,Positive
3,Neutral,Negative,0.0,-0.743,Negative
5,Positive,Positive,0.9217,0.4404,Positive
4,Positive,Positive,0.743,0.0772,Positive
4,Positive,Positive,0.743,0.4404,Positive
2,Positive,Negative,0.4404,-0.3597,Positive
5,Positive,Neutral,0.6249,0.0,Positive
5,Positive,Positive,0.946,0.7269,Positive
4,Positive,Positive,0.2263,0.5423,Positive
4,Positive,Positive,0.7841,0.7964,Positive
5,Positive,Negative,0.6249,-0.3804,Positive
4,Positive,Neutral,0.8777,-0.0258,Positive
3,Positive,Negative,0.6249,-0.2263,Positive
4,Positive,Neutral,0.2846,0.0,Positive
5,Positive,Positive,0.9589,0.5719,Positive
2,Neutral,Negative,0.0,-0.6935,Negative
2,Positive,Negative,0.8476,-0.1761,Positive
4,Positive,Positive,0.9393,0.1476,Positive
3,Positive,Negative,0.836,-0.5423,Positive
2,Positive,Negative,0.5719,-0.296,Positive
4,Positive,Negative,0.7845,-0.4588,Positive
4,Positive,Neutral,0.9337,0.0,Positive
3,Positive,Neutral,0.6597,0.0,Positive
4,Neutral,Negative,0.0258,-0.789,Negative
2,Positive,Positive,0.8807,0.5106,Positive
4,Positive,Negative,0.8126,-0.2222,Positive
1,Positive,Negative,0.6369,-0.7584,Negative
4,Positive,Negative,0.8126,-0.3252,Positive
3,Positive,Negative,0.7717,-0.296,Positive
1,Neutral,Neutral,0.0,0.0,Neutral
5,Positive,Neutral,0.8555,0.0,Positive
4,Positive,Positive,0.4927,0.7096,Positive
1,Positive,Negative,0.171,-0.5267,Neutral
4,Positive,Negative,0.743,-0.296,Positive
2,Positive,Negative,0.8126,-0.4767,Positive
3,Positive,Positive,0.9516,0.2617,Positive
4,Positive,Negative,0.7003,-0.4874,Positive
3,Positive,Positive,0.802,0.1779,Positive
4,Neutral,Neutral,0.0,0.0,Positive
4,Positive,Positive,0.926,0.5789,Positive
2,Positive,Positive,0.3818,0.1189,Positive
3,Neutral,Neutral,0.0,0.0,Neutral
4,Positive,Negative,0.6808,-0.3182,Positive
4,Positive,Positive,0.836,0.3612,Positive
5,Positive,Positive,0.4404,0.3612,Positive
2,Positive,Negative,0.9595,-0.4767,Positive
4,Positive,Negative,0.8316,-0.6908,Positive
3,Positive,Negative,0.2937,-0.5662,Negative
3,Positive,Negative,0.765,-0.4767,Positive
4,Positive,Negative,0.7269,-0.7067,Positive
4,Positive,Negative,0.7783,-0.1027,Positive
4,Positive,Neutral,0.7351,0.0,Positive
4,Neutral,Negative,0.0,-0.6698,Negative
5,Positive,Negative,0.8316,-0.7906,Positive
3,Positive,Negative,0.4404,-0.3612,Positive
2,Positive,Negative,0.5859,-0.85,Negative
5,Neutral,Neutral,0.0,0.0,Neutral
5,Positive,Neutral,0.2263,0.0,Positive
3,Positive,Negative,0.3628,-0.1511,Positive
2,Positive,Negative,0.6369,-0.3182,Positive
1,Positive,Negative,0.5859,-0.886,Negative
3,Positive,Positive,0.5859,0.2263,Positive
5,Positive,Negative,0.4927,-0.128,Positive
5,Positive,Negative,0.9875,-0.191,Positive
4,Positive,Negative,0.6486,-0.2732,Positive
4,Positive,Positive,0.7501,0.7089,Positive
2,Positive,Negative,0.9657,-0.9059,Negative
4,Positive,Negative,0.34,-0.3182,Positive
2,Positive,Negative,0.9324,-0.3946,Positive
5,Positive,Neutral,0.4754,0.0,Positive
5,Positive,Neutral,0.7003,0.0,Positive
4,Positive,Negative,0.6249,-0.523,Positive
1,Neutral,Negative,0.0,-0.5574,Negative
1,Positive,Negative,0.4019,-0.8196,Negative
4,Positive,Neutral,0.3818,0.0,Positive
5,Positive,Negative,0.802,-0.1027,Positive
4,Positive,Negative,0.6369,-0.3865,Positive
5,Positive,Positive,0.9715,0.3818,Positive
2,Neutral,Neutral,0.0,0.0,Neutral
4,Neutral,Neutral,0.0,0.0,Positive
5,Positive,Neutral,0.6808,0.0,Positive
4,Positive,Negative,0.6249,-0.0772,Positive
3,Positive,Positive,0.7783,0.4215,Positive
3,Positive,Positive,0.4019,0.2484,Positive
4,Positive,Negative,0.1779,-0.4404,Positive
1,Neutral,Negative,0.0,-0.8877,Negative
3,Positive,Negative,0.5859,-0.296,Positive
5,Positive,Neutral,0.7003,0.0,Positive
1,Negative,Positive,-0.6486,0.8458,Positive
3,Positive,Negative,0.6705,-0.3412,Positive
2,Positive,Negative,0.6249,-0.8055,Negative
3,Positive,Negative,0.2023,-0.765,Negative
3,Positive,Positive,0.7964,0.0772,Positive
4,Positive,Negative,0.937,-0.5563,Positive
5,Negative,Negative,-0.128,-0.128,Positive
3,Positive,Negative,0.3818,-0.6002,Negative
4,Positive,Neutral,0.6705,0.0,Positive
3,Positive,Neutral,0.7755,0.0,Positive
2,Positive,Positive,0.743,0.9372,Positive
5,Positive,Positive,0.7096,0.1265,Positive
4,Positive,Neutral,0.4939,0.0451,Positive
4,Positive,Neutral,0.875,0.0,Positive
1,Positive,Negative,0.2263,-0.5563,Negative
3,Positive,Neutral,0.7003,0.0,Positive
1,Negative,Negative,-0.0516,-0.5423,Negative
4,Positive,Positive,0.6597,0.0762,Positive
4,Positive,Negative,0.7906,-0.5719,Positive
2,Negative,Negative,-0.6072,-0.2273,Negative
1,Positive,Positive,0.4404,0.3182,Positive
5,Positive,Negative,0.5719,-0.4951,Positive
3,Positive,Negative,0.7475,-0.4383,Positive
3,Positive,Negative,0.2716,-0.5859,Negative
4,Positive,Negative,0.3818,-0.2732,Positive
5,Positive,Neutral,0.891,0.0,Positive
4,Positive,Neutral,0.9062,0.0,Positive
4,Positive,Negative,0.6486,-0.3818,Positive
5,Positive,Neutral,0.8625,0.0,Positive
3,Neutral,Positive,0.0,0.2263,Positive
5,Positive,Positive,0.8658,0.3832,Positive
5,Positive,Positive,0.8225,0.25,Positive
5,Positive,Negative,0.9081,-0.2502,Positive
2,Neutral,Neutral,0.0,0.0,Neutral
3,Positive,Neutral,0.6249,0.0,Positive
3,Positive,Neutral,0.4754,0.0,Positive
3,Positive,Negative,0.7003,-0.296,Positive
2,Positive,Negative,0.1027,-0.8555,Negative
4,Positive,Negative,0.875,-0.7579,Positive
4,Positive,Neutral,0.8979,0.0,Positive
5,Positive,Neutral,0.7783,-0.0387,Positive
3,Neutral,Neutral,0.0,0.0,Positive
4,Positive,Positive,0.743,0.4404,Positive
4,Positive,Neutral,0.5994,0.0,Positive
2,Positive,Positive,0.8126,0.6486,Positive
4,Positive,Negative,0.8807,-0.3818,Positive
3,Positive,Neutral,0.5574,0.0,Positive
4,Positive,Negative,0.7436,-0.8959,Negative
5,Positive,Positive,0.9868,0.2732,Positive
4,Positive,Negative,0.7713,-0.5106,Positive
4,Positive,Negative,0.6705,-0.128,Positive
5,Positive,Positive,0.9648,0.7582,Positive
3,Positive,Neutral,0.875,0.0,Positive
4,Positive,Neutral,0.8934,0.0,Positive
4,Positive,Positive,0.8834,0.7713,Positive
5,Positive,Negative,0.7717,-0.296,Positive
4,Positive,Negative,0.4404,-0.34,Positive
5,Positive,Positive,0.9722,0.4767,Positive
3,Negative,Positive,-0.1027,0.1511,Positive
4,Positive,Neutral,0.8271,0.0,Positive
5,Positive,Positive,0.4019,0.4927,Positive
4,Positive,Positive,0.8126,0.25,Positive
4,Positive,Negative,0.6597,-0.0516,Positive
1,Neutral,Positive,0.0,0.1764,Positive
5,Positive,Neutral,0.875,0.0,Positive
5,Positive,Neutral,0.8591,0.0,Positive
2,Positive,Negative,0.6991,-0.8356,Negative
3,Positive,Neutral,0.4404,0.0,Positive
4,Positive,Negative,0.4404,-0.6711,Negative
1,Neutral,Negative,0.0,-0.4404,Negative
3,Neutral,Neutral,0.0,0.0,Neutral
5,Positive,Neutral,0.6249,0.0,Positive
4,Positive,Neutral,0.8807,0.0,Positive
5,Positive,Negative,0.6239,-0.357,Positive
3,Positive,Negative,0.8934,-0.3017,Positive
5,Positive,Positive,0.9701,0.7351,Positive
1,Positive,Negative,0.8225,-0.6774,Positive
1,Positive,Negative,0.9088,-0.7721,Negative
5,Negative,Neutral,-0.3182,0.0,Positive
4,Positive,Negative,0.5574,-0.7579,Negative
4,Positive,Positive,0.9118,0.1531,Positive
4,Positive,Positive,0.7096,0.3182,Positive
4,Positive,Negative,0.4404,-0.5256,Positive
4,Positive,Negative,0.4019,-0.2263,Positive
5,Positive,Negative,0.7841,-0.5096,Positive
4,Positive,Neutral,0.6249,0.0,Positive
5,Positive,Negative,0.6369,-0.4717,Positive
4,Positive,Neutral,0.3818,0.0,Positive
4,Positive,Negative,0.3597,-0.1027,Positive
4,Neutral,Negative,0.0,-0.1027,Positive
3,Neutral,Negative,0.0,-0.6808,Negative
4,Positive,Positive,0.5023,0.2023,Positive
5,Positive,Positive,0.9844,0.369,Positive
4,Positive,Neutral,0.9117,0.0,Positive
4,Positive,Positive,0.3182,0.1119,Positive
4,Positive,Negative,0.8658,-0.3612,Positive
4,Positive,Negative,0.6249,-0.5577,Negative
3,Positive,Negative,0.7506,-0.3612,Positive
3,Positive,Positive,0.6908,0.2023,Positive
4,Positive,Positive,0.7902,0.2263,Positive
3,Positive,Negative,0.7845,-0.2584,Positive
5,Positive,Neutral,0.6249,0.0,Positive
4,Positive,Negative,0.7184,-0.2263,Positive
5,Positive,Neutral,0.7845,0.0,Positive
3,Positive,Negative,0.5267,-0.3182,Positive
2,Positive,Negative,0.6648,-0.7322,Negative
3,Positive,Positive,0.7543,0.9262,Positive
3,Positive,Positive,0.9018,0.672,Positive
3,Positive,Neutral,0.4404,0.0,Positive
3,Positive,Negative,0.34,-0.6649,Positive
2,Positive,Positive,0.6908,0.8934,Positive
5,Positive,Neutral,0.4404,0.0,Positive
3,Positive,Negative,0.7506,-0.9062,Negative
3,Neutral,Neutral,0.0,0.0,Neutral
4,Positive,Negative,0.8317,-0.3612,Positive
4,Positive,Negative,0.8625,-0.296,Positive
5,Positive,Negative,0.7845,-0.296,Positive
4,Positive,Neutral,0.8834,0.0,Positive
4,Positive,Positive,0.926,0.088,Positive
1,Positive,Negative,0.5106,-0.3875,Positive
5,Positive,Neutral,0.8126,0.0,Positive
2,Positive,Neutral,0.6369,0.0041,Positive
1,Positive,Negative,0.1779,-0.2732,Negative
4,Positive,Negative,0.8834,-0.4707,Positive
3,Positive,Negative,0.5267,-0.8126,Negative
3,Positive,Negative,0.8979,-0.4215,Positive
3,Positive,Neutral,0.875,0.0,Positive
2,Positive,Positive,0.5719,0.4939,Positive
3,Positive,Neutral,0.5719,0.0,Positive
4,Positive,Positive,0.9612,0.8837,Positive
3,Neutral,Neutral,0.0,0.0,Neutral
5,Positive,Positive,0.9417,0.0735,Positive
4,Positive,Negative,0.8658,-0.6808,Positive
3,Positive,Negative,0.7717,-0.4767,Positive
5,Positive,Positive,0.4927,0.7392,Positive
4,Positive,Neutral,0.5106,0.0,Positive
2,Negative,Positive,-0.4404,0.6877,Positive
4,Positive,Neutral,0.7506,0.0,Positive
4,Positive,Negative,0.8957,-0.5267,Positive
4,Positive,Positive,0.7964,0.8074,Positive
3,Positive,Negative,0.3818,-0.4767,Negative
2,Positive,Negative,0.8122,-0.5423,Positive
4,Positive,Neutral,0.765,0.0,Positive
3,Positive,Negative,0.886,-0.2732,Positive
5,Positive,Positive,0.9657,0.4215,Positive
1,Positive,Negative,0.7906,-0.4767,Positive
3,Positive,Negative,0.807,-0.7231,Positive
5,Positive,Neutral,0.6249,0.0,Positive
5,Positive,Neutral,0.3818,0.0,Positive
5,Positive,Positive,0.7717,0.802,Positive
2,Positive,Positive,0.128,0.5742,Positive
4,Positive,Neutral,0.7506,0.0015,Positive
5,Positive,Positive,0.9062,0.34,Positive
4,Positive,Negative,0.7579,-0.4793,Positive
4,Positive,Positive,0.5574,0.1796,Positive
5,Positive,Neutral,0.7264,0.0,Positive
2,Positive,Positive,0.9615,0.4215,Positive
4,Positive,Negative,0.6486,-0.3412,Positive
2,Positive,Positive,0.4404,0.0772,Positive
5,Positive,Neutral,0.8969,0.0,Positive
3,Positive,Negative,0.4019,-0.6496,Negative
4,Positive,Negative,0.4404,-0.3612,Positive
4,Positive,Negative,0.7902,-0.2263,Positive
1,Positive,Negative,0.3818,-0.9523,Negative
5,Positive,Negative,0.6588,-0.296,Positive
4,Positive,Negative,0.6124,-0.4767,Positive
4,Positive,Neutral,0.6908,0.0,Positive
3,Positive,Negative,0.4404,-0.5267,Negative
3,Positive,Negative,0.8481,-0.1027,Positive
4,Positive,Neutral,0.872,0.0,Positive
3,Positive,Neutral,0.8703,0.0,Positive
4,Positive,Negative,0.6249,-0.128,Positive
4,Positive,Negative,0.3818,-0.802,Negative
3,Positive,Neutral,0.7178,0.0,Positive
3,Positive,Neutral,0.8316,0.0,Positive
4,Positive,Positive,0.9313,0.439,Positive
4,Positive,Neutral,0.7845,0.0,Positive
3,Positive,Negative,0.4404,-0.296,Positive
4,Positive,Negative,0.8773,-0.4939,Positive
5,Positive,Positive,0.765,0.7096,Positive
4,Positive,Negative,0.5267,-0.3182,Positive
4,Positive,Neutral,0.6908,0.0,Positive
1,Positive,Neutral,0.2018,0.0,Negative
3,Positive,Neutral,0.4404,0.0,Positive
4,Positive,Negative,0.743,-0.3612,Positive
4,Positive,Positive,0.8225,0.8429,Positive
3,Positive,Negative,0.4939,-0.3612,Positive
1,Positive,Positive,0.4939,0.8749,Positive
2,Positive,Negative,0.34,-0.8099,Negative
5,Positive,Neutral,0.8271,0.0,Positive
1,Neutral,Negative,0.0,-0.0644,Negative
4,Positive,Neutral,0.6369,0.0,Positive
1,Positive,Negative,0.7003,-0.1027,Positive
3,Positive,Neutral,0.8957,0.0,Positive
4,Positive,Negative,0.9607,-0.8646,Positive
3,Positive,Positive,0.5574,0.34,Positive
5,Positive,Negative,0.6249,-0.296,Positive
5,Positive,Neutral,0.7906,-0.0268,Positive
4,Positive,Neutral,0.3818,0.0,Positive
5,Positive,Negative,0.6997,-0.296,Positive
5,Positive,Neutral,0.6369,0.0,Positive
1,Negative,Negative,-0.3412,-0.2732,Positive
2,Positive,Positive,0.4404,0.3612,Positive
5,Positive,Neutral,0.8316,0.0,Positive
4,Positive,Negative,0.6486,-0.2732,Positive
2,Positive,Negative,0.2944,-0.34,Negative
4,Positive,Positive,0.6705,0.3182,Positive
1,Positive,Neutral,0.4215,0.0,Positive
4,Positive,Positive,0.6997,0.1027,Positive
1,Positive,Negative,0.7003,-0.6697,Negative
5,Neutral,Positive,0.0,0.3991,Negative
2,Positive,Neutral,0.7778,-0.0018,Positive
5,Positive,Negative,0.2944,-0.5106,Negative
2,Positive,Neutral,0.6908,0.0,Positive
1,Positive,Positive,0.3818,0.9552,Positive
5,Positive,Neutral,0.75,0.0,Positive
5,Positive,Positive,0.4404,0.3724,Positive
3,Positive,Negative,0.8384,-0.296,Positive
4,Positive,Negative,0.895,-0.7522,Positive
5,Positive,Positive,0.836,0.4149,Positive
3,Positive,Negative,0.9081,-0.4451,Positive
5,Positive,Neutral,0.9231,0.0,Positive
5,Positive,Positive,0.8519,0.431,Positive
3,Positive,Negative,0.5106,-0.4588,Positive
5,Positive,Positive,0.875,0.1877,Positive
3,Positive,Negative,0.7717,-0.6849,Negative
5,Positive,Neutral,0.9953,0.0,Positive
4,Positive,Negative,0.6301,-0.1027,Positive
3,Positive,Negative,0.7845,-0.296,Positive
3,Positive,Neutral,0.5423,0.0,Positive
3,Positive,Negative,0.8885,-0.5096,Positive
4,Positive,Negative,0.802,-0.1139,Positive
4,Positive,Positive,0.9118,0.4404,Positive
5,Positive,Positive,0.4019,0.3415,Positive
4,Positive,Neutral,0.6486,0.0,Positive
2,Positive,Neutral,0.7269,0.0,Positive
4,Positive,Positive,0.9022,0.4404,Positive
5,Positive,Positive,0.9022,0.4396,Positive
4,Positive,Negative,0.3818,-0.2732,Positive
2,Positive,Negative,0.6486,-0.2732,Positive
4,Positive,Negative,0.6808,-0.8064,Negative
4,Positive,Neutral,0.9537,0.0,Positive
5,Positive,Negative,0.7717,-0.4158,Positive
5,Positive,Negative,0.6249,-0.296,Positive
4,Positive,Negative,0.8479,-0.4939,Positive
4,Positive,Positive,0.3612,0.4404,Positive
4,Positive,Positive,0.4215,0.128,Positive
5,Positive,Neutral,0.6249,0.0,Positive
4,Positive,Neutral,0.5994,0.0,Positive
5,Positive,Neutral,0.7506,0.0,Positive
4,Positive,Negative,0.8016,-0.4439,Positive
4,Positive,Positive,0.7906,0.128,Positive
4,Positive,Negative,0.8885,-0.5106,Positive
4,Positive,Negative,0.8405,-0.2732,Positive
4,Positive,Neutral,0.6705,0.0,Positive
4,Positive,Neutral,0.7003,0.0,Positive
4,Positive,Positive,0.4404,0.5423,Positive
3,Positive,Neutral,0.3818,0.0,Positive
2,Positive,Negative,0.5106,-0.2732,Positive
5,Positive,Positive,0.8807,0.5191,Positive
4,Positive,Neutral,0.743,0.0,Positive
5,Positive,Neutral,0.743,0.0,Positive
5,Positive,Neutral,0.9114,0.0,Positive
3,Positive,Neutral,0.8316,0.0,Positive
3,Positive,Negative,0.7269,-0.4588,Negative
4,Positive,Negative,0.3612,-0.4767,Negative
5,Positive,Negative,0.5106,-0.3071,Positive
1,Neutral,Negative,0.0,-0.4256,Negative
4,Positive,Negative,0.5267,-0.3252,Positive
2,Positive,Negative,0.6908,-0.1531,Positive
5,Positive,Negative,0.8591,-0.0534,Positive
5,Positive,Positive,0.8555,0.7096,Positive
2,Positive,Positive,0.6801,0.5153,Positive
5,Positive,Positive,0.9948,0.9348,Positive
4,Positive,Negative,0.7717,-0.6908,Neutral
1,Positive,Negative,0.765,-0.6377,Negative
1,Positive,Positive,0.6249,0.6142,Positive
2,Positive,Negative,0.5574,-0.7842,Negative
4,Positive,Negative,0.7845,-0.4767,Positive
5,Positive,Neutral,0.5859,0.0,Positive
4,Positive,Negative,0.6249,-0.4629,Positive
4,Positive,Positive,0.802,0.296,Positive
4,Positive,Positive,0.6808,0.34,Positive
5,Positive,Negative,0.8658,-0.3612,Positive
3,Neutral,Positive,0.0,0.5267,Positive
5,Positive,Negative,0.926,-0.296,Positive
5,Positive,Negative,0.6369,-0.296,Positive
3,Positive,Positive,0.6369,0.5221,Positive
4,Positive,Neutral,0.4404,0.0,Positive
3,Positive,Neutral,0.6808,0.0,Positive
3,Positive,Neutral,0.6486,0.0,Positive
4,Positive,Positive,0.4215,0.4767,Positive
3,Positive,Positive,0.9559,0.5814,Positive
4,Positive,Neutral,0.9114,-0.0387,Positive
5,Positive,Negative,0.915,-0.3159,Positive
4,Positive,Positive,0.6369,0.4033,Positive
2,Positive,Neutral,0.7184,0.0,Positive
2,Neutral,Positive,0.0,0.2584,Positive
3,Positive,Negative,0.3818,-0.381,Neutral
4,Positive,Negative,0.8519,-0.7688,Positive
4,Positive,Negative,0.7783,-0.5267,Positive
4,Positive,Neutral,0.9136,0.0,Positive
3,Positive,Neutral,0.8126,0.0,Positive
5,Positive,Neutral,0.5719,0.0462,Positive
1,Positive,Negative,0.4588,-0.3244,Positive
3,Positive,Positive,0.8271,0.3612,Positive
5,Positive,Negative,0.8176,-0.6962,Positive
2,Positive,Negative,0.3818,-0.7351,Negative
2,Neutral,Negative,0.0,-0.7371,Negative
3,Neutral,Negative,0.0,-0.6604,Negative
3,Neutral,Negative,0.0,-0.5106,Negative
4,Positive,Negative,0.8225,-0.2924,Positive
1,Positive,Negative,0.9042,-0.6988,Positive
1,Neutral,Neutral,0.0,0.0,Negative
5,Positive,Negative,0.3818,-0.5106,Positive
5,Positive,Negative,0.9234,-0.4497,Positive
5,Positive,Positive,0.7906,0.5574,Positive
5,Positive,Neutral,0.7783,0.0,Positive
3,Positive,Negative,0.9169,-0.5697,Positive
4,Positive,Negative,0.8481,-0.2306,Positive
3,Positive,Neutral,0.4404,0.0,Negative
5,Positive,Negative,0.6249,-0.5574,Positive
4,Positive,Positive,0.7003,0.4588,Positive
3,Positive,Positive,0.8957,0.34,Positive
5,Positive,Positive,0.4939,0.4019,Positive
5,Positive,Neutral,0.6249,0.0,Positive
4,Positive,Negative,0.7717,-0.7865,Neutral
5,Positive,Negative,0.8402,-0.5106,Positive
5,Positive,Negative,0.765,-0.1027,Positive
4,Positive,Neutral,0.6588,0.0,Positive
1,Positive,Positive,0.3818,0.1779,Positive
3,Positive,Negative,0.7778,-0.3412,Positive
4,Neutral,Positive,0.0,0.0772,Positive
3,Positive,Neutral,0.7003,0.0,Positive
4,Positive,Negative,0.3818,-0.3612,Positive
4,Positive,Neutral,0.2263,0.0,Positive
3,Positive,Negative,0.3961,-0.296,Positive
4,Positive,Positive,0.8957,0.0772,Positive
3,Positive,Negative,0.6597,-0.1027,Positive
4,Positive,Neutral,0.4588,0.0,Positive
2,Neutral,Positive,0.0,0.2732,Positive
4,Neutral,Neutral,0.0,0.0,Neutral
4,Neutral,Positive,0.0,0.6946,Positive
5,Positive,Positive,0.8718,0.6808,Positive
4,Positive,Neutral,0.4404,0.0,Positive
5,Positive,Neutral,0.9601,0.0,Positive
2,Positive,Positive,0.8481,0.8593,Positive
2,Positive,Negative,0.4404,-0.6705,Negative
2,Positive,Negative,0.4215,-0.2924,Positive
3,Positive,Neutral,0.1406,0.0,Positive
5,Positive,Neutral,0.8519,0.0,Positive
2,Positive,Negative,0.6705,-0.296,Positive
4,Positive,Negative,0.8481,-0.2732,Positive
1,Positive,Negative,0.4404,-0.5994,Negative
3,Neutral,Positive,0.0,0.3818,Positive
1,Neutral,Negative,0.0,-0.6444,Negative
3,Positive,Neutral,0.4404,0.0,Positive
1,Positive,Negative,0.9081,-0.7579,Positive
5,Positive,Positive,0.9069,0.4753,Positive
1,Positive,Positive,0.91,0.3612,Positive
2,Positive,Neutral,0.7906,0.0,Positive
3,Positive,Positive,0.4939,0.533,Positive
1,Positive,Positive,0.8957,0.3818,Positive
4,Neutral,Positive,0.0,0.0772,Positive
4,Positive,Negative,0.9081,-0.3818,Positive
5,Positive,Neutral,0.6696,0.0,Positive
3,Positive,Negative,0.7003,-0.3626,Positive
2,Positive,Negative,0.6908,-0.1946,Positive
4,Positive,Positive,0.9371,0.3612,Positive
3,Positive,Positive,0.6369,0.0762,Positive
3,Positive,Neutral,0.296,0.0,Negative
4,Positive,Negative,0.7845,-0.5122,Positive
4,Positive,Negative,0.9274,-0.8658,Positive
2,Positive,Positive,0.8555,0.5106,Positive
4,Positive,Neutral,0.7363,0.0,Positive
3,Positive,Neutral,0.4019,0.0,Positive
4,Positive,Negative,0.8689,-0.6693,Positive
3,Positive,Negative,0.8591,-0.7083,Positive
4,Positive,Positive,0.5563,0.3612,Positive
4,Positive,Positive,0.4404,0.7783,Positive
4,Positive,Neutral,0.6249,0.0,Positive
4,Positive,Neutral,0.2732,0.0,Positive
2,Positive,Negative,0.802,-0.1164,Positive
4,Positive,Positive,0.7003,0.1027,Positive
4,Positive,Negative,0.2263,-0.2411,Positive
1,Negative,Positive,-0.3998,0.8712,Positive
3,Positive,Negative,0.6705,-0.6429,Positive
3,Positive,Negative,0.6808,-0.296,Positive
2,Positive,Neutral,0.5106,0.0,Positive
4,Positive,Positive,0.5106,0.4019,Positive
5,Positive,Positive,0.6369,0.4391,Positive
4,Positive,Positive,0.9097,0.4344,Positive
5,Positive,Neutral,0.4215,0.0,Positive
4,Positive,Negative,0.3612,-0.1027,Positive
4,Positive,Negative,0.7184,-0.3182,Positive
4,Positive,Neutral,0.3673,0.0,Positive
5,Positive,Neutral,0.3612,0.0,Positive
3,Positive,Negative,0.7003,-0.7089,Neutral
1,Positive,Negative,0.4767,-0.9022,Negative
5,Neutral,Positive,0.0,0.3818,Positive
5,Positive,Neutral,0.6369,0.0,Positive
1,Positive,Positive,0.8126,0.7469,Positive
4,Positive,Negative,0.7717,-0.43,Positive
3,Positive,Negative,0.7351,-0.5267,Positive
3,Negative,Positive,-0.383,0.2568,Negative
1,Positive,Neutral,0.5574,0.0,Positive
4,Positive,Negative,0.886,-0.3182,Positive
3,Positive,Positive,0.8439,0.8658,Positive
3,Neutral,Positive,0.0,0.5499,Positive
4,Positive,Neutral,0.6705,0.0,Positive
5,Positive,Positive,0.9897,0.1002,Positive
3,Neutral,Positive,0.0,0.3612,Positive
3,Positive,Negative,0.7245,-0.2732,Positive
3,Neutral,Negative,0.0,-0.8524,Negative
5,Positive,Negative,0.9296,-0.1695,Positive
4,Positive,Positive,0.8225,0.3626,Positive
2,Positive,Positive,0.5994,0.6056,Positive
3,Positive,Positive,0.765,0.8596,Positive
1,Positive,Negative,0.264,-0.696,Negative
4,Positive,Positive,0.9576,0.1027,Positive
4,Positive,Positive,0.7003,0.7506,Positive
5,Positive,Positive,0.7828,0.1531,Positive
5,Positive,Positive,0.8885,0.1027,Positive
4,Positive,Neutral,0.6705,0.0,Positive
4,Positive,Negative,0.9325,-0.8834,Positive
5,Positive,Negative,0.659,-0.5216,Positive
4,Positive,Neutral,0.7351,0.0,Positive
4,Positive,Neutral,0.4404,0.0,Positive
5,Positive,Negative,0.8331,-0.296,Positive
5,Positive,Neutral,0.6249,0.0258,Positive
3,Positive,Positive,0.8271,0.4215,Positive
5,Positive,Negative,0.688,-0.296,Positive
5,Positive,Negative,0.936,-0.4767,Positive
3,Positive,Negative,0.6249,-0.3182,Positive
1,Positive,Positive,0.9042,0.9469,Positive
4,Positive,Neutral,0.8883,0.0,Positive
5,Positive,Neutral,0.6697,0.0,Positive
5,Neutral,Neutral,0.0,0.0,Positive
2,Positive,Positive,0.8126,0.3174,Positive
3,Positive,Negative,0.2732,-0.7779,Negative
4,Positive,Positive,0.34,0.1027,Positive
3,Positive,Positive,0.4404,0.1012,Positive
3,Positive,Neutral,0.4404,0.0,Positive
4,Positive,Neutral,0.8074,0.0,Positive
4,Positive,Positive,0.9382,0.4404,Positive
4,Positive,Negative,0.7506,-0.1027,Positive
3,Positive,Positive,0.6124,0.5859,Positive
5,Positive,Positive,0.6478,0.128,Positive
2,Neutral,Positive,0.0,0.3946,Positive
4,Positive,Negative,0.6124,-0.1027,Positive
3,Positive,Neutral,0.91,0.0258,Positive
1,Neutral,Negative,0.0,-0.2732,Negative
4,Positive,Neutral,0.5267,0.0,Positive
4,Positive,Positive,0.9349,0.6908,Positive
5,Positive,Neutral,0.8126,0.0,Positive
3,Positive,Negative,0.6249,-0.6674,Negative
5,Positive,Neutral,0.8625,0.0,Positive
4,Positive,Negative,0.8979,-0.296,Positive
3,Positive,Negative,0.4404,-0.2924,Positive
1,Positive,Negative,0.3818,-0.6697,Negative
4,Neutral,Neutral,0.0,-0.0258,Neutral
3,Positive,Negative,0.6486,-0.7133,Positive
5,Positive,Positive,0.8555,0.0572,Positive
5,Positive,Neutral,0.7717,0.0,Positive
4,Positive,Positive,0.6249,0.1027,Positive
4,Positive,Negative,0.6486,-0.3612,Positive
4,Positive,Neutral,0.7269,0.0,Positive
3,Positive,Negative,0.6705,-0.4912,Positive
4,Positive,Positive,0.7906,0.4767,Positive
5,Positive,Neutral,0.872,0.0,Positive
4,Positive,Negative,0.9091,-0.3412,Positive
5,Positive,Positive,0.9545,0.4419,Positive
5,Positive,Neutral,0.3612,0.0,Positive
4,Positive,Neutral,0.8658,0.0,Positive
4,Positive,Neutral,0.7579,0.0,Positive
5,Positive,Neutral,0.7269,-0.0027,Positive
3,Positive,Positive,0.9709,0.5859,Positive
5,Positive,Neutral,0.9442,0.0,Positive
4,Positive,Negative,0.4404,-0.3182,Positive
1,Negative,Positive,-0.1536,0.3182,Positive
1,Positive,Negative,0.5574,-0.8318,Negative
1,Positive,Negative,0.5994,-0.6262,Negative
5,Positive,Positive,0.25,0.8176,Positive
3,Positive,Positive,0.7096,0.631,Positive
3,Positive,Negative,0.4404,-0.5719,Negative
3,Neutral,Neutral,0.0,0.0,Neutral
2,Positive,Negative,0.2263,-0.296,Negative
5,Positive,Positive,0.8779,0.1406,Positive
3,Positive,Negative,0.743,-0.296,Positive
4,Positive,Neutral,0.7506,0.0,Positive
5,Positive,Negative,0.8481,-0.4215,Positive
4,Positive,Positive,0.8074,0.3818,Positive
2,Positive,Positive,0.8126,0.2933,Positive
5,Positive,Neutral,0.6249,0.0,Positive
4,Positive,Neutral,0.7717,0.0,Positive
4,Positive,Neutral,0.8858,0.0,Positive
2,Positive,Neutral,0.7717,0.0,Positive
4,Positive,Neutral,0.9287,0.0,Positive
3,Positive,Neutral,0.4215,0.0,Positive
4,Positive,Neutral,0.8059,0.0,Positive
4,Positive,Negative,0.2732,-0.5574,Negative
4,Positive,Negative,0.9313,-0.765,Positive
3,Positive,Negative,0.8832,-0.296,Positive
2,Positive,Negative,0.6808,-0.3182,Positive
5,Positive,Positive,0.8689,0.8316,Positive
3,Positive,Neutral,0.855,0.0,Positive
3,Positive,Neutral,0.6901,0.0258,Positive
4,Positive,Neutral,0.7645,0.0,Positive
5,Positive,Neutral,0.7184,0.0,Positive
4,Positive,Neutral,0.4404,0.0,Positive
3,Neutral,Positive,0.0,0.705,Positive
5,Positive,Neutral,0.7579,0.0,Positive
3,Neutral,Negative,0.0,-0.296,Positive
4,Positive,Negative,0.8658,-0.296,Positive
1,Negative,Negative,-0.8442,-0.8792,Negative
5,Positive,Negative,0.4404,-0.2732,Positive
3,Positive,Negative,0.9647,-0.3459,Positive
4,Positive,Neutral,0.7964,0.0,Positive
4,Positive,Negative,0.6249,-0.296,Positive
4,Positive,Negative,0.9716,-0.3182,Positive
4,Positive,Positive,0.4404,0.0772,Positive
4,Positive,Positive,0.8481,0.6124,Positive
4,Positive,Neutral,0.9042,0.0,Positive
4,Positive,Neutral,0.6705,0.0,Positive
3,Positive,Positive,0.7269,0.2244,Positive
3,Positive,Negative,0.6249,-0.1027,Positive
3,Positive,Neutral,0.4939,0.0,Positive
4,Positive,Negative,0.6705,-0.5854,Positive
2,Positive,Positive,0.6705,0.25,Positive
3,Positive,Negative,0.8442,-0.7906,Positive
3,Positive,Negative,0.624,-0.6808,Negative
5,Positive,Negative,0.5719,-0.296,Positive
3,Positive,Negative,0.7717,-0.8414,Negative
1,Positive,Negative,0.5106,-0.7346,Negative
5,Positive,Negative,0.9393,-0.34,Positive
5,Positive,Negative,0.7184,-0.296,Positive
4,Positive,Negative,0.9324,-0.1323,Positive
4,Positive,Neutral,0.7351,0.0,Positive
4,Positive,Neutral,0.8625,0.0,Positive
4,Positive,Positive,0.6705,0.34,Positive
4,Positive,Neutral,0.7906,0.0,Positive
5,Positive,Neutral,0.2023,0.0,Positive
4,Positive,Neutral,0.4404,0.0,Positive
2,Positive,Negative,0.4215,-0.7578,Negative
3,Positive,Neutral,0.4404,0.0,Positive
4,Positive,Negative,0.6597,-0.3412,Positive
5,Positive,Negative,0.9112,-0.296,Positive
1,Positive,Negative,0.4404,-0.3385,Positive
5,Positive,Negative,0.8313,-0.6318,Positive
3,Positive,Neutral,0.4404,0.0,Positive
4,Positive,Negative,0.5842,-0.6605,Positive
5,Positive,Positive,0.908,0.4404,Positive
5,Positive,Neutral,0.9442,0.0,Positive
5,Positive,Negative,0.9287,-0.2975,Positive
5,Positive,Negative,0.945,-0.5255,Positive
3,Positive,Negative,0.4404,-0.6369,Negative
2,Positive,Negative,0.4404,-0.2905,Positive
5,Positive,Neutral,0.9136,0.0,Positive
4,Positive,Neutral,0.5106,0.0,Positive
4,Positive,Neutral,0.7717,0.0,Positive
5,Positive,Negative,0.6705,-0.5574,Positive
2,Positive,Negative,0.4588,-0.796,Negative
4,Positive,Neutral,0.9485,0.0,Positive
3,Positive,Neutral,0.2263,0.0,Positive
4,Positive,Negative,0.25,-0.5423,Positive
3,Positive,Negative,0.9801,-0.9343,Negative
4,Positive,Negative,0.9562,-0.9274,Negative
2,Positive,Negative,0.9797,-0.9807,Negative
3,Positive,Negative,0.4404,-0.5994,Positive
5,Positive,Positive,0.7184,0.431,Positive
4,Positive,Neutral,0.6369,0.0,Positive
5,Positive,Neutral,0.6705,0.0,Positive
2,Positive,Negative,0.4404,-0.1603,Negative
3,Positive,Negative,0.5563,-0.5563,Negative
4,Positive,Negative,0.8834,-0.4019,Positive
5,Positive,Positive,0.8189,0.2885,Positive
4,Neutral,Positive,0.0,0.3818,Positive
3,Positive,Positive,0.7964,0.0812,Positive
3,Neutral,Positive,0.0,0.6997,Positive
3,Positive,Neutral,0.5859,0.0,Positive
2,Positive,Negative,0.2263,-0.6486,Positive
5,Positive,Negative,0.8625,-0.5815,Positive
4,Positive,Negative,0.8126,-0.1027,Positive
2,Positive,Positive,0.8553,0.1655,Positive
4,Positive,Neutral,0.4404,0.0,Positive
4,Positive,Neutral,0.8625,0.0,Positive
4,Positive,Neutral,0.8221,0.0,Positive
4,Positive,Positive,0.6908,0.5106,Positive
4,Positive,Neutral,0.9081,0.0,Positive
3,Positive,Positive,0.8176,0.1027,Positive
3,Positive,Neutral,0.3818,0.0,Positive
5,Positive,Negative,0.3818,-0.0516,Positive
2,Positive,Negative,0.6249,-0.4479,Negative
5,Positive,Negative,0.7184,-0.1877,Positive
4,Positive,Negative,0.6249,-0.296,Positive
5,Positive,Negative,0.8294,-0.1027,Positive
3,Positive,Negative,0.9098,-0.7208,Positive
3,Positive,Positive,0.9217,0.6597,Positive
3,Positive,Neutral,0.1779,0.0,Positive
5,Positive,Negative,0.6597,-0.3804,Positive
5,Positive,Neutral,0.765,0.0,Positive
5,Positive,Neutral,0.5574,0.0,Positive
2,Positive,Neutral,0.4404,0.0,Positive
4,Positive,Negative,0.7351,-0.4767,Positive
1,Positive,Negative,0.6705,-0.7351,Negative
3,Positive,Negative,0.9611,-0.9025,Positive
5,Positive,Negative,0.5423,-0.1606,Positive
5,Positive,Negative,0.7003,-0.296,Positive
4,Positive,Positive,0.7506,0.3415,Positive
4,Positive,Positive,0.4404,0.5927,Positive
4,Positive,Positive,0.8402,0.1761,Positive
3,Positive,Positive,0.7906,0.6369,Positive
5,Positive,Positive,0.874,0.7269,Positive
5,Positive,Negative,0.8957,-0.1027,Positive
5,Positive,Negative,0.6705,-0.1154,Positive
5,Positive,Neutral,0.3612,0.0,Positive
3,Positive,Neutral,0.802,0.0,Positive
4,Positive,Neutral,0.6124,0.0,Positive
3,Neutral,Neutral,0.0,0.0,Neutral
4,Positive,Negative,0.7845,-0.4576,Positive
5,Neutral,Neutral,0.0,0.0,Neutral
2,Positive,Negative,0.2263,-0.4019,Negative
4,Negative,Neutral,-0.3089,0.0,Negative
4,Positive,Negative,0.8779,-0.4588,Positive
5,Positive,Negative,0.4404,-0.0772,Positive
2,Positive,Positive,0.936,0.5267,Positive
4,Positive,Negative,0.6249,-0.34,Positive
4,Positive,Negative,0.9153,-0.6124,Positive
2,Neutral,Positive,0.0,0.128,Positive
4,Positive,Negative,0.4767,-0.25,Positive
3,Positive,Neutral,0.5994,0.0,Positive
3,Positive,Neutral,0.6249,0.0,Positive
3,Positive,Positive,0.8481,0.3818,Positive
4,Positive,Neutral,0.5106,0.0,Positive
5,Positive,Negative,0.911,-0.6259,Positive
3,Positive,Negative,0.9022,-0.6705,Positive
5,Neutral,Neutral,0.0,0.0,Neutral
3,Positive,Positive,0.6249,0.4588,Positive
1,Positive,Negative,0.9607,-0.4602,Positive
4,Positive,Positive,0.3818,0.5423,Positive
4,Positive,Positive,0.7845,0.1027,Positive
3,Positive,Negative,0.7003,-0.3412,Positive
1,Neutral,Negative,0.0,-0.9696,Negative
5,Positive,Neutral,0.875,0.0,Positive
2,Positive,Positive,0.5222,0.34,Positive
5,Positive,Neutral,0.9246,0.0,Positive
4,Positive,Negative,0.9062,-0.3412,Positive
3,Neutral,Negative,0.0,-0.5423,Negative
3,Positive,Positive,0.9393,0.6124,Positive
3,Negative,Neutral,-0.1027,0.0,Negative
3,Positive,Positive,0.6369,0.34,Positive
5,Positive,Positive,0.8789,0.1901,Positive
4,Positive,Negative,0.8555,-0.3612,Positive
4,Positive,Negative,0.4404,-0.204,Positive
4,Positive,Positive,0.6369,0.6249,Positive
3,Neutral,Positive,0.0,0.6834,Positive
5,Positive,Negative,0.743,-0.3412,Positive
5,Neutral,Positive,0.0,0.4404,Positive
5,Positive,Negative,0.9143,-0.3612,Positive
4,Positive,Neutral,0.4404,0.0,Positive
5,Positive,Positive,0.8689,0.6887,Positive
2,Positive,Positive,0.9409,0.8078,Positive
5,Positive,Neutral,0.3818,0.0,Positive
5,Positive,Negative,0.6597,-0.5583,Positive
3,Neutral,Positive,0.0,0.4855,Positive
4,Positive,Positive,0.9432,0.7081,Positive
5,Positive,Negative,0.8932,-0.1877,Positive
4,Positive,Neutral,0.6597,0.0,Positive
5,Positive,Positive,0.5095,0.323,Positive
4,Positive,Negative,0.8481,-0.5574,Positive
4,Positive,Negative,0.7783,-0.4215,Positive
5,Positive,Positive,0.7845,0.1779,Positive
4,Positive,Positive,0.5859,0.3818,Positive
4,Positive,Negative,0.8437,-0.8653,Negative
4,Positive,Positive,0.7845,0.2363,Positive
5,Positive,Neutral,0.6557,0.0,Positive
3,Positive,Positive,0.5719,0.128,Positive
4,Positive,Neutral,0.8712,0.0,Positive
2,Positive,Negative,0.6369,-0.5859,Negative
5,Positive,Neutral,0.9337,-0.0276,Positive
5,Positive,Negative,0.9413,-0.128,Positive
5,Positive,Neutral,0.8957,0.0,Positive
3,Negative,Positive,-0.2016,0.1779,Positive
5,Positive,Neutral,0.8126,0.0,Positive
4,Positive,Negative,0.9168,-0.4019,Positive
3,Positive,Positive,0.6249,0.8765,Positive
3,Positive,Negative,0.7096,-0.6486,Positive
3,Positive,Negative,0.8479,-0.6754,Positive
2,Positive,Neutral,0.4927,0.0,Positive
1,Positive,Negative,0.296,-0.8221,Negative
3,Positive,Negative,0.8271,-0.3612,Positive
2,Positive,Positive,0.8834,0.5187,Positive
5,Positive,Neutral,0.9949,0.0,Positive
3,Positive,Positive,0.6997,0.8355,Positive
3,Positive,Neutral,0.2484,0.0,Positive
3,Positive,Negative,0.7645,-0.2924,Positive
5,Positive,Neutral,0.9274,0.0,Positive
1,Neutral,Negative,0.0,-0.4023,Negative
5,Positive,Negative,0.4019,-0.7559,Negative
5,Positive,Negative,0.7184,-0.2732,Positive
3,Positive,Negative,0.8225,-0.1027,Positive
3,Positive,Neutral,0.5106,0.0,Positive
4,Neutral,Negative,0.0,-0.5423,Negative
5,Positive,Negative,0.9201,-0.1027,Positive
4,Positive,Positive,0.9545,0.5478,Positive
2,Positive,Neutral,0.4588,0.0,Neutral
5,Positive,Positive,0.3214,0.3612,Positive
4,Positive,Negative,0.8834,-0.5106,Positive
1,Negative,Neutral,-0.6415,-0.0153,Negative
4,Positive,Positive,0.7717,0.1531,Positive
4,Positive,Positive,0.7783,0.6249,Positive
4,Positive,Neutral,0.6249,0.0,Positive
3,Positive,Positive,0.8687,0.3182,Positive
5,Neutral,Neutral,0.0,0.0,Positive
4,Positive,Positive,0.6705,0.5423,Positive
1,Positive,Negative,0.8934,-0.3418,Positive
5,Positive,Negative,0.4404,-0.296,Positive
2,Positive,Positive,0.4215,0.0516,Positive
3,Positive,Negative,0.8885,-0.2484,Positive
4,Positive,Positive,0.8979,0.3182,Positive
3,Positive,Negative,0.802,-0.5423,Positive
4,Positive,Positive,0.9558,0.296,Positive
2,Positive,Negative,0.2023,-0.1779,Negative
4,Positive,Positive,0.9526,0.643,Positive
5,Positive,Neutral,0.9474,0.0,Positive
5,Positive,Neutral,0.8925,0.0,Positive
5,Positive,Neutral,0.8225,0.0,Positive
4,Neutral,Neutral,0.0,0.0,Positive
3,Positive,Negative,0.5719,-0.5423,Negative
5,Positive,Neutral,0.4404,0.0,Positive
4,Positive,Neutral,0.7178,0.0,Positive
5,Positive,Positive,0.4404,0.5927,Positive
2,Positive,Negative,0.7003,-0.3089,Positive
4,Positive,Neutral,0.8655,0.0,Positive
3,Positive,Positive,0.8885,0.3182,Positive
4,Positive,Positive,0.9393,0.1027,Positive
4,Positive,Negative,0.6486,-0.1761,Positive
3,Positive,Neutral,0.4404,0.0,Positive
1,Neutral,Negative,0.0,-0.5405,Negative
4,Positive,Neutral,0.6705,0.0,Positive
4,Positive,Positive,0.9209,0.8957,Positive
5,Positive,Negative,0.8807,-0.25,Positive
5,Positive,Negative,0.8402,-0.2661,Positive
5,Positive,Negative,0.4404,-0.296,Positive
4,Neutral,Neutral,0.0,0.0,Neutral
4,Positive,Negative,0.7408,-0.6449,Positive
4,Positive,Positive,0.7311,0.296,Positive
3,Positive,Negative,0.5267,-0.7823,Negative
5,Positive,Positive,0.8689,0.8717,Positive
2,Positive,Negative,0.4939,-0.2318,Positive
3,Positive,Positive,0.2263,0.296,Positive
4,Positive,Negative,0.8316,-0.743,Positive
4,Positive,Neutral,0.6369,0.0,Positive
3,Positive,Negative,0.8481,-0.5719,Positive
5,Positive,Negative,0.6597,-0.3612,Positive
4,Positive,Negative,0.3612,-0.1864,Positive
4,Neutral,Neutral,0.0,0.0,Neutral
4,Positive,Neutral,0.7269,0.0,Positive
4,Positive,Neutral,0.3818,0.0,Positive
4,Neutral,Negative,0.0,-0.2732,Negative
3,Positive,Neutral,0.2263,0.0,Positive
4,Positive,Neutral,0.8225,0.0,Positive
3,Positive,Negative,0.6249,-0.3412,Positive
5,Positive,Neutral,0.6249,0.0,Positive
4,Positive,Negative,0.4404,-0.4767,Positive
1,Positive,Negative,0.4215,-0.3309,Negative
4,Positive,Positive,0.8934,0.4404,Positive
4,Positive,Negative,0.4927,-0.5563,Positive
5,Positive,Negative,0.6705,-0.1027,Positive
3,Positive,Positive,0.9686,0.7603,Positive
4,Positive,Neutral,0.6369,0.0,Positive
3,Positive,Negative,0.949,-0.6705,Positive
4,Positive,Neutral,0.7096,0.0,Positive
5,Positive,Negative,0.8316,-0.4585,Positive
1,Positive,Negative,0.4939,-0.1779,Negative
1,Neutral,Positive,0.0,0.8852,Positive
4,Positive,Negative,0.6249,-0.3182,Positive
4,Positive,Negative,0.6705,-0.2654,Positive
5,Positive,Positive,0.9217,0.8519,Positive
5,Positive,Neutral,0.8779,0.0,Positive
5,Neutral,Neutral,0.0,0.0,Positive
5,Positive,Neutral,0.5541,0.0,Positive
2,Positive,Positive,0.4754,0.6808,Positive
5,Positive,Neutral,0.875,0.0,Positive
4,Positive,Negative,0.4404,-0.3182,Positive
5,Positive,Negative,0.9118,-0.3935,Positive
4,Positive,Neutral,0.9485,0.0,Positive
4,Positive,Negative,0.3818,-0.5106,Positive
4,Positive,Positive,0.4215,0.4939,Positive
4,Positive,Neutral,0.9186,0.0,Positive
3,Positive,Negative,0.3818,-0.3182,Positive
2,Positive,Negative,0.4927,-0.6632,Negative
2,Positive,Neutral,0.7003,0.0,Positive
2,Positive,Negative,0.836,-0.6486,Positive
4,Positive,Negative,0.2263,-0.4226,Positive
4,Positive,Positive,0.9559,0.8586,Positive
3,Positive,Positive,0.6369,0.8352,Positive
3,Positive,Neutral,0.6249,0.0,Positive
5,Positive,Positive,0.8365,0.7717,Positive
3,Neutral,Negative,0.0,-0.4404,Negative
4,Positive,Neutral,0.4927,0.0,Positive
4,Positive,Negative,0.7717,-0.1531,Positive
4,Positive,Negative,0.7351,-0.3412,Positive
5,Positive,Neutral,0.8402,0.0,Positive
5,Positive,Negative,0.6486,-0.1531,Positive
5,Positive,Positive,0.3612,0.1154,Positive
5,Positive,Positive,0.7264,0.3612,Positive
2,Positive,Negative,0.2263,-0.2732,Negative
5,Positive,Positive,0.8271,0.1093,Positive
4,Positive,Negative,0.4404,-0.5849,Positive
2,Positive,Neutral,0.5267,0.0,Positive
4,Positive,Positive,0.8555,0.3818,Positive
5,Positive,Neutral,0.7506,0.0,Positive
5,Positive,Positive,0.919,0.8151,Positive
4,Positive,Neutral,0.3612,0.0,Positive
5,Positive,Negative,0.8442,-0.3612,Positive
5,Positive,Neutral,0.8402,0.0,Positive
5,Positive,Neutral,0.2263,0.0,Positive
5,Positive,Positive,0.4019,0.1027,Positive
4,Positive,Positive,0.8807,0.1027,Positive
5,Positive,Neutral,0.4404,0.0,Positive
5,Positive,Positive,0.836,0.296,Positive
4,Positive,Negative,0.6249,-0.2235,Positive
5,Positive,Negative,0.8923,-0.0516,Positive
3,Neutral,Negative,0.0,-0.4215,Positive
4,Positive,Neutral,0.5423,0.0,Positive
5,Positive,Neutral,0.8957,0.0056,Positive
4,Positive,Neutral,0.6808,0.0,Positive
5,Positive,Negative,0.5719,-0.5423,Positive
5,Positive,Negative,0.6249,-0.296,Positive
5,Positive,Positive,0.6597,0.906,Positive
5,Positive,Neutral,0.4927,0.0,Positive
5,Positive,Negative,0.5994,-0.3331,Positive
4,Positive,Positive,0.8979,0.5423,Positive
4,Positive,Negative,0.8126,-0.7925,Positive
4,Positive,Neutral,0.6369,0.0,Positive
1,Positive,Negative,0.5106,-0.7003,Negative
4,Positive,Neutral,0.4404,0.0,Positive
5,Positive,Neutral,0.7906,0.0,Positive
3,Positive,Neutral,0.3182,0.0,Positive
5,Positive,Positive,0.7717,0.4939,Positive
4,Positive,Negative,0.872,-0.6271,Positive
3,Positive,Positive,0.7717,0.4404,Positive
3,Positive,Negative,0.807,-0.2092,Positive
4,Positive,Positive,0.9001,0.2263,Positive
3,Positive,Negative,0.7003,-0.8979,Negative
3,Positive,Negative,0.5574,-0.7264,Negative
4,Positive,Positive,0.3384,0.6757,Positive
5,Positive,Negative,0.5499,-0.4453,Positive
4,Neutral,Negative,0.0,-0.3182,Negative
5,Positive,Positive,0.6249,0.1779,Positive
4,Positive,Positive,0.875,0.0772,Positive
3,Positive,Positive,0.3818,0.4767,Positive
4,Positive,Neutral,0.802,0.0,Positive
4,Positive,Positive,0.7717,0.2732,Positive
2,Positive,Positive,0.9606,0.2385,Positive
5,Positive,Neutral,0.8313,0.0,Positive
1,Positive,Negative,0.4927,-0.7902,Negative
5,Positive,Negative,0.8074,-0.296,Positive
3,Positive,Negative,0.9641,-0.743,Positive
3,Positive,Negative,0.8625,-0.2006,Positive
4,Positive,Neutral,0.4404,0.0,Positive
4,Positive,Neutral,0.6249,0.0,Positive
4,Positive,Negative,0.3818,-0.1027,Positive
3,Positive,Negative,0.5574,-0.5242,Positive
3,Positive,Negative,0.8716,-0.3612,Positive
2,Positive,Negative,0.7269,-0.2278,Positive
5,Positive,Positive,0.8481,0.1779,Positive
3,Positive,Negative,0.4404,-0.1027,Positive
3,Positive,Neutral,0.0644,-0.0074,Positive
4,Positive,Negative,0.8126,-0.5719,Positive
4,Positive,Neutral,0.7184,0.0,Positive
3,Neutral,Negative,0.0,-0.7906,Negative
4,Positive,Negative,0.9201,-0.4215,Positive
4,Positive,Negative,0.8402,-0.3182,Positive
4,Positive,Positive,0.3291,0.8963,Positive
4,Positive,Positive,0.8591,0.743,Positive
1,Negative,Neutral,-0.1027,0.0,Negative
4,Positive,Neutral,0.6369,0.0,Positive
4,Positive,Positive,0.8834,0.0529,Positive
5,Positive,Positive,0.765,0.6124,Positive
1,Neutral,Negative,0.0,-0.836,Negative
5,Positive,Neutral,0.8225,0.0,Positive
4,Positive,Neutral,0.7717,0.0,Positive
3,Positive,Positive,0.7351,0.2382,Positive
1,Positive,Negative,0.4939,-0.7046,Negative
3,Positive,Positive,0.7245,0.3071,Positive
4,Positive,Negative,0.7003,-0.3818,Positive
4,Positive,Positive,0.5994,0.3597,Positive
4,Positive,Negative,0.6705,-0.099,Positive
5,Positive,Positive,0.872,0.2023,Positive
4,Positive,Neutral,0.7579,0.0,Positive
3,Positive,Positive,0.4055,0.791,Positive
5,Positive,Negative,0.7003,-0.296,Positive
5,Positive,Neutral,0.9169,0.0,Positive
5,Positive,Positive,0.9042,0.5106,Positive
4,Positive,Negative,0.9612,-0.1027,Positive
3,Positive,Negative,0.6249,-0.2306,Positive
2,Positive,Negative,0.6124,-0.9583,Negative
1,Negative,Negative,-0.5423,-0.4023,Negative
5,Positive,Negative,0.8316,-0.3612,Positive
3,Positive,Negative,0.8957,-0.7351,Positive
4,Positive,Positive,0.6249,0.1655,Positive
3,Positive,Positive,0.802,0.25,Positive
4,Positive,Neutral,0.7845,0.0,Positive
4,Positive,Negative,0.7351,-0.1027,Positive
1,Positive,Negative,0.4404,-0.743,Negative
3,Positive,Neutral,0.6124,0.0,Positive
3,Positive,Negative,0.8519,-0.4404,Positive
4,Positive,Positive,0.4404,0.128,Positive
4,Positive,Neutral,0.4404,0.0,Positive
2,Positive,Negative,0.5994,-0.4215,Positive
4,Positive,Negative,0.5106,-0.3612,Positive
5,Positive,Neutral,0.8655,0.0,Positive
4,Positive,Negative,0.6124,-0.3182,Positive
4,Positive,Neutral,0.7397,0.0,Positive
2,Neutral,Neutral,0.0,0.0,Neutral
4,Positive,Positive,0.9136,0.6218,Positive
5,Positive,Neutral,0.765,0.0,Positive
5,Positive,Negative,0.9371,-0.3182,Positive
5,Positive,Positive,0.5106,0.4404,Positive
5,Positive,Positive,0.9816,0.8201,Positive
2,Positive,Negative,0.4404,-0.5267,Negative
5,Positive,Negative,0.3818,-0.2411,Positive
3,Positive,Neutral,0.7906,0.049,Positive
1,Positive,Positive,0.4404,0.8849,Positive
3,Positive,Positive,0.6597,0.3612,Positive
4,Positive,Negative,0.9468,-0.7426,Positive
3,Positive,Negative,0.785,-0.0783,Positive
1,Positive,Positive,0.9176,0.8761,Positive
3,Positive,Negative,0.7906,-0.34,Positive
4,Positive,Positive,0.9402,0.831,Positive
3,Positive,Positive,0.6249,0.2682,Positive
2,Positive,Negative,0.8481,-0.296,Positive
4,Positive,Neutral,0.5859,0.0,Positive
5,Positive,Positive,0.9612,0.25,Positive
5,Positive,Neutral,0.6369,0.0,Positive
4,Positive,Neutral,0.2382,0.0258,Positive
4,Positive,Negative,0.7717,-0.5502,Positive
5,Positive,Positive,0.8209,0.5139,Positive
2,Positive,Positive,0.8658,0.0942,Positive
4,Positive,Negative,0.6124,-0.1174,Positive
4,Positive,Positive,0.4404,0.4417,Positive
5,Neutral,Negative,0.0,-0.1695,Negative
5,Positive,Negative,0.7906,-0.128,Positive
3,Positive,Negative,0.7269,-0.7506,Negative
4,Positive,Positive,0.9678,0.0772,Positive
5,Positive,Positive,0.5423,0.4404,Positive
4,Positive,Negative,0.743,-0.6115,Positive
1,Positive,Neutral,0.7003,0.0,Positive
4,Positive,Negative,0.855,-0.5815,Positive
5,Positive,Positive,0.9062,0.1531,Positive
4,Positive,Neutral,0.4404,0.0,Positive
2,Neutral,Negative,0.0,-0.296,Negative
5,Neutral,Neutral,0.0,0.0,Neutral
3,Positive,Negative,0.4404,-0.6808,Negative
3,Positive,Negative,0.2732,-0.3818,Negative
3,Positive,Positive,0.4199,0.3818,Positive
4,Positive,Positive,0.8126,0.4404,Positive
4,Positive,Negative,0.4404,-0.2263,Positive
5,Positive,Negative,0.7506,-0.1655,Positive
5,Positive,Neutral,0.7003,0.0,Positive
5,Positive,Negative,0.5562,-0.5574,Negative
4,Positive,Positive,0.8225,0.2585,Positive
1,Negative,Negative,-0.7437,-0.3612,Negative
3,Positive,Negative,0.7003,-0.6486,Positive
1,Negative,Negative,-0.3753,-0.8881,Negative
3,Positive,Positive,0.6997,0.2732,Positive
3,Positive,Negative,0.7906,-0.6964,Positive
5,Positive,Positive,0.5423,0.1877,Positive
5,Positive,Negative,0.9022,-0.1531,Positive
5,Positive,Negative,0.4404,-0.128,Positive
2,Neutral,Neutral,0.0,0.0,Neutral
5,Positive,Neutral,0.8481,0.0,Positive
4,Positive,Positive,0.765,0.3818,Positive
4,Positive,Negative,0.7717,-0.5423,Positive
1,Positive,Negative,0.5106,-0.7783,Negative
5,Positive,Negative,0.3818,-0.4767,Positive
3,Positive,Positive,0.946,0.5897,Positive
5,Positive,Negative,0.9062,-0.1027,Positive
1,Positive,Negative,0.5859,-0.1541,Positive
4,Positive,Positive,0.7717,0.4939,Positive
4,Positive,Positive,0.5859,0.4588,Positive
5,Positive,Negative,0.8126,-0.2263,Positive
3,Positive,Positive,0.4939,0.3818,Positive
5,Positive,Positive,0.9741,0.6705,Positive
5,Positive,Positive,0.9145,0.3612,Positive
3,Positive,Positive,0.2946,0.8316,Positive
5,Positive,Neutral,0.6908,0.0,Positive
1,Neutral,Negative,0.0,-0.722,Negative
3,Positive,Negative,0.7184,-0.5267,Positive
5,Positive,Positive,0.6908,0.5334,Positive
3,Positive,Negative,0.5994,-0.2263,Positive
5,Positive,Negative,0.3182,-0.296,Neutral
3,Neutral,Neutral,0.0,0.0,Positive
4,Positive,Negative,0.4215,-0.4588,Positive
5,Positive,Negative,0.5106,-0.4588,Positive
3,Positive,Positive,0.4404,0.8705,Positive
5,Positive,Neutral,0.7845,0.0,Positive
4,Positive,Neutral,0.3818,0.0,Positive
3,Positive,Negative,0.8154,-0.5984,Positive
5,Positive,Neutral,0.3612,0.0,Positive
4,Positive,Neutral,0.34,0.0,Positive
3,Positive,Negative,0.5994,-0.8366,Negative
3,Positive,Negative,0.296,-0.4184,Negative
3,Positive,Negative,0.34,-0.3875,Negative
5,Neutral,Neutral,0.0,0.0,Positive
5,Positive,Neutral,0.4019,0.0,Positive
4,Positive,Negative,0.8071,-0.4574,Positive
5,Positive,Negative,0.2263,-0.4588,Positive
5,Positive,Neutral,0.7184,0.0,Positive
2,Positive,Negative,0.7351,-0.7899,Negative
5,Positive,Negative,0.8655,-0.4023,Positive
4,Positive,Neutral,0.4404,0.0,Positive
5,Positive,Positive,0.8126,0.6808,Positive
4,Positive,Neutral,0.743,0.0,Positive
4,Positive,Positive,0.97,0.4019,Positive
1,Positive,Neutral,0.4215,0.0364,Negative
4,Positive,Positive,0.9655,0.908,Positive
5,Positive,Negative,0.8316,-0.296,Positive
4,Positive,Neutral,0.3612,0.0,Positive
5,Positive,Negative,0.8377,-0.1027,Positive
3,Negative,Positive,-0.2006,0.2382,Positive
5,Positive,Positive,0.8074,0.5824,Positive
5,Positive,Neutral,0.4588,0.0,Positive
4,Positive,Positive,0.9936,0.8957,Positive
5,Positive,Neutral,0.5413,0.0,Positive
1,Negative,Positive,-0.5127,0.5913,Positive
2,Positive,Negative,0.7184,-0.4419,Positive
4,Positive,Negative,0.7783,-0.5267,Positive
2,Positive,Negative,0.6705,-0.4767,Positive
4,Positive,Neutral,0.872,0.0,Positive
4,Positive,Negative,0.5267,-0.4215,Positive
5,Negative,Positive,-0.296,0.4588,Positive
3,Positive,Negative,0.4404,-0.4767,Negative
5,Neutral,Negative,0.0,-0.3412,Negative
4,Negative,Negative,-0.3919,-0.3612,Negative
4,Positive,Negative,0.1779,-0.6808,Positive
3,Positive,Positive,0.8994,0.4404,Positive
1,Neutral,Negative,0.0,-0.8089,Negative
4,Neutral,Negative,0.0,-0.3875,Negative
4,Positive,Neutral,0.7003,0.0,Positive
4,Positive,Negative,0.7783,-0.6249,Positive
4,Positive,Positive,0.5574,0.1791,Positive
4,Positive,Neutral,0.743,0.0,Positive
5,Positive,Positive,0.8591,0.3182,Positive
4,Positive,Positive,0.5859,0.3612,Positive
4,Positive,Neutral,0.4391,0.0,Positive
5,Positive,Positive,0.6369,0.3612,Positive
4,Positive,Positive,0.7717,0.2023,Positive
5,Positive,Negative,0.5994,-0.1761,Positive
5,Positive,Positive,0.943,0.1779,Positive
5,Neutral,Neutral,0.0,0.0,Neutral
2,Positive,Negative,0.4404,-0.5423,Negative
5,Positive,Negative,0.7717,-0.5106,Positive
4,Positive,Neutral,0.5859,0.0,Positive
5,Positive,Positive,0.7184,0.4754,Positive
3,Positive,Neutral,0.6705,0.0,Positive
2,Neutral,Negative,0.0,-0.1027,Negative
3,Positive,Negative,0.4215,-0.1027,Negative
4,Positive,Neutral,0.7906,0.0,Positive
5,Positive,Neutral,0.8126,0.0,Positive
1,Positive,Negative,0.8074,-0.9734,Negative
5,Positive,Neutral,0.6249,0.0,Positive
3,Positive,Neutral,0.4404,0.0,Positive
4,Positive,Positive,0.891,0.128,Positive
4,Positive,Positive,0.6808,0.3612,Positive
3,Positive,Negative,0.6705,-0.296,Positive
3,Positive,Positive,0.9386,0.802,Positive
4,Neutral,Positive,0.0,0.4404,Positive
3,Positive,Positive,0.5267,0.2732,Positive
3,Positive,Neutral,0.7184,0.0,Positive
5,Positive,Negative,0.8805,-0.5106,Positive
3,Positive,Positive,0.8885,0.6839,Positive
4,Positive,Negative,0.7717,-0.3724,Positive
3,Positive,Negative,0.6705,-0.296,Positive
5,Positive,Negative,0.8934,-0.5256,Positive
4,Positive,Neutral,0.6249,0.0258,Positive
5,Positive,Neutral,0.836,0.0,Positive
3,Positive,Negative,0.4404,-0.4767,Negative
5,Positive,Neutral,0.8979,0.0,Positive
3,Positive,Neutral,0.3818,0.0,Positive
3,Positive,Negative,0.7003,-0.3412,Positive
3,Positive,Neutral,0.688,0.0,Positive
4,Neutral,Neutral,0.0,0.0,Neutral
3,Positive,Positive,0.5859,0.3818,Positive
5,Positive,Neutral,0.4404,0.0,Positive
5,Positive,Neutral,0.9393,0.0,Positive
5,Neutral,Positive,0.0,0.1779,Positive
1,Negative,Negative,-0.7101,-0.7101,Negative
3,Positive,Negative,0.6249,-0.6765,Negative
4,Positive,Negative,0.979,-0.8122,Positive
3,Neutral,Negative,0.0,-0.1531,Negative
4,Positive,Positive,0.4019,0.5423,Positive
3,Positive,Negative,0.7003,-0.1027,Positive
4,Positive,Negative,0.6705,-0.1027,Positive
5,Positive,Positive,0.8126,0.34,Positive
4,Positive,Neutral,0.908,0.0,Positive
5,Neutral,Neutral,0.0,0.0,Positive
3,Positive,Neutral,0.4215,0.0,Positive
3,Positive,Negative,0.5647,-0.802,Negative
4,Positive,Negative,0.8271,-0.6597,Positive
2,Positive,Positive,0.5267,0.6249,Positive
5,Positive,Negative,0.6249,-0.4404,Positive
5,Positive,Negative,0.2263,-0.1901,Positive
3,Positive,Positive,0.8271,0.3716,Positive
3,Positive,Negative,0.6901,-0.2944,Positive
5,Positive,Negative,0.4927,-0.7003,Negative
4,Positive,Positive,0.7964,0.4576,Positive
1,Negative,Negative,-0.1779,-0.5693,Negative
3,Positive,Positive,0.9168,0.3071,Positive
4,Positive,Positive,0.6249,0.4404,Positive
4,Positive,Neutral,0.8126,0.0,Positive
5,Positive,Neutral,0.5719,0.0,Positive
3,Positive,Neutral,0.6705,0.0,Positive
1,Neutral,Negative,0.0,-0.6908,Negative
5,Positive,Neutral,0.8347,0.0,Positive
4,Positive,Neutral,0.6705,0.0,Positive
4,Positive,Negative,0.4404,-0.6124,Negative
5,Negative,Neutral,-0.4019,0.0,Negative
5,Positive,Neutral,0.6249,0.0,Positive
3,Positive,Positive,0.8074,0.3612,Positive
2,Positive,Negative,0.7717,-0.7835,Negative
1,Negative,Negative,-0.569,-0.9734,Negative
4,Positive,Neutral,0.6249,0.0,Positive
5,Positive,Positive,0.9022,0.8383,Positive
3,Positive,Neutral,0.9337,0.0,Positive
2,Positive,Neutral,0.6486,0.0,Positive
3,Positive,Negative,0.5106,-0.6129,Positive
5,Positive,Neutral,0.7579,0.0,Positive
5,Positive,Positive,0.8126,0.6486,Positive
3,Positive,Positive,0.9774,0.0516,Positive
3,Positive,Negative,0.9231,-0.7351,Positive
5,Positive,Neutral,0.8225,0.0,Positive
5,Positive,Negative,0.6486,-0.5096,Positive
3,Positive,Negative,0.9186,-0.6124,Positive
5,Positive,Neutral,0.4767,0.0,Positive
4,Positive,Neutral,0.4404,0.0,Positive
4,Positive,Negative,0.5423,-0.1027,Positive
4,Positive,Negative,0.8658,-0.4215,Positive
1,Positive,Positive,0.875,0.5994,Positive
1,Positive,Negative,0.5563,-0.1808,Positive
4,Positive,Negative,0.5106,-0.2411,Positive
3,Positive,Negative,0.7717,-0.7351,Positive
2,Neutral,Negative,0.0,-0.357,Negative
4,Positive,Positive,0.7003,0.5267,Positive
3,Positive,Negative,0.8957,-0.8591,Positive
4,Positive,Negative,0.7901,-0.1761,Positive
4,Positive,Positive,0.6597,0.4588,Positive
4,Positive,Neutral,0.5908,0.0,Positive
5,Positive,Positive,0.9794,0.6369,Positive
4,Positive,Neutral,0.9231,0.0,Positive
3,Positive,Negative,0.6369,-0.1027,Positive
4,Positive,Negative,0.8591,-0.3988,Positive
3,Positive,Negative,0.6908,-0.5423,Positive
3,Positive,Positive,0.93,0.3818,Positive
5,Positive,Negative,0.1531,-0.5096,Negative
4,Positive,Neutral,0.872,0.0,Positive
5,Neutral,Negative,0.0,-0.5421,Negative
3,Neutral,Negative,0.0,-0.571,Negative
4,Positive,Neutral,0.7717,0.0,Positive
5,Positive,Negative,0.7086,-0.1027,Positive
4,Positive,Negative,0.7501,-0.6602,Positive
5,Positive,Negative,0.4939,-0.296,Positive
4,Positive,Neutral,0.7003,0.0,Positive
5,Positive,Negative,0.7717,-0.5096,Positive
5,Neutral,Neutral,0.0,0.0,Neutral
4,Positive,Positive,0.8479,0.4939,Positive
2,Positive,Positive,0.2382,0.8935,Neutral
5,Positive,Positive,0.4404,0.3818,Positive
5,Positive,Neutral,0.7003,0.0,Positive
5,Positive,Neutral,0.7906,0.0,Positive
1,Positive,Negative,0.4939,-0.2242,Negative
2,Positive,Negative,0.5423,-0.5168,Neutral
3,Positive,Negative,0.9426,-0.4588,Positive
4,Positive,Neutral,0.8122,0.0,Positive
4,Positive,Positive,0.8402,0.34,Positive
4,Neutral,Neutral,0.0,0.0,Positive
3,Positive,Positive,0.875,0.4215,Positive
4,Positive,Neutral,0.6705,0.0,Positive
1,Neutral,Negative,0.0,-0.6249,Negative
5,Positive,Positive,0.886,0.8519,Positive
5,Positive,Positive,0.8481,0.2235,Positive
5,Positive,Positive,0.9231,0.0772,Positive
4,Positive,Negative,0.6249,-0.2308,Positive
1,Positive,Negative,0.5106,-0.7725,Negative
5,Positive,Positive,0.3182,0.1531,Positive
4,Positive,Negative,0.6486,-0.8748,Negative
5,Positive,Neutral,0.9559,0.0,Positive
5,Positive,Positive,0.3182,0.4588,Positive
1,Positive,Negative,0.6705,-0.529,Negative
5,Positive,Positive,0.8718,0.296,Positive
5,Positive,Positive,0.4404,0.2023,Positive
4,Positive,Negative,0.6597,-0.1027,Positive
5,Positive,Positive,0.5106,0.5413,Positive
4,Positive,Negative,0.6249,-0.4019,Positive
5,Positive,Neutral,0.7906,0.0,Positive
4,Negative,Positive,-0.0772,0.2732,Positive
4,Positive,Neutral,0.9576,0.0202,Positive
3,Positive,Negative,0.5574,-0.4215,Positive
4,Positive,Positive,0.6249,0.3818,Positive
3,Neutral,Negative,0.0258,-0.0516,Positive
5,Positive,Positive,0.8643,0.8589,Positive
5,Positive,Negative,0.6597,-0.2263,Positive
2,Positive,Negative,0.34,-0.524,Positive
5,Positive,Negative,0.6249,-0.3865,Positive
3,Positive,Negative,0.7184,-0.2732,Positive
3,Neutral,Positive,0.0,0.0772,Positive
5,Positive,Positive,0.9821,0.4282,Positive
3,Positive,Neutral,0.7512,0.0,Positive
4,Positive,Positive,0.6486,0.1027,Positive
5,Positive,Neutral,0.5719,0.0,Positive
4,Positive,Neutral,0.6997,0.0,Positive
4,Neutral,Neutral,0.0,0.0,Positive
3,Positive,Neutral,0.7003,0.0,Positive
4,Positive,Neutral,0.8176,0.0,Positive
3,Positive,Negative,0.5994,-0.2487,Positive
4,Positive,Neutral,0.2263,0.0,Positive
2,Negative,Negative,-0.2261,-0.2261,Negative
3,Positive,Positive,0.9773,0.191,Positive
4,Positive,Negative,0.4191,-0.6698,Positive
4,Positive,Positive,0.802,0.539,Positive
3,Positive,Positive,0.25,0.25,Positive
5,Positive,Negative,0.2263,-0.296,Positive
3,Positive,Negative,0.7269,-0.5719,Positive
4,Positive,Positive,0.3818,0.5574,Positive
4,Positive,Neutral,0.6249,0.0,Positive
4,Positive,Negative,0.9587,-0.3687,Positive
4,Positive,Negative,0.7351,-0.2732,Positive
4,Positive,Positive,0.7264,0.4364,Positive
5,Positive,Neutral,0.4019,0.0,Positive
2,Positive,Negative,0.8625,-0.4588,Positive
5,Positive,Neutral,0.7717,0.0,Positive
4,Positive,Positive,0.7783,0.7717,Positive
3,Positive,Negative,0.8885,-0.3406,Positive
5,Positive,Negative,0.4215,-0.2263,Positive
5,Positive,Negative,0.8807,-0.4023,Positive
3,Positive,Negative,0.3182,-0.1779,Positive
4,Positive,Negative,0.6705,-0.2023,Positive
3,Positive,Negative,0.34,-0.34,Neutral
4,Positive,Positive,0.6249,0.4215,Positive
5,Positive,Negative,0.7939,-0.296,Positive
3,Positive,Negative,0.4404,-0.296,Positive
5,Positive,Negative,0.7964,-0.4588,Positive
4,Positive,Positive,0.6124,0.0516,Positive
3,Positive,Positive,0.9287,0.1531,Positive
1,Positive,Negative,0.4404,-0.5994,Negative
4,Positive,Neutral,0.4939,0.0,Positive
4,Positive,Neutral,0.6249,0.0,Positive
5,Positive,Positive,0.4404,0.2732,Positive
5,Positive,Positive,0.7717,0.6249,Positive
3,Positive,Negative,0.4404,-0.3089,Positive
3,Neutral,Neutral,-0.0191,-0.0232,Neutral
5,Positive,Positive,0.4927,0.6705,Positive
5,Positive,Neutral,0.9325,0.0,Positive
5,Neutral,Positive,0.0,0.788,Positive
3,Positive,Positive,0.7003,0.4404,Positive
3,Positive,Neutral,0.7184,0.0,Positive
5,Positive,Negative,0.8625,-0.2411,Positive
4,Positive,Negative,0.8689,-0.296,Positive
3,Positive,Positive,0.5719,0.1868,Positive
3,Positive,Positive,0.34,0.1779,Positive
2,Positive,Positive,0.9545,0.9421,Positive
1,Neutral,Negative,0.0,-0.6935,Negative
4,Positive,Negative,0.9587,-0.3182,Positive
4,Negative,Negative,-0.2732,-0.128,Negative
5,Positive,Positive,0.8481,0.1027,Positive
5,Positive,Neutral,0.3818,-0.0,Positive
2,Positive,Negative,0.4404,-0.5574,Negative
4,Positive,Positive,0.9022,0.9208,Positive
4,Positive,Negative,0.4404,-0.2023,Positive
3,Neutral,Negative,0.0,-0.4588,Negative
3,Positive,Negative,0.5106,-0.5423,Negative
4,Positive,Neutral,0.5994,0.0,Positive
5,Positive,Negative,0.8313,-0.128,Positive
5,Neutral,Negative,0.0,-0.2023,Negative
4,Positive,Neutral,0.7003,0.0,Positive
3,Positive,Positive,0.6808,0.659,Positive
5,Positive,Negative,0.8625,-0.3612,Positive
4,Positive,Positive,0.7893,0.2415,Positive
5,Positive,Positive,0.34,0.6369,Positive
4,Positive,Positive,0.8612,0.3818,Positive
5,Positive,Neutral,0.296,0.0,Positive
1,Positive,Negative,0.6705,-0.2732,Positive
4,Positive,Negative,0.6908,-0.3612,Positive
4,Positive,Neutral,0.8689,0.0,Positive
4,Positive,Neutral,0.9423,0.0,Positive
4,Positive,Negative,0.7096,-0.2263,Positive
4,Positive,Neutral,0.3818,0.0,Positive
1,Negative,Neutral,-0.5423,0.0,Negative
4,Positive,Positive,0.9628,0.9098,Positive
2,Neutral,Negative,0.0,-0.2732,Negative
3,Positive,Negative,0.631,-0.3612,Positive
4,Negative,Positive,-0.6808,0.743,Positive
4,Positive,Positive,0.6249,0.0772,Positive
4,Positive,Neutral,0.8126,0.0,Positive
5,Positive,Negative,0.9274,-0.4767,Positive
3,Positive,Negative,0.8176,-0.3535,Positive
5,Positive,Negative,0.7579,-0.2263,Positive
2,Positive,Negative,0.6808,-0.4215,Positive
4,Positive,Positive,0.9041,0.6652,Positive
3,Positive,Negative,0.802,-0.5408,Positive
4,Positive,Neutral,0.6249,0.0,Positive
4,Positive,Negative,0.7003,-0.796,Negative
3,Positive,Negative,0.9169,-0.5345,Positive
4,Positive,Positive,0.7178,0.1154,Positive
4,Positive,Neutral,0.8211,0.0,Positive
5,Negative,Neutral,-0.128,0.0,Negative
1,Negative,Negative,-0.9761,-0.9231,Negative
5,Positive,Neutral,0.765,0.0,Positive
3,Positive,Negative,0.7003,-0.8471,Positive
3,Positive,Negative,0.7717,-0.5096,Positive
4,Positive,Negative,0.3182,-0.1027,Positive
5,Positive,Positive,0.9198,0.743,Positive
2,Positive,Negative,0.3818,-0.7405,Negative
1,Positive,Negative,0.4588,-0.2924,Negative
1,Positive,Negative,0.4404,-0.6154,Negative
1,Positive,Negative,0.3716,-0.659,Negative
5,Positive,Negative,0.5983,-0.3806,Positive
3,Positive,Negative,0.9062,-0.5574,Positive
5,Positive,Positive,0.126,0.1779,Positive
5,Positive,Positive,0.5423,0.128,Positive
2,Positive,Negative,0.3384,-0.5368,Negative
3,Positive,Neutral,0.7003,0.0015,Positive
2,Positive,Neutral,0.6486,0.0,Positive
3,Positive,Negative,0.7902,-0.7269,Negative
5,Positive,Negative,0.6124,-0.1027,Positive
4,Neutral,Negative,0.0,-0.3252,Negative
4,Positive,Positive,0.4404,0.1669,Positive
4,Positive,Neutral,0.2023,0.0,Positive
2,Positive,Negative,0.5994,-0.2216,Negative
4,Neutral,Negative,0.0,-0.34,Positive
5,Neutral,Neutral,0.0,0.0,Positive
2,Positive,Negative,0.8934,-0.8779,Positive
4,Positive,Positive,0.8176,0.3818,Positive
5,Positive,Neutral,0.9118,0.0,Positive
3,Negative,Negative,-0.1779,-0.9081,Negative
5,Positive,Negative,0.6249,-0.5719,Positive
4,Positive,Positive,0.4404,0.4939,Positive
5,Positive,Negative,0.6124,-0.6249,Positive
5,Positive,Negative,0.743,-0.3197,Positive
3,Positive,Positive,0.8074,0.983,Positive
4,Positive,Neutral,0.6249,0.0,Positive
3,Neutral,Negative,0.0,-0.2023,Positive
4,Positive,Negative,0.926,-0.7999,Positive
4,Positive,Negative,0.4939,-0.2023,Positive
4,Positive,Negative,0.6908,-0.3612,Positive
4,Positive,Negative,0.8519,-0.4005,Positive
4,Positive,Neutral,0.2878,0.0,Positive
4,Positive,Neutral,0.5106,0.0,Positive
4,Positive,Positive,0.8126,0.6597,Positive
5,Positive,Positive,0.6369,0.3818,Positive
4,Positive,Positive,0.8777,0.3603,Positive
5,Positive,Neutral,0.6249,0.0,Positive
4,Positive,Negative,0.4404,-0.743,Negative
5,Positive,Neutral,0.6249,0.0,Positive
3,Positive,Negative,0.7717,-0.872,Negative
2,Positive,Negative,0.4404,-0.4767,Negative
3,Positive,Positive,0.8957,0.9718,Positive
4,Positive,Negative,0.6249,-0.4795,Positive
4,Positive,Negative,0.4939,-0.3412,Positive
3,Positive,Negative,0.6239,-0.1531,Positive
2,Positive,Neutral,0.3612,0.0,Positive
4,Positive,Negative,0.7184,-0.204,Positive
4,Positive,Neutral,0.8176,0.0,Positive
5,Positive,Positive,0.9231,0.4019,Positive
4,Positive,Neutral,0.8115,0.0,Positive
2,Positive,Positive,0.8402,0.4805,Positive
2,Positive,Negative,0.8779,-0.8025,Positive
5,Positive,Positive,0.7717,0.8805,Positive
4,Neutral,Neutral,0.0,0.0,Neutral
1,Positive,Negative,0.6486,-0.6626,Negative
2,Positive,Negative,0.9526,-0.8,Positive
5,Positive,Positive,0.9432,0.3597,Positive
1,Positive,Negative,0.5789,-0.7824,Negative
3,Positive,Negative,0.872,-0.4019,Positive
4,Positive,Negative,0.9062,-0.5106,Positive
2,Neutral,Negative,0.0,-0.3875,Negative
3,Positive,Negative,0.6249,-0.5096,Positive
4,Positive,Neutral,0.5859,0.0,Positive
1,Positive,Negative,0.5859,-0.8307,Negative
5,Positive,Neutral,0.796,0.0,Positive
5,Neutral,Neutral,0.0,0.0,Neutral
5,Positive,Positive,0.4574,0.6588,Positive
5,Positive,Negative,0.5994,-0.0588,Positive
4,Positive,Positive,0.6705,0.2263,Positive
5,Positive,Neutral,0.8402,0.0,Positive
4,Positive,Negative,0.9885,-0.9081,Positive
3,Positive,Negative,0.9136,-0.1803,Positive
4,Neutral,Positive,0.0,0.2732,Positive
4,Positive,Negative,0.8481,-0.4767,Positive
5,Positive,Positive,0.9763,0.8566,Positive
2,Positive,Negative,0.8126,-0.3612,Positive
1,Positive,Neutral,0.7579,0.0,Positive
2,Positive,Negative,0.5106,-0.2924,Positive
5,Positive,Positive,0.9349,0.5632,Positive
3,Neutral,Neutral,0.0,0.0,Positive
4,Positive,Negative,0.4404,-0.0772,Positive
1,Positive,Positive,0.368,0.3612,Positive
4,Positive,Negative,0.6486,-0.4767,Positive
5,Positive,Negative,0.3182,-0.296,Positive
4,Positive,Neutral,0.7003,0.0,Positive
5,Positive,Negative,0.7579,-0.1761,Positive
2,Positive,Negative,0.5413,-0.2183,Positive
3,Positive,Negative,0.8126,-0.5423,Positive
5,Positive,Positive,0.9325,0.6369,Positive
5,Positive,Negative,0.6249,-0.5106,Positive
3,Negative,Positive,-0.296,0.4019,Positive
4,Positive,Neutral,0.2023,0.0,Positive
5,Positive,Positive,0.9552,0.1779,Positive
5,Positive,Neutral,0.6249,0.0,Positive
5,Positive,Positive,0.4927,0.4404,Positive
5,Positive,Negative,0.9768,-0.4767,Positive
3,Positive,Negative,0.8126,-0.128,Positive
5,Positive,Positive,0.9732,0.6395,Positive
2,Positive,Negative,0.4404,-0.5267,Negative
1,Positive,Positive,0.5868,0.1645,Positive
3,Positive,Positive,0.7251,0.4939,Positive
4,Positive,Neutral,0.6249,0.0,Positive
5,Positive,Neutral,0.8957,0.0,Positive
5,Positive,Negative,0.6369,-0.296,Positive
2,Positive,Neutral,0.6705,0.0,Positive
2,Positive,Neutral,0.7003,0.0,Positive
3,Positive,Negative,0.4404,-0.3252,Positive
4,Positive,Neutral,0.7184,0.0,Positive
3,Positive,Negative,0.7089,-0.4588,Positive
4,Positive,Neutral,0.886,0.0,Positive
4,Neutral,Negative,0.0,-0.128,Negative
3,Positive,Positive,0.4404,0.3368,Positive
4,Positive,Negative,0.7351,-0.9136,Negative
4,Neutral,Neutral,0.0,0.0,Neutral
5,Positive,Neutral,0.5719,0.0,Positive
4,Positive,Negative,0.5423,-0.1027,Positive
1,Positive,Negative,0.6249,-0.3744,Positive
4,Positive,Positive,0.7906,0.6275,Positive
5,Positive,Positive,0.7845,0.4019,Positive
2,Positive,Negative,0.7506,-0.8126,Negative
5,Positive,Negative,0.836,-0.128,Positive
5,Positive,Neutral,0.7845,0.0,Positive
3,Positive,Negative,0.4404,-0.3182,Positive
3,Positive,Neutral,0.296,0.0,Positive
4,Positive,Neutral,0.8313,0.0,Positive
3,Positive,Negative,0.34,-0.3612,Neutral
2,Positive,Positive,0.6908,0.2185,Positive
3,Positive,Negative,0.7184,-0.2732,Positive
3,Positive,Negative,0.8807,-0.1027,Positive
4,Positive,Negative,0.7906,-0.6106,Positive
1,Negative,Negative,-0.3167,-0.7007,Negative
4,Positive,Positive,0.984,0.4404,Positive
1,Positive,Negative,0.5719,-0.6375,Negative
4,Positive,Neutral,0.4215,0.0,Positive
5,Positive,Negative,0.4404,-0.3182,Positive
3,Positive,Neutral,0.8176,0.0,Positive
4,Positive,Neutral,0.7717,-0.0323,Positive
5,Positive,Positive,0.743,0.1779,Positive
2,Positive,Positive,0.8625,0.4818,Positive
5,Positive,Neutral,0.9454,0.0,Positive
4,Positive,Negative,0.8689,-0.3182,Positive
3,Positive,Negative,0.8807,-0.743,Positive
4,Positive,Positive,0.8555,0.323,Positive
4,Positive,Negative,0.8622,-0.5216,Positive
4,Positive,Positive,0.8218,0.4005,Positive
2,Positive,Positive,0.8764,0.7304,Positive
4,Positive,Negative,0.9548,-0.9445,Negative
4,Positive,Positive,0.9214,0.5423,Positive
3,Positive,Neutral,0.6369,0.0,Positive
3,Positive,Negative,0.8481,-0.25,Positive
2,Positive,Negative,0.6249,-0.7351,Negative
4,Neutral,Neutral,0.0,0.0,Positive
4,Positive,Positive,0.9565,0.1531,Positive
4,Positive,Negative,0.8442,-0.3182,Positive
4,Positive,Neutral,0.7003,0.0,Positive
5,Positive,Neutral,0.8126,0.0,Positive
5,Positive,Positive,0.7906,0.8176,Positive
2,Neutral,Neutral,0.0,0.0,Neutral
4,Positive,Negative,0.6486,-0.5096,Positive
4,Positive,Neutral,0.9586,0.0,Positive
4,Neutral,Positive,0.0,0.5574,Positive
3,Negative,Neutral,-0.4184,-0.033,Negative
5,Neutral,Positive,0.0,0.3794,Positive
3,Positive,Negative,0.6908,-0.7906,Negative
3,Neutral,Negative,0.0,-0.1027,Positive
1,Positive,Negative,0.2263,-0.9001,Negative
3,Negative,Negative,-0.0516,-0.5423,Negative
5,Positive,Negative,0.6997,-0.296,Positive
5,Positive,Positive,0.5859,0.4463,Positive
5,Neutral,Positive,0.0,0.7269,Positive
3,Positive,Negative,0.8479,-0.5106,Positive
1,Positive,Negative,0.2755,-0.5283,Negative
4,Positive,Negative,0.8442,-0.5355,Positive
3,Positive,Positive,0.6865,0.2732,Positive
4,Positive,Neutral,0.8481,0.0,Positive
3,Positive,Positive,0.4404,0.3057,Positive
4,Positive,Positive,0.7783,0.7096,Positive
5,Positive,Positive,0.7096,0.3818,Positive
1,Positive,Negative,0.807,-0.8687,Negative
5,Positive,Positive,0.9607,0.0772,Positive
5,Positive,Negative,0.9389,-0.5267,Positive
4,Positive,Positive,0.8805,0.296,Positive
5,Positive,Negative,0.6249,-0.296,Positive
3,Positive,Negative,0.4404,-0.296,Positive
5,Positive,Neutral,0.7269,0.0,Positive
5,Positive,Neutral,0.9246,0.0,Positive
4,Positive,Negative,0.5423,-0.2047,Positive
3,Neutral,Negative,0.0,-0.4588,Negative
5,Positive,Neutral,0.9726,0.0,Positive
4,Positive,Negative,0.9231,-0.1366,Positive
4,Positive,Negative,0.9712,-0.128,Positive
5,Positive,Negative,0.6249,-0.4199,Positive
2,Positive,Positive,0.9493,0.8602,Positive
3,Positive,Negative,0.7717,-0.2654,Positive
5,Positive,Neutral,0.6249,0.0,Positive
5,Positive,Neutral,0.8126,0.0,Positive
3,Positive,Negative,0.3818,-0.473,Positive
3,Positive,Positive,0.4404,0.1901,Positive
5,Positive,Negative,0.875,-0.296,Positive
5,Positive,Positive,0.3818,0.6369,Positive
4,Positive,Negative,0.6908,-0.4404,Positive
4,Positive,Neutral,0.7269,0.0,Positive
2,Positive,Negative,0.7089,-0.5358,Positive
5,Positive,Neutral,0.8553,0.0,Positive
4,Positive,Neutral,0.3818,0.0,Positive
4,Positive,Positive,0.926,0.0772,Positive
5,Positive,Negative,0.9169,-0.4767,Positive
4,Positive,Negative,0.8775,-0.3515,Positive
2,Positive,Positive,0.8687,0.7076,Positive
3,Positive,Positive,0.6908,0.6003,Positive
3,Neutral,Negative,0.0,-0.7906,Negative
5,Positive,Neutral,0.7579,0.0,Positive
3,Positive,Neutral,0.3716,0.0,Positive
5,Positive,Positive,0.6705,0.4404,Positive
4,Positive,Positive,0.8638,0.7814,Positive
4,Positive,Positive,0.9287,0.3612,Positive
1,Positive,Neutral,0.7906,0.0,Positive
4,Positive,Positive,0.5239,0.1139,Positive
5,Positive,Negative,0.6249,-0.3612,Positive
3,Positive,Negative,0.9423,-0.6249,Positive
3,Positive,Positive,0.5413,0.2832,Positive
4,Positive,Negative,0.6249,-0.2057,Positive
2,Positive,Negative,0.1779,-0.7178,Negative
5,Positive,Positive,0.8074,0.836,Positive
3,Neutral,Negative,0.0,-0.128,Positive
2,Neutral,Negative,0.0,-0.1027,Negative
5,Neutral,Positive,0.0,0.7391,Positive
5,Positive,Negative,0.7717,-0.4019,Positive
5,Positive,Negative,0.6597,-0.5096,Positive
2,Positive,Neutral,0.296,0.0,Neutral
5,Positive,Negative,0.9634,-0.3919,Positive
5,Positive,Positive,0.7906,0.4215,Positive
5,Positive,Positive,0.9217,0.5563,Positive
4,Positive,Negative,0.7089,-0.5472,Positive
4,Positive,Neutral,0.7783,0.0,Positive
5,Positive,Negative,0.8999,-0.5423,Positive
4,Positive,Positive,0.4404,0.0772,Positive
4,Neutral,Neutral,0.0,0.0,Positive
3,Positive,Negative,0.2732,-0.6249,Negative
1,Neutral,Negative,0.0,-0.1154,Negative
4,Positive,Negative,0.9246,-0.5106,Positive
1,Positive,Negative,0.4939,-0.7134,Negative
1,Negative,Negative,-0.6908,-0.9524,Negative
4,Positive,Positive,0.6249,0.7351,Positive
2,Positive,Negative,0.4404,-0.7081,Negative
4,Positive,Neutral,0.4215,0.0,Positive
2,Positive,Positive,0.9517,0.7964,Positive
4,Positive,Neutral,0.4754,0.0,Positive
3,Positive,Neutral,0.6858,-0.0139,Positive
5,Positive,Negative,0.6249,-0.296,Positive
3,Positive,Neutral,0.6858,0.0,Positive
5,Neutral,Neutral,0.0,0.0,Positive
4,Positive,Negative,0.6249,-0.5563,Positive
4,Positive,Neutral,0.4404,0.0,Positive
5,Positive,Negative,0.4927,-0.296,Positive
4,Positive,Negative,0.8588,-0.4404,Positive
4,Positive,Negative,0.7283,-0.4019,Positive
5,Positive,Negative,0.7717,-0.4019,Positive
4,Positive,Positive,0.34,0.3269,Positive
4,Positive,Negative,0.9348,-0.6124,Positive
3,Positive,Negative,0.9104,-0.0772,Positive
2,Positive,Positive,0.8588,0.0771,Positive
3,Positive,Positive,0.7717,0.8426,Positive
2,Positive,Positive,0.6705,0.4588,Positive
5,Positive,Negative,0.7783,-0.4019,Positive
3,Positive,Negative,0.92,-0.7054,Positive
5,Positive,Neutral,0.34,0.0,Positive
5,Positive,Negative,0.9287,-0.3612,Positive
4,Positive,Negative,0.8479,-0.2732,Positive
3,Positive,Positive,0.9729,0.837,Positive
5,Positive,Negative,0.8481,-0.1027,Positive
4,Positive,Positive,0.6808,0.597,Positive
4,Positive,Positive,0.9259,0.3832,Positive
4,Positive,Positive,0.6249,0.3818,Positive
4,Positive,Negative,0.7269,-0.1179,Positive
5,Positive,Neutral,0.91,0.0,Positive
1,Negative,Negative,-0.5096,-0.5574,Negative
3,Positive,Positive,0.4404,0.3818,Positive
2,Positive,Positive,0.8122,0.128,Positive
3,Positive,Negative,0.7845,-0.7391,Negative
3,Positive,Neutral,0.7818,0.0,Positive
5,Neutral,Positive,0.0,0.6315,Positive
4,Positive,Neutral,0.8439,0.0,Positive
4,Positive,Negative,0.6249,-0.2732,Positive
4,Positive,Positive,0.4927,0.7184,Positive
3,Positive,Positive,0.7783,0.0557,Positive
5,Positive,Neutral,0.4215,0.0,Positive
3,Positive,Negative,0.4391,-0.3612,Negative
4,Positive,Negative,0.4404,-0.3167,Positive
5,Neutral,Positive,0.0,0.7003,Positive
4,Positive,Negative,0.7783,-0.3818,Positive
4,Positive,Neutral,0.4215,0.0382,Positive
1,Positive,Negative,0.5719,-0.7579,Negative
4,Positive,Negative,0.7096,-0.2755,Positive
4,Positive,Neutral,0.4019,0.0,Positive
5,Neutral,Negative,0.0,-0.3182,Negative
3,Positive,Neutral,0.5719,0.0,Positive
1,Positive,Negative,0.4404,-0.9179,Negative
4,Positive,Neutral,0.6124,0.0,Positive
4,Positive,Negative,0.7906,-0.6681,Positive
4,Positive,Negative,0.4939,-0.5859,Negative
4,Positive,Negative,0.4404,-0.4449,Positive
1,Positive,Positive,0.5859,0.0772,Positive
4,Positive,Positive,0.7269,0.3818,Positive
3,Positive,Negative,0.7845,-0.3612,Positive
5,Positive,Positive,0.4404,0.3818,Positive
5,Positive,Positive,0.4927,0.6369,Positive
2,Positive,Negative,0.34,-0.5994,Negative
3,Positive,Negative,0.6369,-0.4404,Positive
3,Positive,Negative,0.8481,-0.43,Negative
3,Positive,Neutral,0.7003,0.0,Positive
2,Neutral,Negative,0.0,-0.6697,Negative
3,Positive,Negative,0.8442,-0.4767,Positive
3,Positive,Neutral,0.7906,0.0,Positive
5,Positive,Positive,0.7717,0.4404,Positive
1,Negative,Negative,-0.4754,-0.6486,Negative
4,Positive,Positive,0.6369,0.3612,Positive
5,Positive,Positive,0.9493,0.128,Positive
1,Neutral,Negative,0.0,-0.7859,Negative
2,Negative,Negative,-0.742,-0.6696,Negative
4,Positive,Positive,0.9307,0.75,Positive
4,Neutral,Neutral,0.0,0.0,Positive
4,Positive,Neutral,0.7096,0.0,Positive
4,Positive,Negative,0.3612,-0.3182,Positive
2,Positive,Neutral,0.872,0.0,Positive
4,Positive,Negative,0.4215,-0.4201,Neutral
2,Positive,Positive,0.9153,0.4939,Positive
5,Positive,Positive,0.4404,0.6808,Positive
5,Positive,Negative,0.8807,-0.1531,Positive
3,Positive,Negative,0.9476,-0.6486,Positive
3,Positive,Negative,0.5859,-0.6597,Negative
5,Positive,Negative,0.8553,-0.7906,Positive
5,Positive,Positive,0.4404,0.1531,Positive
3,Positive,Positive,0.8799,0.7269,Positive
2,Positive,Positive,0.891,0.3818,Positive
5,Positive,Positive,0.8481,0.1779,Positive
3,Positive,Neutral,0.4927,0.0,Positive
4,Positive,Negative,0.7906,-0.128,Positive
4,Positive,Positive,0.9808,0.3818,Positive
5,Positive,Positive,0.5719,0.2942,Positive
5,Positive,Negative,0.34,-0.5423,Positive
5,Positive,Neutral,0.6249,0.0,Positive
1,Positive,Negative,0.873,-0.5267,Negative
3,Positive,Neutral,0.872,0.0,Positive
2,Positive,Neutral,0.5423,0.0,Positive
5,Positive,Negative,0.6486,-0.296,Positive
5,Positive,Positive,0.4588,0.4404,Positive
5,Positive,Negative,0.7146,-0.4549,Positive
4,Positive,Neutral,0.7269,0.0402,Positive
3,Positive,Negative,0.743,-0.4939,Positive
5,Positive,Negative,0.765,-0.2263,Positive
4,Positive,Neutral,0.891,0.0,Positive
2,Positive,Positive,0.4404,0.685,Positive
5,Positive,Positive,0.9595,0.952,Positive
5,Positive,Neutral,0.7845,0.0,Positive
4,Positive,Neutral,0.6249,0.0,Positive
2,Positive,Neutral,0.8625,0.0,Positive
4,Positive,Negative,0.8059,-0.2263,Positive
3,Positive,Neutral,0.5106,0.0,Positive
3,Positive,Negative,0.6705,-0.6435,Positive
5,Neutral,Negative,0.0,-0.2075,Positive
2,Positive,Positive,0.6249,0.7909,Positive
4,Positive,Neutral,0.4404,0.0,Positive
3,Positive,Negative,0.9411,-0.6794,Positive
4,Positive,Neutral,0.6705,0.0,Positive
4,Positive,Positive,0.9393,0.4611,Positive
3,Positive,Negative,0.4404,-0.4767,Negative
4,Positive,Positive,0.2235,0.3197,Positive
4,Positive,Positive,0.8426,0.1027,Positive
4,Positive,Positive,0.7906,0.2732,Positive
3,Positive,Negative,0.927,-0.3891,Positive
5,Positive,Negative,0.5719,-0.296,Positive
3,Positive,Positive,0.9517,0.4927,Positive
3,Positive,Negative,0.7783,-0.34,Positive
4,Positive,Negative,0.5719,-0.4215,Positive
2,Positive,Negative,0.5106,-0.8059,Negative
5,Positive,Negative,0.6249,-0.2732,Positive
3,Positive,Negative,0.891,-0.4767,Positive
4,Positive,Negative,0.4926,-0.3566,Positive
5,Positive,Negative,0.7531,-0.1027,Positive
5,Positive,Negative,0.5267,-0.1761,Positive
5,Positive,Positive,0.7316,0.4404,Positive
5,Positive,Negative,0.7717,-0.3412,Positive
3,Positive,Neutral,0.4939,0.0,Positive
4,Positive,Negative,0.7717,-0.3612,Positive
3,Positive,Positive,0.9649,0.2247,Positive
2,Positive,Negative,0.5106,-0.5719,Negative
5,Positive,Positive,0.9022,0.3818,Positive
5,Positive,Positive,0.8927,0.6268,Positive
4,Positive,Neutral,0.8126,0.0,Positive
4,Positive,Negative,0.9307,-0.2924,Positive
4,Positive,Negative,0.4019,-0.3412,Positive
3,Positive,Neutral,0.4005,0.0018,Positive
5,Positive,Positive,0.6369,0.1154,Positive
5,Positive,Positive,0.6249,0.4404,Positive
4,Positive,Negative,0.4404,-0.128,Positive
4,Positive,Neutral,0.7717,0.0,Positive
2,Neutral,Neutral,-0.0258,0.0,Neutral
5,Positive,Negative,0.5859,-0.5994,Positive
1,Positive,Neutral,0.5106,0.0,Positive
5,Positive,Neutral,0.4019,0.0,Positive
3,Positive,Positive,0.7717,0.228,Positive
5,Positive,Neutral,0.902,0.0,Positive
4,Positive,Positive,0.7003,0.7992,Positive
3,Positive,Negative,0.2263,-0.3089,Positive
5,Positive,Positive,0.6597,0.431,Positive
4,Positive,Negative,0.4432,-0.25,Positive
4,Positive,Negative,0.9367,-0.2255,Positive
5,Positive,Positive,0.8979,0.6124,Positive
4,Positive,Negative,0.8658,-0.296,Positive
4,Positive,Neutral,0.5719,0.0,Positive
5,Positive,Neutral,0.6249,0.0,Positive
4,Positive,Neutral,0.8519,0.0,Positive
3,Positive,Negative,0.7783,-0.2023,Positive
4,Positive,Positive,0.4404,0.6249,Positive
2,Positive,Negative,0.5842,-0.2924,Positive
2,Positive,Neutral,0.4404,0.0,Negative
1,Positive,Negative,0.875,-0.9779,Negative
5,Positive,Neutral,0.4404,0.0,Positive
5,Positive,Positive,0.296,0.3612,Positive
5,Positive,Negative,0.8074,-0.5106,Positive
4,Positive,Positive,0.5574,0.4767,Positive
2,Positive,Negative,0.886,-0.0783,Positive
3,Positive,Neutral,0.6908,0.0,Positive
3,Neutral,Negative,0.0,-0.296,Negative
4,Positive,Positive,0.8779,0.3612,Positive
4,Positive,Negative,0.9022,-0.3182,Positive
3,Neutral,Positive,0.0,0.4404,Positive
4,Positive,Neutral,0.5423,0.0,Positive
3,Positive,Neutral,0.5267,0.0,Positive
5,Positive,Positive,0.6239,0.8591,Positive
5,Positive,Negative,0.128,-0.4588,Negative
4,Positive,Positive,0.5719,0.812,Positive
4,Positive,Negative,0.6908,-0.3724,Positive
3,Positive,Negative,0.802,-0.2382,Positive
5,Positive,Positive,0.9524,0.5859,Positive
4,Positive,Negative,0.8777,-0.1058,Positive
1,Positive,Negative,0.4019,-0.9488,Negative
1,Positive,Positive,0.7346,0.4215,Positive
4,Positive,Neutral,0.8126,0.0,Positive
3,Positive,Negative,0.6705,-0.124,Positive
4,Positive,Negative,0.2682,-0.5216,Negative
4,Positive,Negative,0.4404,-0.4939,Positive
3,Positive,Neutral,0.4404,0.0,Positive
4,Positive,Positive,0.6249,0.5719,Positive
4,Positive,Negative,0.5859,-0.6771,Positive
4,Positive,Positive,0.5423,0.0772,Positive
4,Positive,Neutral,0.7717,0.0,Positive
3,Positive,Negative,0.5859,-0.4767,Positive
4,Positive,Neutral,0.7506,0.0,Positive
3,Positive,Positive,0.8689,0.3818,Positive
4,Positive,Positive,0.6908,0.0772,Positive
5,Positive,Negative,0.8126,-0.296,Positive
1,Positive,Neutral,0.2263,0.0,Positive
2,Positive,Positive,0.4404,0.0824,Positive
5,Positive,Negative,0.3612,-0.3182,Positive
3,Neutral,Neutral,0.0,0.0,Negative
4,Positive,Negative,0.872,-0.25,Positive
4,Positive,Negative,0.4404,-0.1901,Positive
3,Positive,Positive,0.8555,0.7269,Positive
5,Positive,Negative,0.2846,-0.3179,Neutral
5,Positive,Negative,0.6908,-0.5242,Positive
3,Positive,Positive,0.7003,0.6369,Positive
5,Positive,Negative,0.8625,-0.1531,Positive
5,Positive,Neutral,0.6808,0.0,Positive
4,Positive,Positive,0.6369,0.4019,Positive
4,Positive,Neutral,0.6369,0.0,Positive
5,Positive,Positive,0.7783,0.8294,Positive
3,Positive,Negative,0.6249,-0.5242,Positive
5,Positive,Negative,0.4404,-0.296,Positive
2,Positive,Positive,0.8225,0.3182,Positive
2,Positive,Negative,0.8316,-0.6192,Positive
4,Negative,Negative,-0.0772,-0.2732,Positive
5,Negative,Positive,-0.1531,0.3182,Positive
5,Positive,Neutral,0.7964,0.0,Positive
4,Positive,Negative,0.2944,-0.2755,Neutral
5,Positive,Positive,0.8316,0.2732,Positive
3,Positive,Neutral,0.4215,0.0,Positive
3,Positive,Negative,0.6249,-0.3875,Positive
4,Positive,Neutral,0.6705,0.0,Positive
4,Positive,Negative,0.7003,-0.3919,Positive
4,Positive,Negative,0.765,-0.3612,Positive
3,Positive,Negative,0.8519,-0.3786,Positive
3,Positive,Neutral,0.3818,0.0,Positive
2,Neutral,Negative,0.0,-0.6975,Negative
4,Positive,Positive,0.8625,0.6369,Positive
4,Positive,Positive,0.8481,0.0772,Positive
4,Positive,Negative,0.4754,-0.0516,Positive
3,Positive,Neutral,0.5574,0.0,Positive
1,Neutral,Positive,0.0,0.2023,Positive
4,Positive,Positive,0.8126,0.111,Positive
5,Positive,Positive,0.9929,0.4638,Positive
4,Positive,Neutral,0.7264,0.0,Positive
5,Positive,Neutral,0.8957,0.0,Positive
4,Positive,Negative,0.4215,-0.4767,Positive
4,Negative,Positive,-0.7084,0.3132,Negative
3,Positive,Negative,0.6249,-0.4466,Positive
5,Positive,Positive,0.9473,0.1531,Positive
3,Neutral,Negative,0.0,-0.5229,Negative
5,Positive,Neutral,0.3612,0.0,Positive
3,Positive,Positive,0.4404,0.355,Positive
5,Positive,Positive,0.9349,0.7783,Positive
4,Positive,Positive,0.7713,0.2484,Positive
4,Positive,Negative,0.4404,-0.1779,Positive
5,Positive,Positive,0.9854,0.9014,Positive
3,Positive,Positive,0.4404,0.4207,Positive
5,Positive,Neutral,0.8979,0.0,Positive
5,Neutral,Negative,0.0,-0.4168,Negative
3,Positive,Negative,0.875,-0.8316,Positive
3,Positive,Negative,0.4753,-0.5667,Positive
4,Positive,Positive,0.4404,0.4404,Positive
4,Neutral,Positive,0.0,0.6369,Positive
3,Positive,Negative,0.4404,-0.2924,Positive
2,Positive,Negative,0.4215,-0.4201,Positive
2,Positive,Negative,0.7122,-0.1596,Positive
5,Positive,Negative,0.8481,-0.6467,Positive
5,Positive,Negative,0.8481,-0.296,Positive
3,Positive,Neutral,0.4404,0.0,Positive
2,Positive,Negative,0.7381,-0.6114,Negative
4,Positive,Negative,0.7964,-0.2182,Positive
4,Positive,Positive,0.7351,0.5574,Positive
5,Positive,Positive,0.7717,0.4215,Positive
1,Positive,Negative,0.2975,-0.9489,Negative
3,Positive,Negative,0.4404,-0.4767,Negative
4,Positive,Negative,0.9728,-0.765,Positive
5,Positive,Negative,0.7351,-0.296,Positive
5,Positive,Negative,0.802,-0.4404,Positive
2,Positive,Negative,0.8072,-0.6786,Positive
4,Positive,Positive,0.8402,0.2023,Positive
2,Positive,Negative,0.8852,-0.296,Positive
4,Positive,Positive,0.6249,0.4404,Positive
4,Positive,Negative,0.4927,-0.4019,Positive
4,Positive,Negative,0.8883,-0.296,Positive
3,Positive,Negative,0.6969,-0.4188,Positive
4,Positive,Positive,0.8126,0.2732,Positive
4,Positive,Positive,0.5106,0.1154,Positive
4,Positive,Negative,0.5423,-0.5267,Neutral
2,Negative,Positive,-0.296,0.538,Positive
4,Positive,Positive,0.886,0.5785,Positive
5,Positive,Negative,0.4767,-0.6124,Positive
5,Positive,Negative,0.2263,-0.0772,Positive
2,Positive,Neutral,0.5423,0.0,Positive
4,Positive,Neutral,0.6908,0.0,Positive
4,Positive,Neutral,0.5719,0.0,Positive
3,Positive,Negative,0.6249,-0.2023,Positive
4,Positive,Negative,0.6369,-0.2732,Positive
4,Positive,Positive,0.3818,0.3818,Positive
5,Positive,Negative,0.7184,-0.3818,Positive
3,Positive,Negative,0.3818,-0.5423,Negative
3,Positive,Positive,0.5859,0.6124,Positive
5,Negative,Positive,-0.6908,0.1012,Negative
5,Positive,Neutral,0.6249,0.0,Positive
1,Positive,Negative,0.5267,-0.9116,Negative
5,Positive,Neutral,0.9559,0.0,Positive
5,Positive,Neutral,0.5106,0.0,Positive
4,Positive,Negative,0.8481,-0.4738,Positive
5,Positive,Positive,0.954,0.4389,Positive
3,Positive,Negative,0.4588,-0.3612,Positive
3,Positive,Negative,0.2944,-0.357,Negative
4,Positive,Positive,0.4767,0.1027,Positive
3,Positive,Negative,0.6597,-0.6674,Positive
3,Neutral,Neutral,0.0,0.0,Neutral
4,Positive,Positive,0.915,0.5729,Positive
3,Positive,Negative,0.9371,-0.3612,Positive
2,Positive,Neutral,0.902,0.0,Positive
5,Neutral,Neutral,0.0,0.0,Positive
2,Positive,Positive,0.5413,0.3096,Positive
4,Positive,Negative,0.4404,-0.3182,Positive
3,Positive,Neutral,0.4215,0.0,Positive
1,Positive,Negative,0.886,-0.4404,Positive
5,Positive,Positive,0.9536,0.4927,Positive
5,Positive,Negative,0.9517,-0.5423,Positive
3,Positive,Negative,0.2382,-0.7212,Negative
3,Positive,Positive,0.9716,0.4404,Positive
1,Positive,Positive,0.7003,0.7129,Positive
5,Positive,Neutral,0.4927,0.0,Positive
1,Positive,Negative,0.8826,-0.5472,Positive
1,Negative,Negative,-0.2732,-0.6151,Negative
5,Positive,Negative,0.6801,-0.0772,Positive
5,Positive,Neutral,0.6249,0.0,Positive
2,Positive,Positive,0.8126,0.1285,Positive
5,Positive,Positive,0.8801,0.4404,Positive
2,Positive,Negative,0.7269,-0.128,Positive
3,Neutral,Negative,0.0,-0.0754,Positive
5,Positive,Negative,0.7717,-0.1027,Positive
4,Positive,Neutral,0.2263,0.0,Positive
3,Positive,Negative,0.6908,-0.6597,Positive
4,Neutral,Negative,0.0,-0.3415,Negative
1,Neutral,Positive,0.0,0.296,Positive
1,Positive,Negative,0.6124,-0.34,Positive
4,Positive,Negative,0.9042,-0.3875,Positive
5,Positive,Positive,0.8519,0.3612,Positive
5,Positive,Positive,0.4404,0.1027,Positive
4,Positive,Negative,0.5859,-0.2247,Positive
5,Positive,Neutral,0.3818,0.0,Positive
5,Positive,Positive,0.4588,0.6249,Positive
4,Positive,Negative,0.3818,-0.3182,Positive
4,Neutral,Negative,0.0,-0.296,Positive
3,Positive,Negative,0.6597,-0.6621,Neutral
4,Positive,Neutral,0.4404,0.0,Positive
3,Positive,Positive,0.4404,0.6565,Positive
4,Positive,Positive,0.8481,0.4215,Positive
5,Positive,Positive,0.9153,0.5423,Positive
4,Positive,Negative,0.7096,-0.5423,Positive
5,Positive,Positive,0.946,0.2732,Positive
1,Neutral,Neutral,0.0,0.0,Negative
5,Positive,Neutral,0.5106,0.0,Positive
3,Positive,Negative,0.5267,-0.2263,Positive
2,Positive,Positive,0.8225,0.4215,Positive
4,Positive,Positive,0.9274,0.4404,Positive
4,Positive,Negative,0.8957,-0.6249,Positive
4,Positive,Negative,0.9442,-0.7687,Positive
4,Positive,Neutral,0.9217,0.0,Positive
3,Positive,Negative,0.6249,-0.8176,Negative
4,Positive,Positive,0.93,0.6369,Positive
5,Positive,Positive,0.891,0.865,Positive
4,Positive,Positive,0.788,0.5729,Positive
1,Positive,Negative,0.4588,-0.5659,Negative
3,Positive,Neutral,0.3182,0.0,Positive
3,Negative,Positive,-0.4404,0.3612,Positive
1,Positive,Negative,0.8658,-0.9136,Negative
4,Neutral,Negative,0.0,-0.4168,Negative
4,Positive,Negative,0.34,-0.3182,Neutral
2,Positive,Positive,0.6249,0.6808,Positive
5,Positive,Positive,0.9216,0.7506,Positive
3,Positive,Negative,0.8481,-0.34,Positive
5,Positive,Neutral,0.3818,0.0,Positive
3,Positive,Negative,0.7845,-0.7335,Positive
3,Positive,Negative,0.3612,-0.6369,Negative
1,Positive,Positive,0.6597,0.1531,Positive
3,Positive,Positive,0.5267,0.7269,Positive
4,Positive,Negative,0.9382,-0.5499,Positive
5,Positive,Negative,0.8439,-0.296,Positive
1,Positive,Positive,0.4404,0.9853,Positive
3,Positive,Positive,0.2263,0.1461,Positive
5,Positive,Positive,0.8689,0.2263,Positive
5,Positive,Neutral,0.8885,0.0,Positive
5,Positive,Neutral,0.4404,0.0,Positive
4,Positive,Positive,0.8882,0.7086,Positive
3,Positive,Negative,0.7783,-0.5081,Negative
3,Positive,Negative,0.9536,-0.128,Positive
5,Positive,Positive,0.9601,0.7096,Positive
5,Positive,Neutral,0.7501,0.0,Positive
5,Positive,Neutral,0.9254,0.0,Positive
1,Negative,Positive,-0.792,0.4404,Negative
4,Positive,Neutral,0.8439,0.0,Positive
4,Positive,Positive,0.7906,0.8271,Positive
3,Positive,Positive,0.9784,0.4997,Positive
5,Positive,Positive,0.9423,0.9526,Positive
3,Positive,Negative,0.4019,-0.4828,Negative
3,Negative,Positive,-0.5423,0.7096,Positive
5,Positive,Neutral,0.1027,0.0,Positive
3,Positive,Negative,0.5859,-0.1351,Positive
2,Negative,Negative,-0.079,-0.3182,Negative
5,Positive,Positive,0.7184,0.4404,Positive
4,Neutral,Neutral,0.0,0.0,Negative
4,Positive,Positive,0.886,0.4927,Positive
5,Positive,Positive,0.9001,0.296,Positive
5,Neutral,Negative,0.0,-0.3612,Positive
4,Positive,Negative,0.3818,-0.233,Positive
4,Positive,Positive,0.7717,0.2263,Positive
4,Positive,Positive,0.9839,0.5093,Positive
4,Positive,Negative,0.6705,-0.296,Positive
5,Positive,Positive,0.891,0.7783,Positive
3,Neutral,Neutral,0.0,0.0,Neutral
4,Positive,Positive,0.9704,0.2048,Positive
4,Positive,Neutral,0.4404,0.0,Positive
4,Neutral,Neutral,0.0,0.0,Positive
2,Positive,Positive,0.296,0.6486,Positive
4,Positive,Neutral,0.4404,0.0,Positive
3,Positive,Neutral,0.91,0.0,Positive
4,Neutral,Negative,0.0,-0.296,Negative
4,Positive,Negative,0.4404,-0.5563,Negative
5,Positive,Positive,0.8439,0.2575,Positive
4,Positive,Negative,0.2235,-0.4053,Neutral
5,Positive,Neutral,0.7269,0.0,Positive
4,Positive,Neutral,0.8402,0.0,Positive
1,Negative,Negative,-0.357,-0.8873,Negative
4,Positive,Neutral,0.8689,0.0,Positive
5,Neutral,Neutral,0.0,0.0,Positive
4,Positive,Negative,0.8885,-0.6597,Positive
1,Neutral,Negative,0.0,-0.872,Negative
5,Positive,Neutral,0.8271,0.0,Positive
2,Positive,Negative,0.4019,-0.2006,Negative
4,Positive,Negative,0.4404,-0.1513,Positive
5,Positive,Positive,0.4404,0.5423,Positive
3,Positive,Negative,0.7003,-0.4767,Positive
3,Neutral,Negative,0.0,-0.4364,Negative
3,Neutral,Negative,0.0,-0.34,Negative
5,Neutral,Neutral,0.0,0.0,Positive
2,Positive,Neutral,0.4404,0.0,Negative
4,Positive,Negative,0.6249,-0.464,Positive
2,Positive,Negative,0.9746,-0.8549,Positive
4,Positive,Negative,0.9042,-0.3612,Positive
4,Positive,Positive,0.8316,0.34,Positive
4,Positive,Negative,0.8442,-0.5859,Positive
4,Positive,Neutral,0.891,0.0,Positive
5,Positive,Negative,0.8514,-0.4449,Positive
5,Positive,Negative,0.9274,-0.2944,Positive
4,Positive,Neutral,0.9559,0.0,Positive
5,Positive,Negative,0.8402,-0.1027,Positive
3,Neutral,Positive,0.0,0.4019,Positive
5,Positive,Negative,0.9309,-0.34,Positive
5,Positive,Positive,0.6705,0.6249,Positive
5,Positive,Negative,0.6249,-0.3197,Positive
3,Positive,Negative,0.8858,-0.7645,Positive
5,Neutral,Negative,0.0,-0.296,Positive
4,Neutral,Neutral,0.0,-0.0018,Positive
4,Positive,Positive,0.9201,0.09,Positive
5,Positive,Positive,0.9412,0.7003,Positive
3,Positive,Positive,0.4404,0.3818,Positive
4,Positive,Negative,0.4404,-0.6688,Positive
2,Neutral,Negative,0.0,-0.3724,Negative
3,Positive,Neutral,0.3818,0.0,Positive
5,Positive,Neutral,0.8885,0.0,Positive
4,Positive,Negative,0.3167,-0.8193,Positive
4,Positive,Negative,0.7003,-0.524,Positive
3,Positive,Negative,0.5106,-0.1027,Positive
4,Positive,Negative,0.9022,-0.6278,Positive
3,Positive,Negative,0.8126,-0.765,Positive
3,Positive,Negative,0.7003,-0.5106,Positive
4,Positive,Neutral,0.296,-0.0191,Positive
1,Negative,Negative,-0.1027,-0.765,Negative
4,Positive,Neutral,0.6486,-0.0276,Positive
4,Positive,Neutral,0.4404,0.0,Positive
3,Positive,Neutral,0.4404,0.0,Positive
4,Positive,Positive,0.8225,0.4019,Positive
3,Positive,Neutral,0.9022,0.0,Positive
3,Positive,Positive,0.9001,0.7096,Positive
4,Positive,Negative,0.936,-0.7414,Positive
5,Positive,Positive,0.9674,0.7096,Positive
1,Neutral,Negative,0.0,-0.965,Negative
4,Positive,Positive,0.4215,0.3182,Positive
3,Positive,Positive,0.9153,0.1548,Positive
3,Negative,Negative,-0.1779,-0.3818,Negative
5,Positive,Negative,0.6597,-0.5994,Positive
3,Positive,Positive,0.6705,0.1027,Positive
4,Positive,Negative,0.7906,-0.6259,Positive
4,Positive,Negative,0.7758,-0.5106,Positive
5,Positive,Neutral,0.5106,0.0,Positive
4,Positive,Neutral,0.9136,0.0,Positive
5,Neutral,Neutral,0.0,0.0,Neutral
4,Positive,Negative,0.3612,-0.8122,Negative
3,Positive,Positive,0.875,0.4404,Positive
4,Positive,Negative,0.8834,-0.3412,Positive
4,Positive,Negative,0.8271,-0.802,Positive
2,Positive,Negative,0.7717,-0.9272,Negative
1,Negative,Neutral,-0.3412,0.0,Negative
4,Positive,Neutral,0.8689,0.0,Positive
3,Neutral,Negative,0.0,-0.3182,Negative
4,Positive,Neutral,0.4404,0.0,Positive
4,Positive,Neutral,0.8625,0.0,Positive
5,Positive,Positive,0.6239,0.4019,Positive
2,Neutral,Negative,0.0,-0.571,Negative
5,Positive,Negative,0.4588,-0.6115,Positive
2,Positive,Positive,0.8625,0.5994,Positive
4,Positive,Positive,0.9633,0.7003,Positive
4,Positive,Positive,0.9511,0.1181,Positive
4,Positive,Negative,0.8074,-0.296,Positive
3,Positive,Negative,0.4404,-0.357,Positive
3,Positive,Negative,0.6369,-0.296,Positive
5,Positive,Negative,0.7906,-0.7184,Negative
4,Positive,Negative,0.1531,-0.3612,Negative
4,Positive,Positive,0.8684,0.1531,Positive
4,Positive,Positive,0.6705,0.105,Positive
4,Positive,Negative,0.872,-0.3412,Positive
3,Positive,Negative,0.7184,-0.2753,Positive
3,Positive,Negative,0.7717,-0.5233,Positive
1,Positive,Neutral,0.6486,-0.0392,Positive
4,Positive,Negative,0.9298,-0.128,Positive
5,Positive,Positive,0.8294,0.3818,Positive
4,Positive,Negative,0.9837,-0.8876,Positive
5,Positive,Neutral,0.8481,0.0,Positive
5,Positive,Negative,0.4404,-0.3182,Positive
4,Negative,Positive,-0.5096,0.4336,Positive
2,Neutral,Negative,0.0,-0.6249,Negative
4,Positive,Negative,0.3818,-0.2732,Positive
3,Positive,Neutral,0.7783,0.0,Positive
5,Positive,Positive,0.9355,0.4902,Positive
4,Positive,Negative,0.8126,-0.1027,Positive
4,Positive,Neutral,0.8508,-0.0191,Positive
4,Positive,Neutral,0.7906,0.0,Positive
3,Positive,Positive,0.9231,0.6808,Positive
5,Positive,Neutral,0.3818,0.0,Positive
5,Positive,Neutral,0.6249,0.0,Positive
4,Positive,Negative,0.8126,-0.4019,Positive
5,Positive,Positive,0.9216,0.1027,Positive
3,Positive,Negative,0.7269,-0.6535,Negative
5,Positive,Negative,0.9213,-0.5106,Positive
3,Positive,Neutral,0.7184,0.0,Positive
4,Neutral,Neutral,0.0,0.0,Neutral
4,Positive,Positive,0.875,0.1348,Positive
5,Positive,Negative,0.6249,-0.5563,Positive
4,Positive,Negative,0.4404,-0.3865,Positive
4,Positive,Positive,0.8402,0.6074,Positive
1,Neutral,Negative,0.0,-0.5709,Positive
5,Positive,Positive,0.926,0.6369,Positive
5,Positive,Positive,0.9601,0.2846,Positive
4,Positive,Positive,0.8074,0.0936,Positive
4,Positive,Neutral,0.7841,-0.0258,Positive
4,Neutral,Positive,0.0,0.0516,Positive
5,Positive,Negative,0.3818,-0.296,Positive
4,Positive,Negative,0.8622,-0.8623,Negative
1,Neutral,Negative,0.0,-0.8232,Negative
2,Positive,Negative,0.3612,-0.6511,Negative
4,Positive,Negative,0.9062,-0.0772,Positive
3,Positive,Negative,0.3818,-0.5409,Negative
4,Positive,Neutral,0.3818,0.0,Positive
3,Positive,Positive,0.7003,0.2927,Positive
4,Positive,Negative,0.8807,-0.5875,Positive
1,Positive,Negative,0.4417,-0.6836,Negative
3,Positive,Negative,0.6369,-0.296,Positive
3,Positive,Positive,0.9655,0.5193,Positive
4,Positive,Positive,0.9062,0.4019,Positive
3,Positive,Positive,0.5267,0.0772,Positive
5,Positive,Positive,0.8012,0.5719,Positive
1,Positive,Negative,0.7269,-0.4767,Positive
3,Negative,Negative,-0.1027,-0.5216,Negative
4,Positive,Negative,0.8625,-0.3612,Positive
4,Positive,Negative,0.8737,-0.2273,Positive
4,Neutral,Negative,0.0,-0.5423,Negative
5,Positive,Neutral,0.8979,0.0,Positive
4,Positive,Positive,0.7003,0.2732,Positive
3,Positive,Neutral,0.8625,0.0,Positive
1,Positive,Neutral,0.5574,0.0,Neutral
4,Neutral,Positive,0.0,0.3182,Positive
4,Positive,Neutral,0.6249,0.0,Positive
2,Positive,Negative,0.4019,-0.6908,Negative
5,Positive,Negative,0.6249,-0.1088,Positive
5,Positive,Neutral,0.836,0.0,Positive
3,Positive,Negative,0.9131,-0.2716,Positive
4,Positive,Negative,0.34,-0.5106,Positive
4,Positive,Negative,0.2263,-0.2584,Neutral
5,Positive,Neutral,0.4404,0.0,Positive
5,Positive,Negative,0.6249,-0.2263,Positive
3,Positive,Negative,0.9001,-0.2987,Positive
4,Positive,Positive,0.6124,0.2467,Positive
5,Positive,Neutral,0.9287,0.0,Positive
5,Neutral,Positive,0.0,0.4939,Positive
1,Negative,Negative,-0.1695,-0.8885,Negative
5,Positive,Positive,0.9578,0.1154,Positive
5,Positive,Positive,0.8481,0.4404,Positive
4,Positive,Positive,0.4939,0.1144,Positive
2,Positive,Positive,0.6908,0.3612,Positive
5,Positive,Positive,0.9186,0.743,Positive
5,Positive,Neutral,0.4215,0.0,Positive
5,Positive,Negative,0.7708,-0.7579,Positive
4,Positive,Negative,0.6705,-0.5267,Positive
4,Positive,Positive,0.8519,0.2263,Positive
4,Positive,Negative,0.8591,-0.1027,Positive
4,Positive,Positive,0.9485,0.25,Positive
5,Positive,Neutral,0.4404,0.0,Positive
4,Positive,Negative,0.4927,-0.2263,Positive
4,Positive,Negative,0.6369,-0.7835,Positive
4,Positive,Positive,0.7506,0.431,Positive
5,Positive,Neutral,0.2263,0.0,Positive
3,Positive,Negative,0.765,-0.5719,Positive
5,Neutral,Negative,0.0,-0.2732,Positive
5,Positive,Neutral,0.8225,0.0,Positive
3,Positive,Negative,0.2263,-0.5106,Negative
4,Positive,Neutral,0.872,0.0,Positive
4,Positive,Negative,0.6249,-0.4019,Positive
3,Positive,Positive,0.8508,0.6249,Positive
4,Positive,Neutral,0.4215,0.0,Positive
5,Positive,Positive,0.8968,0.4939,Positive
4,Positive,Negative,0.7717,-0.6711,Positive
5,Positive,Negative,0.5423,-0.296,Positive
3,Positive,Negative,0.8481,-0.1415,Positive
3,Positive,Neutral,0.7178,0.0,Positive
5,Positive,Negative,0.8519,-0.4767,Positive
3,Positive,Positive,0.3818,0.0772,Positive
4,Positive,Positive,0.807,0.5719,Positive
3,Positive,Positive,0.4019,0.3818,Positive
5,Positive,Negative,0.6249,-0.296,Positive
4,Positive,Negative,0.4404,-0.2263,Positive
3,Positive,Neutral,0.7783,0.0,Positive
5,Positive,Negative,0.1779,-0.5267,Negative
4,Neutral,Positive,0.0,0.4404,Positive
5,Positive,Negative,0.7579,-0.2924,Positive
3,Positive,Neutral,0.7783,0.0,Positive
4,Positive,Neutral,0.93,0.0,Positive
2,Neutral,Neutral,0.0,0.0,Neutral
4,Positive,Negative,0.836,-0.6249,Positive
4,Positive,Negative,0.4019,-0.4215,Neutral
4,Positive,Neutral,0.7269,0.0,Positive
4,Positive,Negative,0.9062,-0.2516,Positive
4,Positive,Positive,0.4404,0.3818,Positive
5,Positive,Neutral,0.836,0.0,Positive
4,Positive,Neutral,0.9022,0.0,Positive
3,Positive,Negative,0.6908,-0.5096,Negative
3,Negative,Neutral,-0.6597,0.0,Negative
2,Positive,Negative,0.4939,-0.6746,Negative
5,Positive,Positive,0.6249,0.6259,Positive
4,Positive,Negative,0.7096,-0.6369,Positive
5,Positive,Neutral,0.9062,0.0,Positive
4,Positive,Neutral,0.9712,0.0,Positive
3,Positive,Negative,0.6705,-0.4019,Positive
5,Positive,Positive,0.1531,0.836,Positive
3,Neutral,Negative,0.0,-0.2411,Negative
2,Positive,Neutral,0.8481,0.0,Positive
2,Positive,Negative,0.5423,-0.4322,Negative
5,Positive,Negative,0.6249,-0.571,Positive
5,Positive,Positive,0.802,0.5859,Positive
2,Neutral,Neutral,-0.0015,-0.0023,Negative
2,Positive,Negative,0.8481,-0.8807,Positive
4,Positive,Positive,0.8689,0.6249,Positive
4,Positive,Neutral,0.2732,0.0,Positive
4,Positive,Positive,0.765,0.4767,Positive
4,Positive,Neutral,0.6705,0.0,Positive
3,Positive,Negative,0.743,-0.5423,Negative
3,Positive,Negative,0.2263,-0.1027,Positive
3,Neutral,Negative,0.0,-0.4019,Negative
4,Positive,Positive,0.3818,0.562,Positive
3,Positive,Negative,0.7717,-0.1311,Positive
3,Positive,Negative,0.8481,-0.0772,Positive
3,Positive,Negative,0.9509,-0.4939,Positive
3,Positive,Neutral,0.8519,0.0,Positive
4,Positive,Negative,0.9451,-0.6059,Positive
4,Negative,Positive,-0.1232,0.3182,Positive
4,Positive,Negative,0.9216,-0.5216,Positive
5,Positive,Negative,0.891,-0.7587,Positive
5,Positive,Neutral,0.2263,0.0,Positive
5,Positive,Positive,0.8126,0.8225,Positive
2,Positive,Negative,0.8481,-0.5859,Positive
5,Positive,Positive,0.2235,0.3612,Positive
4,Positive,Positive,0.7496,0.4767,Positive
5,Positive,Negative,0.6597,-0.4471,Positive
3,Positive,Negative,0.6249,-0.7717,Negative
4,Positive,Negative,0.9371,-0.6454,Positive
5,Positive,Negative,0.4404,-0.296,Positive
3,Positive,Negative,0.4939,-0.4767,Positive
5,Positive,Positive,0.7906,0.0772,Positive
3,Positive,Negative,0.2263,-0.3182,Negative
4,Positive,Negative,0.6705,-0.2732,Positive
2,Positive,Neutral,0.7579,0.0,Positive
4,Positive,Positive,0.9628,0.0772,Positive
5,Positive,Positive,0.9371,0.6976,Positive
4,Positive,Neutral,0.9136,0.0,Positive
4,Positive,Negative,0.7717,-0.3875,Positive
5,Positive,Neutral,0.8927,0.0,Positive
4,Negative,Negative,-0.3182,-0.5859,Negative
5,Neutral,Positive,0.0,0.4404,Positive
5,Positive,Neutral,0.9146,0.0,Positive
3,Positive,Negative,0.7184,-0.5423,Positive
4,Positive,Negative,0.9152,-0.4629,Positive
4,Positive,Positive,0.875,0.1531,Positive
3,Positive,Positive,0.6486,0.4914,Positive
1,Positive,Positive,0.4404,0.7649,Positive
3,Positive,Negative,0.4939,-0.3261,Positive
4,Positive,Neutral,0.6486,0.0,Positive
3,Positive,Negative,0.7003,-0.1326,Positive
4,Positive,Neutral,0.4404,0.0,Positive
5,Positive,Neutral,0.34,0.0,Positive
3,Negative,Neutral,-0.25,0.0,Negative
5,Positive,Negative,0.4404,-0.5267,Positive
5,Positive,Neutral,0.8519,0.0,Positive
2,Positive,Negative,0.4404,-0.5719,Negative
4,Positive,Negative,0.7906,-0.5423,Positive
2,Positive,Positive,0.0772,0.7222,Positive
4,Positive,Negative,0.6369,-0.34,Positive
4,Positive,Negative,0.4404,-0.3412,Positive
4,Positive,Negative,0.2023,-0.3612,Negative
4,Positive,Positive,0.7717,0.128,Positive
2,Positive,Negative,0.4215,-0.5267,Positive
3,Positive,Positive,0.7269,0.1318,Positive
5,Positive,Positive,0.8126,0.3182,Positive
3,Positive,Negative,0.93,-0.3086,Positive
4,Positive,Negative,0.8402,-0.1531,Positive
4,Positive,Neutral,0.4767,0.0,Positive
3,Positive,Negative,0.7717,-0.631,Negative
5,Positive,Neutral,0.9674,0.0,Positive
4,Positive,Positive,0.8297,0.7625,Positive
3,Positive,Neutral,0.296,0.0,Positive
4,Positive,Positive,0.8519,0.4404,Positive
4,Positive,Positive,0.93,0.6187,Positive
4,Positive,Negative,0.9468,-0.4019,Positive
4,Positive,Negative,0.7096,-0.2235,Positive
1,Positive,Positive,0.7184,0.5413,Positive
4,Positive,Positive,0.7906,0.3612,Positive
1,Positive,Negative,0.1779,-0.9616,Negative
5,Positive,Negative,0.7003,-0.4767,Positive
1,Positive,Negative,0.6808,-0.4168,Positive
4,Positive,Neutral,0.5423,0.0,Positive
5,Positive,Negative,0.6249,-0.3612,Positive
5,Positive,Negative,0.7835,-0.7096,Negative
5,Positive,Neutral,0.8957,0.0,Positive
4,Positive,Neutral,0.743,0.0,Positive
5,Positive,Positive,0.4404,0.4404,Positive
4,Neutral,Negative,0.0,-0.6808,Positive
2,Positive,Negative,0.3612,-0.6534,Negative
5,Positive,Neutral,0.4404,0.0,Positive
5,Positive,Neutral,0.7717,0.0,Positive
4,Positive,Negative,0.6259,-0.4363,Positive
4,Positive,Positive,0.2732,0.34,Positive
5,Positive,Negative,0.9474,-0.3612,Positive
4,Positive,Neutral,0.6249,0.0,Positive
3,Positive,Positive,0.431,0.6705,Positive
5,Positive,Neutral,0.9442,0.0,Positive
4,Positive,Positive,0.7506,0.3197,Positive
5,Positive,Positive,0.8782,0.6124,Positive
5,Neutral,Positive,0.0,0.5994,Positive
5,Positive,Positive,0.6808,0.6124,Positive
3,Positive,Negative,0.3818,-0.4767,Negative
4,Positive,Neutral,0.7845,0.0,Positive
5,Positive,Positive,0.9571,0.1531,Positive
2,Positive,Positive,0.926,0.2023,Positive
5,Positive,Neutral,0.6249,0.0,Positive
5,Positive,Positive,0.8885,0.4648,Positive
4,Positive,Negative,0.807,-0.8402,Negative
4,Positive,Positive,0.836,0.5423,Positive
5,Positive,Positive,0.8885,0.3382,Positive
5,Positive,Positive,0.4404,0.1063,Positive
5,Positive,Neutral,0.903,-0.0334,Positive
5,Neutral,Negative,0.0258,-0.2944,Negative
2,Positive,Negative,0.7688,-0.4588,Positive
5,Positive,Neutral,0.7579,0.0,Positive
3,Neutral,Positive,0.0,0.4404,Positive
4,Positive,Positive,0.8712,0.2382,Positive
5,Positive,Negative,0.9682,-0.2746,Positive
5,Positive,Negative,0.8591,-0.3612,Positive
3,Positive,Negative,0.6597,-0.4391,Positive
5,Positive,Negative,0.829,-0.3491,Positive
3,Neutral,Positive,0.0,0.3818,Positive
2,Positive,Negative,0.6249,-0.5916,Positive
4,Positive,Neutral,0.4215,0.0,Positive
3,Positive,Negative,0.9287,-0.7003,Positive
4,Positive,Negative,0.8402,-0.5267,Positive
2,Positive,Negative,0.6249,-0.9041,Negative
5,Positive,Positive,0.8316,0.3415,Positive
4,Positive,Positive,0.6369,0.3182,Positive
4,Positive,Negative,0.4404,-0.5423,Positive
4,Positive,Positive,0.6249,0.5859,Positive
2,Positive,Negative,0.9538,-0.5499,Positive
3,Positive,Positive,0.2724,0.5851,Positive
1,Positive,Positive,0.7579,0.1896,Positive
3,Positive,Positive,0.4404,0.1471,Positive
3,Positive,Negative,0.7003,-0.099,Positive
4,Positive,Negative,0.2263,-0.2584,Positive
4,Positive,Negative,0.5859,-0.296,Positive
5,Positive,Positive,0.3818,0.3818,Positive
4,Positive,Neutral,0.8126,0.0,Positive
4,Positive,Neutral,0.7845,0.0,Positive
4,Positive,Negative,0.7351,-0.3182,Positive
3,Positive,Negative,0.5574,-0.4215,Positive
4,Positive,Negative,0.957,-0.2732,Positive
3,Positive,Neutral,0.7964,0.0,Positive
5,Neutral,Neutral,0.0,0.0,Positive
4,Neutral,Neutral,0.0,0.0,Neutral
4,Positive,Neutral,0.9382,0.0,Positive
4,Positive,Neutral,0.34,0.0,Positive
5,Positive,Positive,0.9062,0.5806,Positive
5,Positive,Positive,0.9975,0.7159,Positive
2,Positive,Negative,0.872,-0.1027,Positive
1,Positive,Neutral,0.1139,0.0,Negative
3,Positive,Positive,0.8065,0.6067,Positive
3,Positive,Positive,0.891,0.3818,Positive
5,Positive,Positive,0.7096,0.4588,Positive
5,Positive,Positive,0.9941,0.4588,Positive
5,Positive,Positive,0.3818,0.4927,Positive
4,Positive,Positive,0.5106,0.1531,Positive
4,Positive,Negative,0.8655,-0.4767,Positive
4,Positive,Negative,0.8481,-0.5975,Positive
4,Positive,Neutral,0.4404,0.0,Positive
4,Positive,Positive,0.7845,0.4404,Positive
5,Positive,Negative,0.6352,-0.296,Positive
5,Positive,Negative,0.3818,-0.7646,Positive
5,Positive,Neutral,0.7351,0.0,Positive
2,Positive,Negative,0.4404,-0.6466,Negative
5,Positive,Positive,0.8442,0.2023,Positive
4,Positive,Positive,0.6486,0.323,Positive
2,Positive,Positive,0.4404,0.0762,Negative
2,Positive,Negative,0.8689,-0.6008,Positive
3,Positive,Negative,0.6249,-0.3412,Positive
1,Positive,Negative,0.431,-0.7845,Negative
4,Positive,Negative,0.8885,-0.3612,Positive
4,Positive,Negative,0.8858,-0.5849,Positive
4,Positive,Positive,0.7003,0.296,Positive
5,Neutral,Positive,0.0,0.431,Positive
3,Positive,Positive,0.765,0.0516,Positive
3,Positive,Negative,0.9217,-0.6667,Positive
3,Negative,Neutral,-0.1027,0.0,Positive
5,Neutral,Positive,0.0,0.5574,Positive
3,Neutral,Neutral,0.0,0.0,Neutral
4,Positive,Positive,0.6249,0.4336,Positive
3,Positive,Negative,0.7717,-0.296,Positive
1,Neutral,Negative,0.0,-0.296,Negative
5,Positive,Neutral,0.5859,0.0,Positive
3,Positive,Negative,0.93,-0.5267,Positive
4,Positive,Negative,0.9179,-0.3612,Positive
3,Positive,Positive,0.7501,0.4019,Positive
4,Positive,Negative,0.7845,-0.296,Positive
3,Positive,Neutral,0.6369,0.0,Positive
3,Positive,Negative,0.296,-0.6478,Negative
4,Positive,Positive,0.7717,0.6705,Positive
4,Positive,Negative,0.4404,-0.34,Positive
4,Positive,Negative,0.2263,-0.5106,Positive
4,Positive,Positive,0.34,0.0534,Positive
3,Positive,Negative,0.93,-0.4767,Positive
5,Positive,Positive,0.5994,0.2732,Positive
5,Positive,Negative,0.6249,-0.3818,Positive
3,Positive,Negative,0.7787,-0.3089,Positive
5,Neutral,Positive,0.0,0.1779,Positive
5,Positive,Positive,0.9423,0.9371,Positive
5,Positive,Negative,0.8316,-0.6597,Positive
5,Positive,Positive,0.9617,0.296,Positive
5,Positive,Positive,0.9652,0.1027,Positive
5,Positive,Neutral,0.4404,0.0,Positive
4,Positive,Negative,0.4404,-0.1027,Positive
5,Positive,Positive,0.93,0.2484,Positive
2,Negative,Negative,-0.5106,-0.5657,Negative
2,Positive,Negative,0.8402,-0.296,Positive
4,Positive,Negative,0.7906,-0.296,Positive
5,Positive,Neutral,0.7269,0.0,Positive
2,Negative,Negative,-0.1027,-0.6113,Negative
4,Positive,Negative,0.8625,-0.5106,Positive
5,Positive,Neutral,0.6249,0.0,Positive
5,Positive,Negative,0.4118,-0.1913,Negative
2,Positive,Negative,0.7184,-0.2819,Positive
5,Positive,Positive,0.3384,0.2263,Positive
4,Positive,Positive,0.8957,0.571,Positive
4,Positive,Positive,0.7841,0.3252,Positive
3,Negative,Positive,-0.296,0.7906,Positive
5,Positive,Positive,0.9382,0.8178,Positive
4,Positive,Neutral,0.7906,0.0,Positive
3,Positive,Negative,0.8625,-0.3842,Positive
4,Neutral,Positive,0.0,0.4404,Positive
3,Positive,Positive,0.936,0.5994,Positive
4,Positive,Negative,0.3818,-0.1531,Positive
4,Positive,Positive,0.8908,0.2023,Positive
1,Negative,Neutral,-0.4023,0.0,Negative
5,Positive,Positive,0.9163,0.5553,Positive
4,Positive,Neutral,0.9186,0.0,Positive
2,Positive,Negative,0.836,-0.7296,Negative
5,Positive,Positive,0.9849,0.4588,Positive
5,Neutral,Neutral,0.0,0.0,Neutral
2,Positive,Negative,0.624,-0.1779,Positive
3,Positive,Positive,0.5267,0.6908,Positive
5,Positive,Neutral,0.25,0.0,Positive
3,Positive,Negative,0.4215,-0.508,Positive
5,Positive,Positive,0.8861,0.5927,Positive
4,Positive,Positive,0.384,0.1779,Positive
5,Positive,Positive,0.7783,0.7092,Positive
4,Positive,Neutral,0.6705,0.0,Positive
5,Positive,Positive,0.6705,0.177,Positive
4,Positive,Negative,0.8055,-0.796,Positive
5,Positive,Negative,0.9737,-0.4005,Positive
3,Positive,Negative,0.8271,-0.296,Positive
2,Positive,Negative,0.128,-0.5106,Negative
3,Positive,Neutral,0.3818,0.0,Positive
5,Positive,Positive,0.7351,0.3818,Positive
4,Neutral,Negative,0.0,-0.5106,Positive
3,Positive,Neutral,0.4215,0.0,Positive
4,Positive,Positive,0.8402,0.4565,Positive
5,Positive,Positive,0.7964,0.4939,Positive
1,Negative,Negative,-0.2263,-0.8639,Negative
5,Positive,Positive,0.9413,0.5434,Positive
5,Positive,Negative,0.8519,-0.3713,Positive
4,Positive,Negative,0.4118,-0.5106,Negative
3,Positive,Neutral,0.8062,0.0,Positive
4,Neutral,Neutral,0.0,0.0,Neutral
5,Positive,Positive,0.6588,0.6239,Positive
5,Positive,Positive,0.8519,0.3818,Positive
4,Positive,Negative,0.802,-0.6711,Positive
2,Positive,Negative,0.7783,-0.6948,Positive
2,Positive,Negative,0.6908,-0.3412,Positive
1,Positive,Negative,0.4404,-0.8885,Negative
5,Positive,Neutral,0.5106,0.0,Positive
4,Neutral,Positive,0.0258,0.3103,Positive
5,Positive,Positive,0.4767,0.5106,Positive
4,Positive,Negative,0.3818,-0.3818,Neutral
5,Positive,Neutral,0.7184,0.0,Positive
5,Positive,Neutral,0.5859,0.0,Positive
4,Positive,Negative,0.7579,-0.34,Positive
4,Positive,Positive,0.9442,0.4391,Positive
5,Negative,Positive,-0.2732,0.8976,Positive
4,Positive,Positive,0.6249,0.4404,Positive
5,Positive,Positive,0.9926,0.8268,Positive
3,Neutral,Positive,0.0,0.3182,Positive
3,Positive,Negative,0.5719,-0.2543,Positive
4,Positive,Negative,0.8357,-0.2732,Positive
3,Positive,Negative,0.296,-0.4404,Positive
4,Positive,Positive,0.7906,0.34,Positive
4,Positive,Neutral,0.8481,0.0,Positive
4,Positive,Positive,0.9776,0.4585,Positive
4,Positive,Neutral,0.8126,0.0,Positive
2,Positive,Positive,0.7841,0.6249,Positive
4,Positive,Negative,0.4754,-0.3612,Positive
4,Positive,Neutral,0.7184,0.0,Positive
3,Positive,Negative,0.4939,-0.3612,Positive
4,Positive,Negative,0.5411,-0.3167,Positive
2,Positive,Negative,0.4404,-0.6597,Neutral
4,Positive,Negative,0.8481,-0.1689,Positive
4,Positive,Neutral,0.4404,0.0,Positive
4,Positive,Negative,0.4404,-0.5106,Positive
3,Positive,Negative,0.6124,-0.34,Positive
2,Positive,Negative,0.4404,-0.5897,Positive
4,Positive,Positive,0.5719,0.607,Positive
2,Positive,Negative,0.7351,-0.3182,Positive
3,Positive,Negative,0.9509,-0.7096,Positive
4,Positive,Negative,0.4404,-0.6249,Positive
5,Positive,Positive,0.3182,0.2084,Positive
5,Positive,Negative,0.7964,-0.296,Positive
3,Neutral,Neutral,0.0,0.0,Neutral
5,Positive,Negative,0.8225,-0.25,Positive
5,Neutral,Positive,0.0,0.6576,Positive
4,Positive,Neutral,0.7579,0.0,Positive
4,Positive,Negative,0.7003,-0.3612,Positive
5,Positive,Negative,0.6908,-0.1027,Positive
1,Positive,Negative,0.2263,-0.7906,Negative
4,Neutral,Positive,0.0,0.6369,Positive
3,Positive,Negative,0.7269,-0.4404,Positive
3,Positive,Neutral,0.7003,0.0,Positive
5,Positive,Negative,0.6908,-0.2975,Positive
4,Neutral,Neutral,0.0,0.0,Neutral
3,Positive,Neutral,0.7906,0.0,Positive
1,Positive,Positive,0.4215,0.7001,Positive
4,Positive,Negative,0.2235,-0.4588,Negative
3,Positive,Neutral,0.9509,0.0,Positive
3,Positive,Negative,0.9152,-0.0534,Positive
4,Positive,Positive,0.8689,0.4804,Positive
1,Neutral,Negative,0.0,-0.4767,Negative
3,Positive,Neutral,0.6705,0.0,Positive
2,Positive,Positive,0.8221,0.0772,Positive
4,Positive,Negative,0.9477,-0.1531,Positive
1,Neutral,Neutral,0.0,0.0,Neutral
5,Positive,Neutral,0.6249,0.0,Positive
5,Positive,Negative,0.4215,-0.5267,Negative
4,Positive,Positive,0.5106,0.4404,Positive
2,Positive,Positive,0.6249,0.4939,Positive
3,Positive,Negative,0.6764,-0.5423,Positive
3,Positive,Positive,0.8834,0.7402,Positive
4,Neutral,Positive,0.0,0.2624,Positive
5,Positive,Negative,0.8402,-0.5423,Positive
3,Positive,Negative,0.4404,-0.3412,Positive
5,Positive,Neutral,0.6705,0.0,Positive
4,Positive,Negative,0.8481,-0.5627,Positive
4,Positive,Neutral,0.4927,0.0,Positive
5,Positive,Positive,0.9136,0.3818,Positive
4,Positive,Neutral,0.2023,0.0,Positive
3,Positive,Positive,0.9312,0.8039,Positive
3,Positive,Negative,0.3612,-0.1725,Positive
3,Positive,Positive,0.4902,0.4791,Positive
4,Positive,Positive,0.6249,0.3182,Positive
4,Positive,Positive,0.4404,0.3818,Positive
4,Positive,Positive,0.6808,0.296,Positive
5,Positive,Positive,0.7474,0.7146,Positive
4,Neutral,Negative,0.0,-0.5719,Negative
4,Positive,Neutral,0.6486,0.0,Positive
4,Positive,Negative,0.8818,-0.6467,Positive
5,Positive,Positive,0.636,0.9209,Positive
4,Positive,Neutral,0.6249,0.0,Positive
3,Negative,Negative,-0.1695,-0.296,Negative
5,Positive,Negative,0.9287,-0.5423,Positive
3,Positive,Negative,0.3182,-0.1695,Positive
4,Positive,Neutral,0.5574,0.0,Positive
2,Neutral,Negative,0.0,-0.2263,Negative
4,Neutral,Negative,0.0,-0.2732,Negative
5,Positive,Negative,0.9011,-0.2287,Positive
4,Positive,Neutral,0.8885,-0.0036,Positive
3,Positive,Negative,0.4927,-0.1027,Positive
4,Positive,Negative,0.9738,-0.4949,Positive
1,Neutral,Positive,0.0,0.6808,Positive
3,Positive,Positive,0.6124,0.1027,Positive
5,Neutral,Positive,0.0,0.2023,Positive
5,Positive,Neutral,0.4404,0.0,Positive
5,Positive,Positive,0.9324,0.431,Positive
5,Positive,Neutral,0.7717,0.0,Positive
3,Positive,Neutral,0.6249,0.0,Positive
4,Positive,Neutral,0.8519,0.0,Positive
3,Neutral,Negative,0.0,-0.5798,Positive
4,Positive,Positive,0.8126,0.25,Positive
4,Positive,Neutral,0.6705,0.0,Positive
3,Positive,Neutral,0.8849,0.0,Positive
3,Positive,Positive,0.6956,0.1265,Positive
2,Negative,Negative,-0.3811,-0.9201,Negative
2,Positive,Negative,0.4215,-0.5267,Negative
4,Positive,Negative,0.926,-0.296,Positive
4,Positive,Negative,0.9201,-0.5106,Positive
3,Positive,Negative,0.4404,-0.296,Negative
5,Positive,Neutral,0.8555,0.0,Positive
4,Positive,Negative,0.8316,-0.902,Negative
2,Neutral,Neutral,0.0,0.0,Neutral
1,Positive,Negative,0.4158,-0.4767,Negative
3,Positive,Negative,0.9313,-0.5849,Positive
4,Positive,Negative,0.7003,-0.509,Positive
3,Positive,Negative,0.6808,-0.2732,Positive
5,Positive,Negative,0.7003,-0.6259,Positive
2,Positive,Negative,0.7003,-0.3011,Negative
1,Positive,Negative,0.4404,-0.7712,Negative
5,Positive,Positive,0.3597,0.2144,Positive
3,Positive,Negative,0.8271,-0.7783,Positive
4,Positive,Neutral,0.8789,0.0,Positive
1,Positive,Neutral,0.4939,0.0,Negative
4,Positive,Positive,0.4215,0.296,Positive
4,Neutral,Neutral,0.0,0.0,Positive
5,Positive,Positive,0.891,0.2263,Positive
3,Positive,Negative,0.4939,-0.6908,Negative
4,Neutral,Positive,0.0,0.7269,Positive
5,Neutral,Positive,0.0,0.3182,Positive
4,Positive,Negative,0.5423,-0.0772,Positive
2,Positive,Positive,0.9001,0.5892,Positive
4,Positive,Positive,0.9715,0.4902,Positive
4,Positive,Neutral,0.4939,0.0,Positive
2,Positive,Neutral,0.4588,0.0,Negative
4,Positive,Neutral,0.7845,0.0,Positive
2,Positive,Positive,0.4404,0.1511,Positive
5,Positive,Negative,0.636,-0.3612,Positive
3,Positive,Negative,0.6597,-0.3182,Positive
3,Positive,Negative,0.886,-0.8322,Positive
5,Positive,Negative,0.6249,-0.296,Positive
5,Positive,Positive,0.9217,0.8242,Positive
1,Positive,Negative,0.6705,-0.2938,Positive
3,Positive,Positive,0.9313,0.6808,Positive
1,Negative,Negative,-0.296,-0.4717,Negative
2,Positive,Negative,0.7003,-0.9414,Negative
4,Negative,Neutral,-0.34,0.0451,Negative
4,Positive,Positive,0.659,0.228,Positive
2,Positive,Negative,0.8221,-0.1571,Positive
3,Positive,Negative,0.8481,-0.4767,Positive
3,Positive,Negative,0.8795,-0.3089,Positive
4,Positive,Negative,0.6249,-0.5371,Positive
4,Positive,Negative,0.8979,-0.3612,Positive
3,Positive,Positive,0.6597,0.34,Positive
2,Positive,Positive,0.3818,0.3818,Positive
4,Positive,Negative,0.8957,-0.2732,Positive
4,Positive,Negative,0.6369,-0.2755,Positive
4,Positive,Positive,0.7717,0.1548,Positive
3,Positive,Negative,0.743,-0.3843,Positive
5,Positive,Positive,0.743,0.3612,Positive
4,Positive,Negative,0.296,-0.3182,Neutral
2,Positive,Negative,0.891,-0.7987,Positive
4,Positive,Negative,0.6124,-0.4585,Positive
3,Positive,Neutral,0.4404,-0.0258,Positive
4,Positive,Neutral,0.9001,0.0,Positive
5,Positive,Positive,0.7096,0.5859,Positive
3,Neutral,Negative,0.0,-0.7003,Negative
4,Positive,Negative,0.4767,-0.6113,Positive
5,Positive,Neutral,0.9529,0.0,Positive
3,Positive,Neutral,0.5095,0.0,Positive
4,Positive,Negative,0.7845,-0.3354,Positive
4,Positive,Neutral,0.8591,0.0083,Positive
3,Positive,Negative,0.4215,-0.1295,Positive
5,Positive,Positive,0.4939,0.4767,Positive
3,Positive,Negative,0.7717,-0.2755,Positive
2,Positive,Negative,0.4404,-0.6486,Negative
1,Positive,Neutral,0.5267,0.0,Positive
5,Positive,Neutral,0.8126,0.0,Positive
5,Positive,Neutral,0.765,0.0,Positive
5,Positive,Negative,0.7184,-0.5815,Positive
3,Positive,Neutral,0.296,0.0,Positive
1,Positive,Neutral,0.7184,0.0,Positive
4,Positive,Neutral,0.4404,0.0,Positive
1,Positive,Negative,0.5994,-0.7556,Negative
3,Positive,Negative,0.6249,-0.323,Positive
3,Positive,Positive,0.8439,0.3089,Positive
3,Positive,Negative,0.7717,-0.343,Positive
5,Positive,Neutral,0.4927,0.0,Positive
4,Positive,Negative,0.872,-0.4023,Positive
4,Positive,Positive,0.7003,0.4256,Positive
3,Positive,Negative,0.5719,-0.5106,Positive
5,Positive,Negative,0.9169,-0.2273,Positive
4,Positive,Neutral,0.3597,0.0,Positive
3,Positive,Positive,0.5106,0.1531,Positive
4,Neutral,Neutral,0.0,0.0,Neutral
4,Positive,Negative,0.8225,-0.3089,Positive
3,Positive,Negative,0.4404,-0.4215,Neutral
3,Positive,Positive,0.2263,0.8807,Positive
4,Positive,Negative,0.7688,-0.25,Positive
3,Negative,Positive,-0.1027,0.2023,Positive
1,Negative,Positive,-0.296,0.3431,Positive
2,Positive,Negative,0.6486,-0.2023,Positive
1,Negative,Positive,-0.296,0.3612,Negative
5,Positive,Negative,0.7003,-0.2263,Positive
4,Positive,Neutral,0.7351,0.0,Positive
3,Neutral,Neutral,0.0,0.0,Positive
5,Positive,Neutral,0.9888,0.0,Positive
4,Positive,Positive,0.8622,0.7932,Positive
3,Positive,Neutral,0.3818,0.0,Positive
4,Positive,Neutral,0.4404,0.0,Positive
5,Positive,Positive,0.9851,0.7833,Positive
4,Positive,Neutral,0.6808,0.0,Positive
3,Positive,Neutral,0.1531,0.0,Positive
4,Neutral,Negative,0.0,-0.5423,Negative
3,Positive,Positive,0.8519,0.5106,Positive
4,Positive,Negative,0.5574,-0.3612,Positive
5,Positive,Negative,0.4939,-0.2263,Positive
3,Positive,Positive,0.9947,0.9243,Positive
3,Positive,Negative,0.7845,-0.3412,Positive
4,Positive,Negative,0.4404,-0.1531,Positive
3,Neutral,Neutral,0.0,0.0,Neutral
5,Positive,Neutral,0.9725,0.0,Positive
2,Positive,Positive,0.2263,0.4019,Positive
1,Neutral,Positive,0.0,0.5859,Positive
2,Positive,Neutral,0.743,0.0,Positive
3,Positive,Neutral,0.3612,0.0,Positive
4,Positive,Positive,0.5719,0.1635,Positive
4,Positive,Positive,0.4404,0.1779,Positive
2,Negative,Negative,-0.7851,-0.4442,Negative
4,Positive,Negative,0.8625,-0.2553,Positive
4,Positive,Positive,0.8481,0.3182,Positive
4,Positive,Positive,0.8481,0.3612,Positive
5,Positive,Neutral,0.7783,0.0,Positive
5,Positive,Neutral,0.4215,0.0,Positive
3,Positive,Neutral,0.6486,0.0,Positive
4,Positive,Negative,0.6705,-0.3412,Positive
4,Positive,Neutral,0.6597,0.0,Positive
5,Positive,Neutral,0.4404,0.0,Positive
5,Positive,Neutral,0.6249,0.0,Positive
4,Positive,Negative,0.8519,-0.296,Positive
1,Positive,Positive,0.4019,0.9664,Positive
3,Positive,Negative,0.7351,-0.4019,Positive
4,Positive,Negative,0.7579,-0.296,Positive
3,Positive,Negative,0.8844,-0.1027,Positive
5,Positive,Positive,0.8316,0.6249,Positive
2,Positive,Negative,0.9456,-0.6883,Positive
5,Positive,Negative,0.9485,-0.296,Positive
5,Positive,Neutral,0.8807,0.0,Positive
5,Positive,Neutral,0.3818,0.0,Positive
3,Positive,Positive,0.9485,0.7269,Positive
3,Negative,Negative,-0.3412,-0.34,Negative
2,Positive,Negative,0.9081,-0.9471,Negative
5,Positive,Negative,0.6908,-0.3412,Positive
4,Positive,Neutral,0.5719,0.0,Positive
3,Positive,Negative,0.7717,-0.3658,Positive
4,Positive,Positive,0.34,0.3182,Positive
3,Positive,Positive,0.8225,0.6369,Positive
4,Positive,Positive,0.5574,0.4404,Positive
3,Positive,Neutral,0.4404,-0.0191,Positive
4,Positive,Negative,0.8074,-0.1761,Positive
4,Positive,Neutral,0.9643,0.0,Positive
5,Positive,Positive,0.6908,0.197,Positive
4,Positive,Neutral,0.875,0.0,Positive
5,Positive,Positive,0.93,0.4404,Positive
3,Negative,Negative,-0.1027,-0.5423,Negative
5,Positive,Negative,0.6369,-0.6537,Positive
1,Negative,Negative,-0.3252,-0.7717,Negative
5,Positive,Negative,0.6597,-0.296,Positive
3,Positive,Positive,0.3612,0.25,Positive
3,Positive,Negative,0.6249,-0.1531,Positive
3,Neutral,Positive,0.0,0.3818,Positive
3,Positive,Negative,0.8126,-0.2003,Positive
5,Positive,Negative,0.8885,-0.3182,Positive
3,Positive,Negative,0.4404,-0.6369,Negative
5,Positive,Neutral,0.6597,0.0,Positive
3,Positive,Negative,0.4767,-0.8181,Negative
2,Positive,Positive,0.2263,0.4019,Positive
5,Positive,Neutral,0.6249,0.0,Positive
5,Positive,Negative,0.4877,-0.5096,Positive
5,Positive,Negative,0.8625,-0.296,Positive
2,Positive,Negative,0.4767,-0.8748,Negative
5,Positive,Negative,0.8271,-0.296,Positive
5,Positive,Negative,0.6249,-0.5908,Positive
3,Positive,Negative,0.6124,-0.2263,Positive
4,Positive,Negative,0.7579,-0.7003,Positive
4,Positive,Negative,0.2878,-0.25,Positive
3,Positive,Negative,0.9022,-0.0665,Positive
5,Positive,Positive,0.9442,0.2023,Positive
3,Positive,Negative,0.3818,-0.1027,Positive
3,Positive,Negative,0.6808,-0.4215,Positive
4,Positive,Negative,0.6908,-0.1027,Positive
4,Neutral,Negative,0.0,-0.1027,Negative
3,Positive,Positive,0.4404,0.0557,Positive
3,Positive,Negative,0.4215,-0.5106,Negative
4,Negative,Negative,-0.3626,-0.52,Negative
3,Positive,Negative,0.7941,-0.1531,Positive
4,Positive,Positive,0.802,0.4215,Positive
3,Positive,Negative,0.4767,-0.296,Positive
5,Positive,Positive,0.8885,0.311,Positive
4,Negative,Positive,-0.1027,0.0772,Positive
2,Positive,Positive,0.8481,0.3919,Positive
5,Positive,Positive,0.9186,0.1531,Positive
3,Positive,Positive,0.4201,0.3818,Positive
4,Positive,Negative,0.7783,-0.3182,Positive
3,Positive,Neutral,0.7523,0.0,Positive
5,Positive,Positive,0.6369,0.5927,Positive
3,Positive,Positive,0.4927,0.5423,Positive
5,Positive,Positive,0.91,0.8519,Positive
4,Positive,Positive,0.6597,0.5267,Positive
3,Positive,Positive,0.8979,0.743,Positive
5,Positive,Negative,0.6486,-0.296,Positive
5,Positive,Negative,0.9271,-0.2003,Positive
5,Positive,Positive,0.9854,0.5367,Positive
4,Positive,Positive,0.7435,0.1779,Positive
3,Positive,Negative,0.6597,-0.5267,Positive
3,Positive,Positive,0.7717,0.1531,Positive
4,Positive,Neutral,0.4404,0.0,Positive
3,Positive,Negative,0.8769,-0.8509,Negative
5,Positive,Neutral,0.6808,0.0,Positive
3,Positive,Negative,0.4404,-0.128,Positive
3,Positive,Negative,0.7003,-0.4939,Positive
1,Positive,Negative,0.2235,-0.9643,Negative
3,Positive,Positive,0.6908,0.4404,Positive
4,Positive,Negative,0.6249,-0.3612,Positive
3,Positive,Negative,0.4201,-0.296,Positive
4,Positive,Negative,0.8777,-0.5229,Positive
4,Positive,Neutral,0.9001,0.0,Positive
5,Positive,Neutral,0.8173,0.0,Positive
3,Neutral,Positive,0.0,0.2732,Positive
3,Positive,Positive,0.8537,0.8074,Positive
1,Negative,Negative,-0.2263,-0.6361,Negative
4,Positive,Positive,0.5574,0.4404,Positive
4,Positive,Positive,0.8934,0.7899,Positive
1,Neutral,Negative,0.0,-0.808,Negative
4,Positive,Neutral,0.8625,0.0,Positive
2,Positive,Neutral,0.2023,0.0,Positive
3,Neutral,Neutral,0.0,0.0,Neutral
4,Neutral,Positive,0.0,0.2732,Positive
5,Positive,Negative,0.981,-0.2232,Positive
4,Negative,Negative,-0.0516,-0.5267,Negative
4,Positive,Negative,0.7845,-0.5267,Positive
4,Positive,Positive,0.9287,0.778,Positive
4,Positive,Positive,0.8481,0.4019,Positive
5,Positive,Negative,0.8176,-0.1119,Positive
4,Neutral,Positive,0.0,0.2732,Positive
2,Positive,Neutral,0.4404,0.0,Positive
3,Positive,Positive,0.6597,0.5415,Positive
3,Positive,Negative,0.8516,-0.6982,Positive
4,Positive,Neutral,0.4404,0.0,Positive
4,Positive,Neutral,0.9136,0.0,Positive
5,Positive,Neutral,0.7351,0.0258,Positive
5,Neutral,Neutral,0.0,0.0,Neutral
2,Positive,Negative,0.6249,-0.9403,Negative
3,Positive,Negative,0.6249,-0.2732,Positive
4,Positive,Negative,0.6808,-0.1027,Positive
5,Positive,Neutral,0.7964,0.0,Positive
4,Positive,Neutral,0.6705,0.0,Positive
3,Positive,Negative,0.7096,-0.5423,Positive
3,Positive,Positive,0.4404,0.4201,Neutral
4,Positive,Neutral,0.6249,0.0,Positive
4,Positive,Neutral,0.4404,0.0,Positive
4,Positive,Positive,0.8402,0.1134,Positive
4,Positive,Negative,0.3818,-0.4215,Positive
5,Positive,Neutral,0.6249,0.0,Positive
4,Positive,Positive,0.4404,0.4767,Positive
1,Positive,Negative,0.6956,-0.7101,Neutral
3,Positive,Negative,0.7351,-0.2944,Positive
5,Positive,Neutral,0.7964,0.0,Positive
5,Positive,Negative,0.5719,-0.296,Positive
1,Positive,Negative,0.6361,-0.7783,Negative
5,Positive,Neutral,0.7096,0.0,Positive
2,Neutral,Neutral,0.0,0.0,Negative
4,Positive,Negative,0.5106,-0.4201,Negative
5,Positive,Positive,0.7003,0.5706,Positive
3,Positive,Positive,0.5423,0.8314,Positive
5,Positive,Neutral,0.9186,0.0,Positive
5,Positive,Positive,0.9611,0.9847,Positive
4,Neutral,Neutral,0.0,0.0,Positive
2,Positive,Positive,0.9324,0.8718,Positive
3,Positive,Neutral,0.8316,0.0,Positive
4,Positive,Negative,0.6249,-0.3182,Positive
4,Positive,Negative,0.6908,-0.464,Positive
5,Positive,Negative,0.2732,-0.296,Neutral
2,Positive,Negative,0.807,-0.7184,Positive
5,Positive,Positive,0.9313,0.2037,Positive
3,Positive,Positive,0.7717,0.3653,Positive
2,Positive,Negative,0.8689,-0.4249,Positive
4,Positive,Negative,0.3773,-0.5095,Positive
5,Positive,Negative,0.4939,-0.228,Positive
3,Positive,Negative,0.7996,-0.8693,Negative
5,Positive,Negative,0.7003,-0.296,Positive
3,Positive,Negative,0.5563,-0.2924,Positive
4,Positive,Negative,0.7264,-0.5994,Positive
4,Positive,Neutral,0.3597,0.0,Positive
1,Positive,Negative,0.9578,-0.814,Positive
4,Positive,Positive,0.9493,0.4939,Positive
3,Positive,Neutral,0.3182,0.0,Positive
3,Positive,Positive,0.6249,0.3612,Positive
5,Positive,Negative,0.7845,-0.296,Positive
5,Neutral,Negative,0.0,-0.3818,Negative
3,Positive,Positive,0.2732,0.0772,Positive
2,Positive,Negative,0.6914,-0.2944,Positive
4,Positive,Positive,0.7269,0.4549,Positive
4,Neutral,Negative,0.0,-0.2741,Negative
4,Positive,Positive,0.9336,0.2617,Positive
3,Negative,Neutral,-0.1027,0.0,Positive
5,Positive,Positive,0.7269,0.4118,Positive
5,Positive,Negative,0.4939,-0.296,Positive
5,Positive,Neutral,0.8588,0.0,Positive
4,Positive,Positive,0.6705,0.0772,Positive
4,Positive,Neutral,0.3818,0.0,Positive
4,Positive,Negative,0.4215,-0.3612,Positive
4,Positive,Negative,0.1779,-0.3612,Negative
1,Positive,Negative,0.6249,-0.3167,Positive
4,Neutral,Neutral,0.0,0.0,Neutral
1,Neutral,Positive,0.0,0.6806,Positive
5,Neutral,Negative,0.0,-0.25,Negative
4,Positive,Positive,0.765,0.1027,Positive
3,Positive,Neutral,0.5719,0.0,Positive
3,Neutral,Neutral,0.0,0.0,Neutral
2,Positive,Negative,0.6142,-0.8896,Negative
5,Positive,Positive,0.9146,0.5927,Positive
3,Positive,Negative,0.4019,-0.3182,Positive
1,Positive,Positive,0.5859,0.323,Positive
3,Neutral,Positive,0.0,0.5489,Positive
5,Positive,Neutral,0.7579,0.0,Positive
5,Positive,Positive,0.7501,0.431,Positive
5,Positive,Positive,0.7096,0.2732,Positive
2,Positive,Positive,0.1695,0.6705,Positive
5,Positive,Neutral,0.9201,0.0,Positive
1,Positive,Negative,0.5106,-0.7927,Negative
4,Positive,Neutral,0.6486,-0.0454,Positive
3,Positive,Positive,0.7717,0.4215,Positive
5,Neutral,Positive,0.0,0.25,Positive
4,Positive,Positive,0.8316,0.4404,Positive
3,Positive,Positive,0.9468,0.2484,Positive
5,Positive,Positive,0.8807,0.2484,Positive
3,Positive,Positive,0.6859,0.5452,Positive
1,Neutral,Positive,0.0,0.6597,Positive
3,Positive,Positive,0.6705,0.3744,Positive
4,Positive,Negative,0.6249,-0.7906,Neutral
2,Positive,Negative,0.4404,-0.5288,Negative
5,Positive,Neutral,0.7783,0.0,Positive
2,Positive,Negative,0.5739,-0.2732,Positive
2,Positive,Negative,0.8687,-0.6808,Positive
4,Positive,Positive,0.3182,0.5423,Positive
4,Positive,Positive,0.9517,0.2732,Positive
4,Positive,Positive,0.9645,0.2247,Positive
5,Neutral,Negative,0.0,-0.1027,Positive
2,Positive,Positive,0.8591,0.3612,Positive
4,Positive,Positive,0.8176,0.4939,Positive
5,Positive,Negative,0.4404,-0.3412,Positive
3,Positive,Negative,0.5106,-0.3559,Positive
3,Positive,Negative,0.8555,-0.5719,Positive
5,Positive,Negative,0.9201,-0.2732,Positive
3,Positive,Positive,0.9552,0.7003,Positive
5,Positive,Negative,0.7783,-0.2732,Positive
2,Positive,Negative,0.8689,-0.6908,Positive
4,Positive,Negative,0.5423,-0.3182,Positive
5,Positive,Neutral,0.2732,0.0,Positive
4,Positive,Positive,0.9711,0.9038,Positive
4,Positive,Negative,0.8225,-0.0516,Positive
3,Positive,Positive,0.902,0.6904,Positive
5,Positive,Negative,0.835,-0.296,Positive
3,Positive,Negative,0.9756,-0.6114,Positive
5,Positive,Negative,0.8481,-0.1027,Positive
5,Positive,Negative,0.4939,-0.2235,Positive
4,Positive,Positive,0.7906,0.0788,Positive
3,Positive,Positive,0.6597,0.2449,Positive
5,Positive,Neutral,0.6249,0.0,Positive
3,Neutral,Positive,0.0,0.4939,Positive
4,Positive,Positive,0.8934,0.6597,Positive
3,Positive,Negative,0.2263,-0.6597,Negative
5,Positive,Neutral,0.4215,0.0,Positive
4,Positive,Negative,0.7717,-0.1027,Positive
4,Positive,Positive,0.3753,0.1027,Positive
4,Positive,Neutral,0.7845,0.0,Positive
4,Positive,Negative,0.3818,-0.6219,Neutral
5,Positive,Positive,0.8316,0.4767,Positive
4,Neutral,Neutral,0.0,0.0,Positive
3,Positive,Positive,0.9169,0.6369,Positive
4,Positive,Neutral,0.6369,0.0,Positive
3,Positive,Negative,0.6369,-0.296,Positive
4,Positive,Negative,0.9062,-0.7594,Positive
2,Positive,Negative,0.7717,-0.3875,Positive
4,Positive,Negative,0.6743,-0.4019,Positive
4,Positive,Neutral,0.4404,0.0,Positive
3,Positive,Neutral,0.1531,0.0,Positive
5,Positive,Negative,0.6249,-0.296,Positive
3,Positive,Positive,0.9014,0.7665,Positive
4,Positive,Negative,0.25,-0.5423,Negative
4,Positive,Negative,0.9671,-0.6998,Positive
3,Positive,Positive,0.7579,0.5106,Positive
5,Positive,Neutral,0.9001,0.0,Positive
5,Positive,Negative,0.9118,-0.296,Positive
3,Positive,Negative,0.6369,-0.2732,Positive
3,Positive,Positive,0.9231,0.09,Positive
5,Positive,Negative,0.9509,-0.2003,Positive
3,Positive,Negative,0.4019,-0.1531,Positive
4,Neutral,Negative,0.0,-0.2023,Positive
4,Positive,Positive,0.5267,0.5719,Positive
3,Neutral,Positive,0.0,0.7003,Positive
4,Positive,Positive,0.9186,0.3597,Positive
5,Positive,Positive,0.5267,0.3903,Positive
3,Positive,Negative,0.7906,-0.4201,Positive
4,Positive,Negative,0.4404,-0.25,Positive
5,Positive,Positive,0.3818,0.6486,Positive
4,Positive,Negative,0.6597,-0.4019,Positive
4,Positive,Neutral,0.4404,0.0,Positive
5,Positive,Neutral,0.9167,0.0,Positive
3,Positive,Neutral,0.3818,0.024,Positive
3,Positive,Positive,0.2263,0.34,Positive
5,Positive,Neutral,0.7506,0.0,Positive
4,Positive,Negative,0.9423,-0.3182,Positive
4,Positive,Positive,0.8519,0.09,Positive
3,Neutral,Negative,0.0,-0.5994,Negative
5,Positive,Positive,0.875,0.4927,Positive
2,Positive,Negative,0.4939,-0.8481,Negative
3,Positive,Neutral,0.7351,0.0,Positive
3,Neutral,Neutral,0.0,0.0,Positive
2,Negative,Positive,-0.2037,0.5411,Positive
2,Neutral,Neutral,0.0,0.0,Neutral
5,Positive,Positive,0.813,0.25,Positive
4,Positive,Negative,0.7096,-0.5096,Positive
5,Positive,Negative,0.9343,-0.5647,Positive
5,Positive,Positive,0.9819,0.9764,Positive
4,Positive,Positive,0.7655,0.8957,Positive
5,Positive,Negative,0.8658,-0.3553,Positive
5,Positive,Negative,0.4404,-0.2732,Positive
5,Positive,Neutral,0.959,0.0,Positive
4,Positive,Neutral,0.9081,0.0,Positive
1,Positive,Negative,0.5106,-0.5358,Neutral
5,Positive,Positive,0.7003,0.2755,Positive
5,Positive,Positive,0.8176,0.3353,Positive
4,Positive,Positive,0.7717,0.0772,Positive
4,Positive,Neutral,0.8934,0.0,Positive
4,Positive,Positive,0.4404,0.1531,Positive
3,Positive,Negative,0.3818,-0.4767,Negative
3,Positive,Neutral,0.25,0.0,Positive
3,Positive,Negative,0.7203,-0.3612,Positive
4,Positive,Positive,0.807,0.4585,Positive
3,Positive,Negative,0.9201,-0.5719,Positive
2,Positive,Positive,0.4215,0.296,Positive
3,Positive,Neutral,0.7003,0.0,Positive
5,Neutral,Neutral,0.0,0.0,Neutral
5,Positive,Neutral,0.8481,0.0,Positive
4,Positive,Neutral,0.5719,0.0,Positive
2,Positive,Positive,0.8316,0.8714,Positive
4,Positive,Negative,0.7003,-0.296,Positive
5,Positive,Neutral,0.9517,-0.0258,Positive
4,Positive,Positive,0.765,0.2484,Positive
5,Positive,Positive,0.7783,0.8081,Positive
4,Positive,Positive,0.984,0.9938,Positive
5,Positive,Negative,0.5699,-0.4201,Positive
1,Positive,Positive,0.6908,0.7003,Positive
4,Positive,Neutral,0.7574,0.0,Positive
4,Positive,Positive,0.8402,0.5677,Positive
5,Positive,Negative,0.6249,-0.4023,Positive
5,Positive,Positive,0.7269,0.3197,Positive
1,Positive,Negative,0.6369,-0.4939,Negative
4,Positive,Neutral,0.3818,-0.0258,Positive
4,Positive,Negative,0.8442,-0.2924,Positive
4,Positive,Positive,0.7096,0.2415,Positive
3,Positive,Negative,0.8957,-0.4767,Positive
4,Positive,Positive,0.5994,0.3612,Positive
4,Positive,Positive,0.8689,0.9213,Positive
5,Positive,Negative,0.9169,-0.5423,Positive
3,Positive,Neutral,0.7003,0.0,Positive
5,Positive,Positive,0.9845,0.296,Positive
4,Positive,Positive,0.4215,0.3612,Positive
2,Positive,Positive,0.2382,0.0534,Positive
4,Positive,Positive,0.8126,0.0572,Positive
5,Neutral,Negative,0.0,-0.296,Positive
3,Positive,Negative,0.9136,-0.3412,Positive
5,Positive,Positive,0.8074,0.5423,Positive
3,Positive,Neutral,0.802,-0.0498,Positive
1,Positive,Negative,0.4927,-0.5334,Positive
2,Positive,Positive,0.3612,0.4404,Positive
4,Positive,Neutral,0.8885,0.0,Positive
5,Positive,Negative,0.4404,-0.3182,Positive
3,Positive,Positive,0.9414,0.3857,Positive
5,Positive,Negative,0.6808,-0.1027,Positive
5,Positive,Neutral,0.4404,0.0,Positive
5,Positive,Neutral,0.9657,0.0,Positive
3,Positive,Negative,0.7506,-0.4767,Positive
3,Positive,Neutral,0.8957,0.0,Positive
2,Positive,Negative,0.7089,-0.6369,Positive
3,Positive,Negative,0.765,-0.2732,Positive
4,Positive,Negative,0.4927,-0.296,Positive
3,Positive,Negative,0.7003,-0.1139,Positive
5,Positive,Positive,0.9493,0.8298,Positive
5,Positive,Positive,0.7351,0.5777,Positive
1,Positive,Negative,0.7003,-0.3244,Positive
4,Positive,Positive,0.5859,0.3089,Positive
5,Positive,Positive,0.4122,0.1779,Positive
3,Positive,Negative,0.8481,-0.3875,Positive
2,Neutral,Positive,0.0,0.1206,Positive
2,Negative,Positive,-0.5096,0.3818,Negative
3,Positive,Neutral,0.6249,0.0,Positive
5,Positive,Neutral,0.3818,0.0,Positive
4,Positive,Negative,0.9776,-0.128,Positive
4,Positive,Positive,0.4404,0.1531,Positive
1,Positive,Positive,0.8223,0.6936,Positive
3,Positive,Neutral,0.2263,0.0,Positive
3,Positive,Negative,0.7269,-0.2012,Positive
2,Neutral,Negative,0.0,-0.5122,Negative
3,Positive,Negative,0.4215,-0.3182,Positive
4,Positive,Neutral,0.7184,0.0,Positive
4,Negative,Negative,-0.5583,-0.1027,Negative
4,Neutral,Negative,0.0,-0.0516,Negative
5,Positive,Neutral,0.7003,0.0,Positive
5,Positive,Positive,0.743,0.3818,Positive
1,Positive,Negative,0.4854,-0.5423,Negative
2,Positive,Negative,0.4576,-0.3612,Negative
1,Negative,Negative,-0.1027,-0.743,Negative
2,Positive,Negative,0.4404,-0.1027,Positive
5,Neutral,Negative,0.0,-0.3818,Positive
5,Positive,Negative,0.7783,-0.2075,Positive
4,Neutral,Neutral,0.0,0.0,Positive
1,Positive,Negative,0.6908,-0.4019,Positive
5,Positive,Positive,0.9042,0.34,Positive
4,Positive,Negative,0.3818,-0.3804,Neutral
3,Positive,Negative,0.7096,-0.296,Positive
3,Positive,Negative,0.7783,-0.4767,Positive
4,Positive,Negative,0.6249,-0.1913,Positive
5,Positive,Neutral,0.4404,0.0,Positive
3,Negative,Negative,-0.1027,-0.3818,Negative
3,Neutral,Negative,0.0,-0.2732,Positive
2,Positive,Negative,0.7184,-0.8484,Negative
1,Neutral,Positive,0.0,0.6154,Positive
5,Neutral,Negative,0.0,-0.3612,Positive
5,Positive,Positive,0.7178,0.5994,Positive
3,Positive,Positive,0.891,0.2718,Positive
3,Positive,Neutral,0.8316,0.0,Positive
2,Positive,Negative,0.7003,-0.4767,Positive
4,Positive,Neutral,0.3818,0.0,Positive
5,Neutral,Neutral,0.0,0.0,Neutral
5,Positive,Neutral,0.4939,0.0,Positive
3,Positive,Negative,0.4404,-0.3865,Neutral
5,Positive,Negative,0.7906,-0.1323,Positive
4,Positive,Neutral,0.6597,0.0,Positive
4,Positive,Neutral,0.2235,0.0,Positive
4,Positive,Negative,0.8481,-0.743,Positive
4,Positive,Neutral,0.9678,0.0,Positive
3,Positive,Positive,0.4404,0.1769,Positive
5,Positive,Negative,0.3818,-0.2411,Positive
5,Positive,Neutral,0.6597,0.0,Positive
4,Neutral,Negative,0.0,-0.3612,Positive
3,Positive,Neutral,0.9337,0.0,Positive
4,Positive,Positive,0.9442,0.7269,Positive
2,Positive,Negative,0.8555,-0.6486,Positive
5,Neutral,Neutral,0.0,0.0,Positive
3,Positive,Negative,0.6908,-0.128,Positive
1,Negative,Positive,-0.296,0.0534,Negative
5,Positive,Neutral,0.9601,0.0,Positive
3,Positive,Positive,0.7184,0.7814,Positive
4,Positive,Negative,0.7964,-0.3252,Positive
1,Positive,Negative,0.6566,-0.6696,Negative
1,Positive,Negative,0.3818,-0.743,Negative
3,Positive,Neutral,0.5106,0.0,Negative
2,Positive,Negative,0.9655,-0.9665,Negative
5,Positive,Positive,0.9558,0.1531,Positive
4,Positive,Positive,0.6124,0.7003,Positive
3,Positive,Negative,0.5106,-0.5423,Negative
4,Positive,Negative,0.4927,-0.2023,Positive
5,Positive,Negative,0.891,-0.1027,Positive
1,Positive,Neutral,0.4404,0.0,Positive
2,Positive,Negative,0.4404,-0.3069,Negative
4,Positive,Positive,0.9432,0.3182,Positive
5,Positive,Neutral,0.7717,0.0,Positive
3,Neutral,Negative,0.0,-0.6908,Negative
3,Positive,Negative,0.5859,-0.5423,Positive
5,Positive,Negative,0.6369,-0.296,Positive
3,Positive,Negative,0.9552,-0.7452,Positive
4,Positive,Positive,0.8225,0.631,Positive
4,Positive,Negative,0.6486,-0.2732,Positive
5,Positive,Positive,0.8957,0.0595,Positive
5,Positive,Negative,0.7096,-0.7096,Neutral
5,Positive,Negative,0.9531,-0.1027,Positive
4,Positive,Positive,0.9413,0.9019,Positive
3,Positive,Positive,0.4389,0.8268,Positive
5,Positive,Negative,0.6369,-0.5994,Positive
4,Positive,Negative,0.9287,-0.1263,Positive
4,Positive,Negative,0.8622,-0.128,Positive
3,Neutral,Negative,0.0,-0.7269,Negative
2,Negative,Negative,-0.1043,-0.6157,Negative
5,Positive,Neutral,0.807,-0.0164,Positive
3,Positive,Positive,0.4754,0.3612,Positive
4,Positive,Negative,0.875,-0.3839,Positive
3,Positive,Negative,0.9509,-0.6111,Positive
4,Positive,Positive,0.5267,0.0772,Positive
5,Positive,Positive,0.9493,0.7351,Positive
4,Positive,Positive,0.7269,0.431,Positive
3,Positive,Negative,0.8074,-0.8271,Negative
1,Positive,Positive,0.886,0.1027,Positive
2,Positive,Positive,0.4404,0.1531,Positive
1,Positive,Positive,0.7269,0.4939,Positive
5,Positive,Negative,0.891,-0.0516,Positive
5,Positive,Positive,0.9524,0.5574,Positive
4,Positive,Neutral,0.743,0.0,Positive
3,Positive,Negative,0.7007,-0.4363,Positive
3,Positive,Positive,0.3182,0.1722,Positive
1,Negative,Positive,-0.1531,0.8577,Positive
5,Positive,Neutral,0.9118,0.0,Positive
4,Positive,Positive,0.836,0.4588,Positive
1,Negative,Negative,-0.5583,-0.296,Negative
4,Positive,Neutral,0.8074,0.0,Positive
1,Positive,Negative,0.4215,-0.3818,Positive
5,Positive,Negative,0.3818,-0.4215,Negative
5,Neutral,Negative,0.0,-0.3412,Negative
2,Positive,Negative,0.9325,-0.8673,Positive
2,Negative,Negative,-0.6306,-0.4767,Negative
1,Positive,Positive,0.4404,0.4749,Positive
4,Positive,Negative,0.6908,-0.25,Positive
3,Positive,Positive,0.8779,0.802,Positive
4,Positive,Negative,0.9246,-0.5106,Positive
4,Neutral,Positive,0.0,0.4215,Positive
3,Neutral,Negative,0.0,-0.681,Negative
3,Positive,Positive,0.872,0.1926,Positive
5,Positive,Positive,0.7506,0.3182,Positive
5,Positive,Negative,0.8689,-0.431,Positive
4,Positive,Neutral,0.7717,0.0,Positive
3,Positive,Neutral,0.7717,0.0,Positive
5,Positive,Positive,0.9062,0.296,Positive
4,Positive,Neutral,0.4404,0.0,Negative
1,Positive,Positive,0.8347,0.087,Positive
4,Positive,Negative,0.8126,-0.4576,Positive
5,Positive,Positive,0.942,0.3612,Positive
3,Positive,Neutral,0.6997,0.0,Positive
2,Positive,Negative,0.6486,-0.4767,Positive
3,Positive,Neutral,0.4939,0.0235,Positive
3,Positive,Positive,0.7906,0.2466,Positive
4,Positive,Positive,0.8402,0.6705,Positive
4,Positive,Negative,0.7003,-0.7178,Neutral
2,Positive,Positive,0.9153,0.2023,Positive
3,Positive,Negative,0.9657,-0.8625,Positive
4,Positive,Positive,0.9694,0.1027,Positive
3,Positive,Negative,0.8126,-0.6249,Positive
2,Positive,Negative,0.4404,-0.8151,Negative
4,Positive,Negative,0.7906,-0.6249,Positive
3,Positive,Neutral,0.1779,0.0,Positive
5,Positive,Positive,0.9201,0.7165,Positive
2,Positive,Negative,0.7269,-0.5572,Negative
4,Neutral,Neutral,0.0,0.0,Neutral
5,Positive,Negative,0.6249,-0.3612,Positive
5,Positive,Neutral,0.3818,0.0,Positive
5,Positive,Negative,0.3818,-0.3612,Positive
1,Positive,Negative,0.4404,-0.8658,Negative
5,Positive,Neutral,0.9118,0.0,Positive
2,Positive,Positive,0.953,0.6708,Positive
1,Positive,Neutral,0.7269,0.0482,Positive
4,Positive,Neutral,0.4404,0.0,Positive
4,Positive,Positive,0.9153,0.4588,Positive
3,Positive,Negative,0.3818,-0.2023,Positive
3,Positive,Negative,0.2235,-0.7184,Negative
5,Positive,Negative,0.8689,-0.296,Positive
4,Positive,Positive,0.4404,0.4404,Positive
4,Positive,Negative,0.8625,-0.25,Positive
1,Positive,Negative,0.296,-0.2732,Positive
4,Positive,Neutral,0.3612,0.0,Positive
5,Positive,Positive,0.9393,0.2023,Positive
5,Positive,Negative,0.964,-0.8885,Positive
3,Positive,Negative,0.4215,-0.3612,Positive
2,Positive,Negative,0.3788,-0.5267,Negative
5,Positive,Negative,0.872,-0.4927,Positive
4,Positive,Negative,0.4404,-0.3612,Positive
3,Neutral,Negative,0.0,-0.3182,Negative
1,Positive,Negative,0.8176,-0.926,Negative
2,Positive,Positive,0.8176,0.8402,Positive
5,Positive,Positive,0.7506,0.2617,Positive
5,Neutral,Negative,0.0,-0.1027,Positive
4,Negative,Neutral,-0.1027,0.0,Negative
4,Positive,Neutral,0.9081,0.0,Positive
4,Positive,Positive,0.9429,0.7906,Positive
1,Neutral,Negative,0.0,-0.829,Negative
4,Positive,Negative,0.3818,-0.2057,Positive
5,Positive,Positive,0.9892,0.3182,Positive
4,Positive,Neutral,0.4404,0.0,Positive
4,Positive,Positive,0.8934,0.0772,Positive
4,Positive,Neutral,0.8126,0.0,Positive
1,Positive,Negative,0.7003,-0.296,Positive
3,Positive,Positive,0.2235,0.3818,Positive
4,Positive,Positive,0.9504,0.4059,Positive
4,Neutral,Negative,0.0,-0.128,Positive
5,Positive,Negative,0.9217,-0.2924,Positive
1,Positive,Neutral,0.2263,0.0,Positive
3,Positive,Neutral,0.7579,0.0,Positive
2,Positive,Negative,0.8979,-0.9111,Negative
4,Positive,Negative,0.8519,-0.7184,Positive
5,Positive,Neutral,0.9022,0.0,Positive
3,Positive,Neutral,0.5719,0.0,Positive
2,Positive,Negative,0.4404,-0.4939,Negative
2,Positive,Positive,0.8828,0.8024,Positive
5,Positive,Positive,0.7239,0.5267,Positive
1,Negative,Negative,-0.1779,-0.4364,Positive
3,Positive,Negative,0.836,-0.5106,Positive
4,Positive,Neutral,0.6478,0.0,Positive
2,Positive,Negative,0.4404,-0.5423,Negative
4,Positive,Positive,0.7579,0.2605,Positive
1,Positive,Negative,0.765,-0.3453,Neutral
5,Positive,Negative,0.5106,-0.4019,Positive
5,Positive,Neutral,0.7579,0.0,Positive
1,Neutral,Negative,0.0,-0.7195,Negative
5,Positive,Neutral,0.7906,0.0,Positive
3,Positive,Neutral,0.4404,0.0,Positive
5,Negative,Neutral,-0.0803,0.0,Positive
3,Positive,Positive,0.8439,0.9534,Positive
5,Positive,Positive,0.9273,0.3089,Positive
5,Neutral,Neutral,0.0,0.0,Positive
3,Neutral,Negative,0.0,-0.3404,Negative
4,Positive,Positive,0.8648,0.0516,Positive
3,Positive,Positive,0.4404,0.1779,Positive
4,Positive,Neutral,0.9623,0.0,Positive
5,Positive,Neutral,0.4404,0.0,Positive
5,Positive,Negative,0.765,-0.6859,Positive
3,Positive,Negative,0.8316,-0.7845,Negative
2,Positive,Positive,0.8934,0.7421,Positive
4,Positive,Negative,0.5994,-0.3818,Positive
2,Positive,Negative,0.3724,-0.3612,Negative
4,Positive,Neutral,0.9606,-0.0195,Positive
2,Positive,Negative,0.4404,-0.7696,Negative
3,Positive,Negative,0.743,-0.1779,Positive
5,Positive,Negative,0.923,-0.2584,Positive
5,Positive,Positive,0.8271,0.4767,Positive
3,Positive,Negative,0.4939,-0.1869,Positive
1,Positive,Negative,0.7184,-0.4356,Positive
2,Positive,Negative,0.9313,-0.0516,Positive
4,Positive,Neutral,0.539,0.0,Positive
3,Positive,Positive,0.7574,0.3818,Positive
3,Neutral,Negative,0.0,-0.4939,Negative
4,Positive,Neutral,0.4576,0.0,Positive
5,Positive,Positive,0.8519,0.2732,Positive
4,Positive,Neutral,0.7506,0.0202,Positive
4,Positive,Negative,0.7269,-0.3412,Positive
3,Positive,Positive,0.4404,0.6249,Positive
2,Negative,Neutral,-0.3412,0.0,Negative
3,Positive,Negative,0.5994,-0.4784,Positive
5,Positive,Positive,0.9337,0.6542,Positive
5,Neutral,Negative,0.0,-0.2263,Positive
4,Positive,Positive,0.5267,0.5423,Positive
1,Positive,Positive,0.8779,0.9217,Positive
3,Positive,Positive,0.8957,0.3065,Positive
5,Positive,Positive,0.8555,0.0772,Positive
5,Positive,Neutral,0.8442,0.0,Positive
5,Positive,Neutral,0.9324,0.0,Positive
4,Positive,Negative,0.4404,-0.296,Positive
2,Positive,Negative,0.8074,-0.1027,Positive
2,Positive,Negative,0.6249,-0.5242,Neutral
3,Positive,Negative,0.8271,-0.6249,Positive
5,Positive,Negative,0.943,-0.7508,Positive
4,Neutral,Neutral,0.0,0.0,Neutral
5,Positive,Negative,0.8957,-0.296,Positive
5,Positive,Positive,0.9548,0.4215,Positive
2,Positive,Negative,0.3818,-0.2516,Positive
5,Neutral,Neutral,0.0,0.0,Positive
4,Positive,Neutral,0.4404,0.0,Positive
4,Positive,Positive,0.8718,0.3948,Positive
4,Positive,Negative,0.2263,-0.3182,Negative
4,Positive,Positive,0.8977,0.7396,Positive
2,Positive,Neutral,0.8834,0.0,Positive
4,Positive,Negative,0.4404,-0.5423,Negative
5,Positive,Neutral,0.7783,0.0,Positive
4,Positive,Negative,0.4404,-0.1531,Positive
3,Positive,Negative,0.34,-0.4967,Negative
3,Positive,Positive,0.7003,0.3818,Positive
4,Positive,Neutral,0.4939,0.0,Positive
2,Positive,Neutral,0.6249,0.0,Positive
4,Positive,Negative,0.5719,-0.4215,Positive
5,Positive,Positive,0.9442,0.5413,Positive
4,Positive,Neutral,0.6249,0.0,Positive
4,Positive,Negative,0.4576,-0.3412,Positive
5,Positive,Positive,0.8779,0.5106,Positive
4,Positive,Positive,0.4404,0.3818,Positive
5,Positive,Negative,0.8625,-0.8016,Positive
1,Neutral,Negative,0.0,-0.4215,Negative
5,Neutral,Neutral,0.0,0.0,Positive
4,Positive,Negative,0.4404,-0.8591,Negative
4,Positive,Positive,0.9337,0.1779,Positive
3,Positive,Negative,0.4404,-0.3612,Positive
2,Neutral,Negative,0.0,-0.7184,Negative
5,Positive,Negative,0.7783,-0.3412,Positive
5,Negative,Neutral,-0.296,0.0,Negative
4,Positive,Neutral,0.8625,0.0,Positive
5,Positive,Negative,0.9118,-0.3612,Positive
4,Positive,Negative,0.4754,-0.5472,Negative
3,Positive,Neutral,0.5423,0.0,Positive
5,Positive,Negative,0.7964,-0.5242,Positive
3,Positive,Neutral,0.296,0.0,Positive
4,Positive,Neutral,0.7269,0.0,Positive
3,Positive,Negative,0.8591,-0.3612,Positive
5,Positive,Neutral,0.9741,0.0,Positive
2,Positive,Negative,0.2263,-0.296,Negative
5,Positive,Negative,0.8503,-0.1027,Positive
4,Neutral,Neutral,0.0,0.0,Neutral
2,Positive,Negative,0.3818,-0.5472,Negative
5,Positive,Neutral,0.926,0.0,Positive
3,Positive,Positive,0.296,0.3182,Positive
4,Positive,Negative,0.3818,-0.0864,Positive
3,Positive,Positive,0.6705,0.1531,Positive
1,Positive,Positive,0.5106,0.8326,Positive
5,Positive,Neutral,0.3182,0.0,Positive
2,Negative,Positive,-0.3252,0.0951,Negative
3,Positive,Negative,0.6249,-0.2263,Positive
4,Positive,Negative,0.9349,-0.296,Positive
5,Positive,Negative,0.8126,-0.5106,Positive
2,Positive,Positive,0.9062,0.1027,Positive
2,Positive,Negative,0.7269,-0.296,Positive
5,Positive,Negative,0.7717,-0.1406,Positive
4,Positive,Neutral,0.6369,0.0,Positive
3,Positive,Negative,0.836,-0.2023,Positive
4,Positive,Negative,0.8225,-0.7713,Positive
4,Positive,Negative,0.6249,-0.296,Positive
4,Positive,Negative,0.9819,-0.5994,Positive
5,Neutral,Neutral,0.0,0.0,Positive
4,Positive,Positive,0.8885,0.0772,Positive
5,Positive,Positive,0.6249,0.765,Positive
4,Positive,Negative,0.4404,-0.2732,Positive
5,Positive,Neutral,0.9274,0.0,Positive
3,Positive,Negative,0.6486,-0.3182,Positive
3,Positive,Neutral,0.4404,0.0,Negative
3,Positive,Positive,0.9812,0.7727,Positive
5,Positive,Negative,0.9287,-0.2732,Positive
4,Positive,Negative,0.4404,-0.1764,Positive
4,Positive,Neutral,0.4404,0.0,Positive
1,Positive,Neutral,0.6705,0.0,Positive
5,Neutral,Positive,0.0,0.4767,Positive
4,Positive,Neutral,0.8252,0.0,Positive
2,Positive,Positive,0.7906,0.8428,Positive
4,Positive,Positive,0.8126,0.8588,Positive
5,Positive,Negative,0.6115,-0.4201,Positive
4,Positive,Negative,0.9565,-0.296,Positive
1,Positive,Negative,0.8383,-0.3935,Positive
2,Positive,Neutral,0.4404,0.0,Positive
3,Positive,Neutral,0.6908,0.0,Positive
1,Positive,Negative,0.5106,-0.9341,Negative
4,Positive,Negative,0.4939,-0.4215,Positive
4,Positive,Neutral,0.6369,0.0,Positive
5,Positive,Negative,0.6249,-0.2263,Positive
5,Positive,Positive,0.8576,0.7783,Positive
5,Positive,Negative,0.3818,-0.3597,Negative
2,Positive,Positive,0.6369,0.6084,Positive
3,Positive,Negative,0.765,-0.6362,Positive
3,Positive,Negative,0.5423,-0.296,Positive
5,Positive,Neutral,0.6908,0.0,Positive
5,Positive,Neutral,0.7893,0.0,Positive
4,Positive,Negative,0.8542,-0.6901,Positive
5,Positive,Negative,0.8658,-0.2732,Positive
5,Positive,Neutral,0.8316,0.0,Positive
4,Positive,Negative,0.6486,-0.296,Positive
5,Positive,Positive,0.9903,0.7506,Positive
5,Positive,Negative,0.8658,-0.296,Positive
3,Negative,Negative,-0.438,-0.4215,Negative
2,Positive,Positive,0.6249,0.7501,Positive
3,Positive,Negative,0.7814,-0.3818,Positive
5,Positive,Negative,0.7096,-0.6124,Positive
3,Positive,Negative,0.3612,-0.5275,Negative
5,Positive,Neutral,0.9816,0.0,Positive
4,Positive,Negative,0.8271,-0.3612,Positive
3,Positive,Negative,0.8611,-0.5423,Positive
3,Positive,Positive,0.9808,0.9778,Positive
4,Positive,Neutral,0.8074,0.0,Positive
2,Positive,Negative,0.7579,-0.5423,Positive
5,Positive,Negative,0.8481,-0.1513,Positive
5,Positive,Negative,0.9061,-0.4585,Positive
2,Positive,Negative,0.9061,-0.8491,Positive
4,Positive,Negative,0.802,-0.4471,Positive
5,Positive,Positive,0.6369,0.4404,Positive
3,Positive,Neutral,0.9231,0.0,Positive
5,Neutral,Neutral,0.0,0.0,Positive
4,Positive,Negative,0.7906,-0.5994,Positive
3,Positive,Positive,0.4576,0.4215,Positive
4,Positive,Negative,0.7003,-0.6249,Positive
4,Positive,Negative,0.4404,-0.802,Negative
5,Neutral,Positive,0.0,0.3818,Positive
2,Positive,Negative,0.765,-0.7359,Neutral
4,Positive,Negative,0.8622,-0.4588,Positive
3,Positive,Positive,0.9186,0.144,Positive
2,Neutral,Negative,0.0,-0.743,Negative
4,Positive,Positive,0.9382,0.0788,Positive
5,Positive,Neutral,0.7717,0.0,Positive
4,Positive,Positive,0.34,0.1002,Positive
4,Positive,Neutral,0.6369,0.0,Positive
4,Positive,Negative,0.9136,-0.3401,Positive
3,Positive,Negative,0.7863,-0.6478,Positive
5,Positive,Negative,0.1531,-0.1779,Positive
4,Positive,Negative,0.6705,-0.3691,Positive
1,Neutral,Positive,0.0,0.431,Positive
5,Positive,Neutral,0.4215,0.0,Positive
4,Positive,Negative,0.4215,-0.5096,Positive
3,Positive,Negative,0.2263,-0.2023,Neutral
5,Positive,Neutral,0.7906,0.0,Positive
5,Positive,Neutral,0.936,0.0,Positive
3,Positive,Negative,0.8625,-0.396,Positive
3,Positive,Positive,0.9081,0.5563,Positive
5,Positive,Positive,0.6249,0.431,Positive
3,Positive,Neutral,0.6908,0.0,Positive
5,Positive,Neutral,0.7506,0.0,Positive
5,Positive,Positive,0.9707,0.5082,Positive
5,Positive,Positive,0.8221,0.2203,Positive
2,Positive,Neutral,0.9759,0.0498,Positive
4,Positive,Neutral,0.5859,0.0,Positive
5,Positive,Negative,0.9628,-0.296,Positive
5,Positive,Positive,0.9136,0.4767,Positive
4,Positive,Neutral,0.25,0.0,Positive
3,Positive,Negative,0.5423,-0.296,Positive
4,Positive,Positive,0.913,0.1796,Positive
3,Positive,Positive,0.836,0.1779,Positive
2,Positive,Negative,0.9432,-0.8996,Positive
5,Positive,Neutral,0.3818,0.0,Positive
1,Positive,Negative,0.5994,-0.6808,Positive
4,Positive,Negative,0.891,-0.6249,Positive
5,Positive,Positive,0.6124,0.3818,Positive
2,Positive,Negative,0.6249,-0.296,Positive
5,Positive,Negative,0.802,-0.5657,Positive
2,Positive,Neutral,0.7003,0.0,Positive
3,Positive,Positive,0.7783,0.298,Positive
3,Neutral,Negative,0.0,-0.3412,Positive
4,Positive,Neutral,0.8481,0.0,Positive
3,Positive,Neutral,0.4404,0.0,Positive
4,Positive,Neutral,0.6597,0.0,Positive
2,Neutral,Negative,0.0,-0.4222,Negative
4,Positive,Positive,0.7579,0.296,Positive
1,Positive,Negative,0.4404,-0.9754,Negative
3,Positive,Neutral,0.6705,0.0,Positive
3,Positive,Negative,0.796,-0.2658,Positive
4,Positive,Negative,0.4404,-0.743,Negative
3,Positive,Negative,0.7906,-0.3182,Positive
5,Positive,Positive,0.4404,0.25,Positive
3,Positive,Negative,0.4215,-0.2732,Positive
3,Positive,Positive,0.5859,0.4019,Positive
4,Positive,Positive,0.734,0.2197,Positive
1,Positive,Negative,0.8402,-0.4728,Positive
5,Positive,Neutral,0.4927,0.0,Positive
5,Positive,Negative,0.5267,-0.4019,Positive
5,Positive,Neutral,0.7615,0.0,Positive
3,Positive,Positive,0.7964,0.1027,Positive
4,Positive,Negative,0.6249,-0.5423,Positive
3,Positive,Positive,0.4404,0.5719,Positive
4,Positive,Positive,0.9776,0.6081,Positive
4,Positive,Neutral,0.4404,0.0,Positive
4,Positive,Positive,0.6124,0.4703,Positive
3,Positive,Negative,0.5267,-0.7964,Negative
5,Positive,Positive,0.7384,0.7783,Positive
5,Positive,Positive,0.8268,0.5267,Positive
4,Positive,Negative,0.4404,-0.296,Positive
4,Positive,Negative,0.5994,-0.4767,Positive
5,Positive,Negative,0.9652,-0.2492,Positive
3,Positive,Negative,0.6249,-0.296,Positive
4,Positive,Negative,0.802,-0.4767,Positive
5,Positive,Positive,0.749,0.6124,Positive
5,Neutral,Negative,0.0,-0.1027,Positive
3,Neutral,Negative,0.0,-0.5423,Negative
4,Positive,Positive,0.9122,0.6978,Positive
4,Positive,Positive,0.9479,0.296,Positive
3,Positive,Negative,0.4404,-0.4767,Positive
4,Positive,Negative,0.7264,-0.5588,Positive
3,Positive,Negative,0.7503,-0.5367,Positive
3,Positive,Positive,0.5859,0.34,Positive
1,Neutral,Negative,0.0258,-0.7748,Negative
4,Positive,Positive,0.743,0.9046,Positive
3,Positive,Negative,0.6369,-0.8074,Negative
2,Positive,Negative,0.7351,-0.4215,Positive
5,Positive,Negative,0.6249,-0.4717,Positive
4,Positive,Negative,0.8885,-0.3875,Positive
3,Negative,Negative,-0.4449,-0.4767,Negative
5,Positive,Neutral,0.4019,0.0,Positive
4,Positive,Positive,0.6705,0.3182,Positive
5,Positive,Neutral,0.9231,0.0,Positive
4,Positive,Neutral,0.6908,0.0,Positive
5,Positive,Positive,0.9287,0.4391,Positive
2,Positive,Negative,0.7845,-0.6697,Neutral
5,Positive,Neutral,0.4404,0.0,Positive
4,Positive,Negative,0.7645,-0.4767,Positive
4,Positive,Positive,0.5106,0.1779,Positive
5,Positive,Negative,0.7506,-0.25,Positive
5,Positive,Positive,0.4215,0.34,Positive
3,Positive,Positive,0.2006,0.9203,Positive
4,Positive,Positive,0.9313,0.6597,Positive
4,Positive,Neutral,0.8934,0.0,Positive
5,Positive,Neutral,0.8687,0.0,Positive
4,Neutral,Positive,0.0,0.218,Positive
4,Positive,Negative,0.9648,-0.128,Positive
3,Neutral,Negative,0.0,-0.3818,Negative
3,Positive,Neutral,0.7218,0.0052,Positive
3,Positive,Negative,0.4201,-0.4168,Neutral
3,Neutral,Neutral,0.0,0.0285,Positive
3,Neutral,Positive,0.0,0.5719,Positive
3,Positive,Negative,0.8271,-0.5106,Positive
5,Positive,Neutral,0.8801,0.0,Positive
3,Positive,Negative,0.4404,-0.4588,Positive
5,Positive,Positive,0.8402,0.552,Positive
4,Positive,Negative,0.6249,-0.3182,Positive
4,Positive,Neutral,0.8885,0.0,Positive
5,Positive,Negative,0.6597,-0.2247,Positive
4,Positive,Positive,0.6249,0.1531,Positive
4,Positive,Positive,0.5505,0.8377,Positive
2,Positive,Negative,0.6249,-0.2716,Positive
5,Positive,Negative,0.7902,-0.5423,Positive
4,Positive,Neutral,0.5719,0.0,Positive
3,Positive,Positive,0.8834,0.6908,Positive
2,Positive,Positive,0.4118,0.7063,Positive
2,Positive,Negative,0.4404,-0.5423,Negative
4,Positive,Negative,0.7906,-0.431,Positive
2,Positive,Positive,0.4404,0.3826,Positive
4,Positive,Neutral,0.7906,0.0,Positive
4,Neutral,Neutral,0.0,0.0,Neutral
2,Positive,Positive,0.7351,0.3198,Positive
3,Positive,Positive,0.34,0.2263,Positive
4,Positive,Positive,0.8126,0.2782,Positive
4,Positive,Negative,0.8196,-0.1027,Positive
3,Positive,Negative,0.6908,-0.4588,Positive
3,Positive,Negative,0.8885,-0.6295,Positive
1,Positive,Positive,0.4404,0.0631,Positive
4,Positive,Negative,0.886,-0.4767,Positive
5,Neutral,Positive,0.0,0.7506,Positive
5,Positive,Positive,0.4404,0.6249,Positive
5,Positive,Positive,0.8885,0.4585,Positive
4,Positive,Positive,0.9442,0.6705,Positive
4,Positive,Neutral,0.6705,0.0,Positive
5,Positive,Neutral,0.5859,0.0,Positive
5,Positive,Neutral,0.8805,0.0,Positive
5,Positive,Neutral,0.9246,0.0,Positive
3,Positive,Neutral,0.2732,0.0,Positive
5,Neutral,Neutral,0.0,0.0,Negative
3,Positive,Negative,0.6249,-0.2924,Positive
4,Positive,Negative,0.6249,-0.2263,Positive
3,Positive,Positive,0.983,0.9273,Positive
3,Positive,Negative,0.6249,-0.1027,Positive
5,Positive,Neutral,0.4927,0.0,Positive
2,Positive,Positive,0.5106,0.2668,Positive
4,Positive,Positive,0.9612,0.296,Positive
3,Positive,Negative,0.9623,-0.7745,Positive
4,Positive,Positive,0.4404,0.2748,Positive
5,Positive,Negative,0.3612,-0.296,Positive
1,Positive,Negative,0.4215,-0.7096,Negative
4,Positive,Neutral,0.4215,0.0,Positive
2,Positive,Neutral,0.9501,0.0436,Positive
4,Positive,Neutral,0.886,0.0,Positive
5,Positive,Positive,0.9538,0.8748,Positive
4,Positive,Positive,0.7906,0.1952,Positive
5,Positive,Neutral,0.8399,0.0,Positive
5,Positive,Negative,0.9601,-0.2263,Positive
5,Positive,Positive,0.6369,0.6597,Positive
2,Positive,Negative,0.7269,-0.5267,Positive
1,Positive,Positive,0.5562,0.6412,Positive
5,Positive,Negative,0.9886,-0.296,Positive
5,Positive,Neutral,0.6249,0.0,Positive
4,Positive,Negative,0.4404,-0.3252,Positive
4,Positive,Positive,0.6486,0.765,Positive
3,Positive,Positive,0.4404,0.3818,Positive
3,Neutral,Positive,0.0,0.7669,Positive
5,Positive,Positive,0.7184,0.8126,Positive
1,Positive,Positive,0.5842,0.6752,Positive
4,Positive,Negative,0.7506,-0.5719,Positive
4,Positive,Positive,0.7003,0.4215,Positive
4,Positive,Negative,0.6369,-0.3182,Positive
3,Positive,Neutral,0.4939,0.0,Negative
3,Positive,Negative,0.6705,-0.0772,Negative
5,Positive,Positive,0.9569,0.3291,Positive
5,Neutral,Positive,0.0,0.7148,Positive
4,Positive,Negative,0.8402,-0.1027,Positive
5,Positive,Neutral,0.6249,0.0,Positive
4,Positive,Neutral,0.6249,0.0,Positive
4,Positive,Positive,0.4404,0.3182,Positive
3,Positive,Positive,0.4404,0.3818,Positive
5,Positive,Neutral,0.765,0.0,Positive
5,Positive,Negative,0.7096,-0.6369,Positive
3,Positive,Negative,0.8074,-0.7351,Negative
4,Positive,Positive,0.6901,0.0772,Positive
3,Neutral,Negative,0.0,-0.1695,Negative
1,Positive,Neutral,0.5423,0.0,Neutral
5,Positive,Negative,0.8251,-0.296,Positive
2,Positive,Negative,0.4404,-0.2263,Positive
5,Positive,Positive,0.926,0.3818,Positive
5,Positive,Neutral,0.875,0.0,Positive
4,Positive,Neutral,0.6249,0.0,Positive
4,Positive,Negative,0.8225,-0.1145,Positive
3,Positive,Negative,0.5859,-0.3612,Positive
5,Positive,Positive,0.6588,0.6249,Positive
3,Positive,Negative,0.6249,-0.0951,Positive
5,Positive,Negative,0.3818,-0.2516,Positive
2,Positive,Neutral,0.4215,0.0,Positive
5,Positive,Neutral,0.807,0.0056,Positive
3,Positive,Negative,0.1779,-0.3182,Positive
4,Positive,Positive,0.9246,0.3887,Positive
3,Neutral,Neutral,0.0,0.0,Neutral
4,Positive,Negative,0.7351,-0.7716,Positive
2,Positive,Negative,0.5859,-0.4404,Negative
4,Positive,Negative,0.8519,-0.3612,Positive
4,Positive,Negative,0.8442,-0.088,Positive
4,Positive,Positive,0.8797,0.4678,Positive
4,Neutral,Negative,0.0,-0.5216,Negative
4,Positive,Positive,0.7964,0.1531,Positive
4,Positive,Neutral,0.5106,0.0,Positive
5,Positive,Neutral,0.6249,0.0,Positive
5,Positive,Positive,0.6124,0.1513,Positive
3,Positive,Negative,0.9022,-0.8834,Positive
2,Positive,Neutral,0.7003,0.0,Positive
5,Positive,Negative,0.7003,-0.5216,Positive
2,Positive,Positive,0.6908,0.7269,Positive
3,Positive,Negative,0.886,-0.4449,Positive
3,Positive,Negative,0.9382,-0.7739,Positive
4,Positive,Neutral,0.4939,0.0,Positive
5,Positive,Negative,0.9413,-0.6808,Positive
3,Positive,Negative,0.5106,-0.1027,Positive
3,Positive,Negative,0.9019,-0.2263,Positive
3,Positive,Neutral,0.9432,0.0,Positive
3,Positive,Positive,0.7269,0.0772,Positive
3,Positive,Negative,0.6369,-0.3291,Positive
3,Positive,Negative,0.9701,-0.7786,Positive
5,Positive,Neutral,0.8832,0.0,Positive
3,Positive,Negative,0.5106,-0.6705,Positive
3,Positive,Neutral,0.3818,0.0,Positive
5,Neutral,Neutral,0.0,0.0,Positive
2,Positive,Negative,0.8834,-0.3089,Positive
4,Positive,Positive,0.9081,0.0772,Positive
5,Positive,Negative,0.9565,-0.6997,Positive
5,Positive,Negative,0.875,-0.296,Positive
4,Positive,Positive,0.6249,0.4404,Positive
3,Positive,Neutral,0.7003,-0.0498,Positive
2,Negative,Negative,-0.4449,-0.5423,Negative
2,Positive,Neutral,0.4215,0.0,Positive
4,Positive,Neutral,0.9152,0.0,Positive
3,Positive,Positive,0.9833,0.9644,Positive
4,Positive,Negative,0.2263,-0.296,Negative
2,Positive,Negative,0.7845,-0.6597,Positive
5,Positive,Negative,0.9459,-0.4201,Positive
1,Neutral,Positive,0.0,0.6369,Negative
4,Positive,Neutral,0.5106,0.0,Positive
4,Positive,Negative,0.2263,-0.4019,Neutral
3,Positive,Positive,0.836,0.1027,Positive
3,Positive,Neutral,0.6249,0.0094,Positive
5,Positive,Neutral,0.3182,0.0,Positive
4,Positive,Negative,0.7906,-0.5423,Positive
5,Negative,Neutral,-0.2732,0.0,Positive
4,Positive,Positive,0.9217,0.1442,Positive
1,Positive,Neutral,0.2263,0.0,Positive
4,Positive,Positive,0.3818,0.743,Positive
4,Positive,Negative,0.8481,-0.6486,Positive
1,Positive,Negative,0.9001,-0.7723,Positive
4,Positive,Negative,0.5267,-0.2263,Positive
3,Positive,Neutral,0.7783,0.0,Positive
5,Positive,Positive,0.4404,0.4404,Positive
2,Neutral,Negative,0.0,-0.666,Negative
5,Positive,Positive,0.743,0.3182,Positive
2,Neutral,Neutral,0.0,0.0,Neutral
4,Positive,Negative,0.7269,-0.4019,Positive
5,Positive,Neutral,0.886,0.0,Positive
1,Positive,Negative,0.8225,-0.3513,Positive
4,Positive,Negative,0.8402,-0.296,Positive
5,Positive,Negative,0.5849,-0.296,Positive
4,Neutral,Neutral,0.0,0.0,Positive
4,Positive,Neutral,0.6249,0.0,Positive
5,Positive,Positive,0.2263,0.5095,Positive
3,Positive,Positive,0.552,0.128,Positive
3,Positive,Negative,0.6249,-0.3865,Positive
3,Positive,Neutral,0.4404,0.0,Positive
5,Positive,Neutral,0.4404,0.0,Positive
4,Positive,Neutral,0.624,0.0,Positive
5,Positive,Negative,0.6588,-0.3612,Positive
1,Positive,Positive,0.8176,0.5423,Positive
1,Positive,Negative,0.6908,-0.296,Positive
4,Positive,Positive,0.8519,0.128,Positive
3,Positive,Negative,0.872,-0.3804,Positive
3,Positive,Negative,0.6369,-0.2732,Positive
5,Positive,Neutral,0.6486,0.0,Positive
5,Positive,Positive,0.7783,0.3384,Positive
4,Positive,Positive,0.9674,0.3612,Positive
5,Positive,Neutral,0.7184,0.0,Positive
1,Positive,Positive,0.25,0.5974,Positive
3,Positive,Positive,0.836,0.5719,Positive
1,Neutral,Negative,0.0,-0.296,Negative
3,Positive,Negative,0.9517,-0.6697,Positive
5,Positive,Negative,0.9432,-0.2732,Positive
5,Positive,Negative,0.9294,-0.0635,Positive
5,Positive,Positive,0.8126,0.5994,Positive
5,Positive,Neutral,0.7783,0.0,Positive
1,Positive,Positive,0.4404,0.1531,Positive
4,Positive,Neutral,0.8225,0.0,Positive
1,Positive,Negative,0.2263,-0.9729,Negative
5,Positive,Positive,0.7906,0.2755,Positive
4,Positive,Negative,0.9825,-0.6705,Positive
5,Positive,Positive,0.8518,0.2449,Positive
4,Positive,Negative,0.5719,-0.5216,Positive
5,Neutral,Negative,0.0,-0.3182,Negative
4,Positive,Negative,0.8807,-0.128,Positive
4,Positive,Negative,0.8442,-0.6486,Positive
4,Positive,Neutral,0.4927,0.0,Positive
3,Positive,Negative,0.7579,-0.7639,Neutral
2,Negative,Negative,-0.296,-0.7184,Negative
4,Positive,Negative,0.967,-0.2716,Positive
5,Positive,Negative,0.7717,-0.5096,Positive
4,Positive,Neutral,0.4404,0.0,Positive
4,Positive,Positive,0.9229,0.7351,Positive
2,Positive,Negative,0.8834,-0.4102,Positive
3,Positive,Negative,0.8779,-0.8442,Positive
5,Positive,Negative,0.9403,-0.3612,Positive
5,Positive,Neutral,0.7506,0.0,Positive
5,Positive,Neutral,0.4404,0.0,Positive
3,Positive,Neutral,0.4939,0.0,Positive
4,Positive,Negative,0.9753,-0.4767,Positive
4,Positive,Positive,0.7962,0.4019,Positive
4,Positive,Negative,0.6249,-0.3182,Positive
2,Neutral,Positive,0.0,0.2732,Positive
2,Positive,Negative,0.659,-0.296,Positive
5,Positive,Positive,0.4404,0.6908,Positive
4,Positive,Positive,0.5719,0.3384,Positive
4,Neutral,Positive,0.0,0.0762,Positive
2,Positive,Neutral,0.6759,0.0,Positive
5,Positive,Negative,0.836,-0.296,Positive
2,Positive,Negative,0.8686,-0.7351,Positive
4,Positive,Positive,0.8555,0.7906,Positive
5,Positive,Negative,0.5267,-0.3182,Positive
4,Positive,Negative,0.3291,-0.0586,Positive
1,Positive,Negative,0.5106,-0.7783,Negative
5,Positive,Negative,0.2732,-0.25,Neutral
4,Positive,Neutral,0.6369,-0.0258,Positive
2,Positive,Positive,0.3818,0.765,Positive
3,Positive,Negative,0.6808,-0.8176,Negative
4,Positive,Positive,0.7096,0.25,Positive
4,Positive,Negative,0.668,-0.5216,Positive
4,Positive,Positive,0.9058,0.5023,Positive
4,Positive,Negative,0.8126,-0.2263,Positive
3,Positive,Positive,0.4404,0.5563,Positive
4,Positive,Negative,0.8701,-0.2946,Positive
5,Positive,Negative,0.8519,-0.7964,Positive
5,Positive,Negative,0.3612,-0.3875,Positive
5,Positive,Positive,0.6249,0.5106,Positive
4,Positive,Negative,0.8803,-0.2755,Positive
4,Positive,Negative,0.4215,-0.4767,Positive
1,Positive,Negative,0.7216,-0.9321,Negative
5,Positive,Negative,0.7579,-0.5255,Positive
5,Positive,Positive,0.765,0.34,Positive
4,Positive,Negative,0.8555,-0.3612,Positive
5,Positive,Positive,0.6369,0.3818,Positive
3,Neutral,Negative,0.0,-0.3412,Negative
4,Positive,Negative,0.7174,-0.1139,Positive
5,Positive,Neutral,0.7783,0.0,Positive
5,Positive,Positive,0.8957,0.8338,Positive
4,Positive,Positive,0.3818,0.7258,Positive
4,Positive,Negative,0.6908,-0.128,Positive
4,Positive,Negative,0.8807,-0.2263,Positive
3,Positive,Neutral,0.4939,0.0,Positive
5,Positive,Neutral,0.902,0.0214,Positive
4,Positive,Positive,0.9403,0.1027,Positive
4,Positive,Positive,0.4019,0.3818,Positive
3,Neutral,Neutral,0.0,0.0,Positive
5,Positive,Positive,0.4404,0.296,Positive
3,Positive,Negative,0.6249,-0.0772,Positive
3,Positive,Negative,0.8481,-0.5472,Positive
3,Positive,Negative,0.9442,-0.8284,Positive
3,Positive,Negative,0.8126,-0.34,Positive
5,Positive,Neutral,0.6249,0.0,Positive
3,Positive,Positive,0.91,0.6369,Positive
5,Positive,Positive,0.3089,0.4939,Positive
5,Positive,Positive,0.8622,0.6284,Positive
4,Positive,Negative,0.872,-0.2924,Positive
2,Positive,Negative,0.6096,-0.7776,Negative
4,Neutral,Neutral,0.0,0.0,Positive
5,Positive,Negative,0.2755,-0.4023,Positive
2,Positive,Negative,0.9062,-0.4646,Positive
2,Positive,Positive,0.8799,0.7652,Positive
4,Positive,Positive,0.855,0.8686,Positive
4,Positive,Positive,0.7269,0.34,Positive
4,Positive,Neutral,0.4019,0.0,Positive
4,Positive,Neutral,0.5719,0.0,Positive
1,Positive,Negative,0.5423,-0.717,Negative
1,Negative,Negative,-0.2846,-0.3412,Negative
3,Positive,Negative,0.3612,-0.7906,Negative
1,Neutral,Negative,0.0,-0.4019,Neutral
2,Positive,Negative,0.6478,-0.5563,Positive
4,Positive,Neutral,0.9136,-0.0098,Positive
4,Positive,Negative,0.926,-0.7296,Positive
5,Positive,Positive,0.4767,0.3089,Positive
5,Positive,Neutral,0.4927,0.0,Positive
3,Positive,Negative,0.8316,-0.6452,Positive
2,Positive,Positive,0.6997,0.4222,Positive
2,Neutral,Neutral,0.0,0.0,Neutral
3,Positive,Negative,0.4404,-0.5423,Positive
4,Positive,Neutral,0.9517,0.0,Positive
5,Positive,Positive,0.8122,0.1027,Positive
5,Positive,Positive,0.7096,0.296,Positive
4,Neutral,Negative,0.0,-0.3182,Positive
4,Positive,Neutral,0.4404,0.0,Positive
4,Positive,Positive,0.8074,0.7713,Positive
4,Positive,Neutral,0.7964,0.0,Positive
5,Positive,Negative,0.9169,-0.4019,Positive
4,Positive,Positive,0.6249,0.85,Positive
5,Positive,Positive,0.4927,0.4404,Positive
5,Positive,Positive,0.9358,0.6249,Positive
4,Positive,Negative,0.9349,-0.4522,Positive
4,Positive,Negative,0.8225,-0.296,Positive
4,Positive,Negative,0.7172,-0.128,Positive
3,Positive,Negative,0.7717,-0.4939,Positive
5,Positive,Neutral,0.7506,-0.007,Positive
4,Positive,Positive,0.2247,0.2023,Positive
4,Positive,Neutral,0.8957,0.0,Positive
5,Positive,Neutral,0.7269,0.0,Positive
5,Positive,Positive,0.802,0.4404,Positive
1,Positive,Negative,0.2263,-0.5255,Negative
3,Positive,Neutral,0.4215,0.0,Positive
5,Positive,Positive,0.6249,0.4404,Positive
2,Positive,Positive,0.4019,0.4191,Positive
5,Positive,Neutral,0.9115,0.0,Positive
4,Positive,Neutral,0.5859,0.0,Positive
4,Positive,Positive,0.6908,0.3217,Positive
4,Positive,Negative,0.6369,-0.6608,Positive
3,Positive,Negative,0.7906,-0.4588,Positive
3,Positive,Negative,0.34,-0.296,Positive
3,Positive,Negative,0.8176,-0.5129,Positive
4,Positive,Negative,0.7245,-0.296,Positive
5,Positive,Negative,0.4927,-0.296,Positive
5,Positive,Negative,0.6249,-0.296,Positive
4,Positive,Neutral,0.5106,0.0,Positive
5,Positive,Negative,0.9652,-0.6801,Positive
4,Positive,Positive,0.7264,0.3182,Positive
1,Neutral,Negative,0.0,-0.7003,Negative
1,Positive,Negative,0.8316,-0.9439,Negative
2,Positive,Positive,0.7003,0.7591,Positive
1,Positive,Negative,0.8225,-0.5312,Positive
3,Positive,Positive,0.4404,0.3892,Positive
4,Positive,Neutral,0.8126,0.0,Positive
5,Positive,Neutral,0.6369,0.0,Positive
5,Positive,Positive,0.4092,0.4318,Positive
5,Positive,Positive,0.3818,0.6077,Positive
4,Positive,Neutral,0.4404,0.0,Positive
4,Positive,Neutral,0.4754,0.0,Positive
4,Positive,Positive,0.7264,0.3182,Positive
5,Positive,Neutral,0.1531,0.0,Positive
2,Positive,Negative,0.4404,-0.4767,Positive
2,Positive,Negative,0.9287,-0.6066,Positive
4,Positive,Neutral,0.7717,0.0,Positive
5,Positive,Positive,0.6249,0.296,Positive
5,Positive,Negative,0.6249,-0.3612,Positive
4,Positive,Negative,0.6369,-0.1406,Positive
4,Positive,Neutral,0.2263,0.0,Positive
5,Positive,Neutral,0.8885,0.0076,Positive
3,Neutral,Negative,0.0,-0.3182,Negative
3,Positive,Negative,0.7579,-0.5423,Positive
4,Positive,Negative,0.6124,-0.0644,Positive
5,Positive,Positive,0.9861,0.9594,Positive
3,Positive,Neutral,0.4404,0.0,Positive
5,Positive,Neutral,0.9169,0.0,Positive
4,Positive,Positive,0.7717,0.5106,Positive
5,Neutral,Negative,0.0,-0.3412,Negative
4,Positive,Negative,0.5423,-0.6372,Positive
5,Positive,Positive,0.9393,0.4404,Positive
5,Positive,Neutral,0.9169,0.0,Positive
4,Positive,Negative,0.8357,-0.3182,Positive
4,Positive,Neutral,0.3415,0.0,Positive
4,Positive,Positive,0.7269,0.8481,Positive
5,Positive,Positive,0.8957,0.1779,Positive
4,Positive,Negative,0.6124,-0.25,Positive
3,Positive,Positive,0.8271,0.5106,Positive
4,Neutral,Negative,0.0,-0.1027,Positive
5,Positive,Negative,0.9545,-0.1027,Positive
4,Positive,Negative,0.891,-0.296,Positive
4,Neutral,Positive,0.0,0.2975,Positive
4,Positive,Positive,0.4404,0.7574,Positive
4,Positive,Positive,0.4767,0.2193,Positive
1,Positive,Negative,0.5859,-0.5106,Positive
3,Neutral,Negative,0.0,-0.1027,Negative
3,Positive,Positive,0.7351,0.5033,Positive
4,Positive,Negative,0.9153,-0.9601,Negative
5,Positive,Neutral,0.8957,0.0,Positive
4,Neutral,Positive,0.0,0.2023,Positive
3,Positive,Neutral,0.5719,0.0,Positive
5,Neutral,Neutral,0.0,0.0,Positive
4,Positive,Neutral,0.4927,0.0,Positive
3,Positive,Neutral,0.9313,0.0,Positive
3,Positive,Positive,0.3964,0.7524,Positive
3,Positive,Neutral,0.7351,0.0,Positive
4,Positive,Neutral,0.7906,0.0,Positive
4,Neutral,Neutral,0.0,0.0,Neutral
3,Positive,Negative,0.7003,-0.8844,Negative
5,Positive,Positive,0.9711,0.4199,Positive
3,Positive,Positive,0.3818,0.5118,Positive
3,Positive,Negative,0.7906,-0.3875,Positive
3,Positive,Negative,0.983,-0.1125,Positive
5,Positive,Neutral,0.8316,0.0,Positive
1,Positive,Negative,0.9392,-0.5994,Positive
3,Positive,Negative,0.8442,-0.634,Positive
3,Positive,Negative,0.8225,-0.4767,Positive
4,Positive,Negative,0.8834,-0.3535,Positive
5,Positive,Neutral,0.4404,0.0,Positive
5,Positive,Positive,0.5106,0.5106,Positive
4,Positive,Negative,0.765,-0.3612,Positive
3,Positive,Negative,0.4404,-0.296,Negative
2,Positive,Positive,0.8481,0.5994,Positive
3,Positive,Negative,0.9719,-0.1531,Positive
3,Neutral,Negative,0.0,-0.34,Positive
3,Positive,Positive,0.4404,0.0772,Positive
3,Positive,Positive,0.9001,0.7579,Positive
5,Positive,Neutral,0.6369,0.0,Positive
5,Positive,Positive,0.7351,0.0534,Positive
4,Positive,Negative,0.4404,-0.2273,Positive
4,Positive,Positive,0.8885,0.83,Positive
5,Positive,Neutral,0.9169,0.0,Positive
4,Positive,Negative,0.5423,-0.3412,Positive
3,Positive,Positive,0.6245,0.4897,Positive
3,Positive,Neutral,0.6249,0.0,Positive
3,Positive,Negative,0.8689,-0.3612,Positive
3,Positive,Negative,0.7003,-0.3089,Positive
4,Positive,Neutral,0.6249,0.0,Positive
4,Positive,Negative,0.7717,-0.1027,Positive
4,Positive,Negative,0.9169,-0.6486,Positive
5,Neutral,Neutral,0.0,0.0,Neutral
5,Positive,Positive,0.5859,0.6705,Positive
5,Positive,Negative,0.7269,-0.3612,Positive
3,Positive,Negative,0.7501,-0.6858,Negative
3,Positive,Positive,0.4922,0.639,Positive
4,Positive,Negative,0.4215,-0.2732,Positive
5,Positive,Negative,0.4576,-0.2815,Positive
4,Positive,Neutral,0.4404,0.0,Positive
5,Positive,Positive,0.9382,0.7876,Positive
5,Positive,Neutral,0.4404,0.0,Positive
5,Positive,Negative,0.8126,-0.5096,Positive
3,Positive,Neutral,0.4215,0.0,Positive
5,Positive,Positive,0.8402,0.4585,Positive
4,Positive,Positive,0.9403,0.5719,Positive
2,Positive,Neutral,0.2382,0.0,Negative
2,Neutral,Neutral,0.0,0.0,Neutral
4,Positive,Negative,0.6908,-0.3182,Positive
3,Neutral,Positive,0.0258,0.4404,Positive
3,Neutral,Neutral,0.0,0.0258,Neutral
1,Positive,Negative,0.7579,-0.296,Positive
2,Positive,Positive,0.6249,0.7579,Positive
3,Positive,Neutral,0.5859,0.0,Positive
4,Positive,Neutral,0.3612,0.0,Positive
3,Positive,Negative,0.4404,-0.0772,Positive
4,Positive,Positive,0.7717,0.7003,Positive
5,Positive,Neutral,0.8316,0.0,Positive
4,Positive,Positive,0.8834,0.34,Positive
4,Positive,Positive,0.8555,0.7184,Positive
5,Positive,Neutral,0.6696,0.0,Positive
1,Positive,Negative,0.743,-0.2732,Positive
4,Positive,Neutral,0.7351,0.0,Positive
4,Positive,Negative,0.9628,-0.7351,Positive
5,Positive,Negative,0.8225,-0.296,Positive
5,Positive,Negative,0.9545,-0.5096,Positive
4,Positive,Negative,0.8271,-0.4215,Positive
5,Positive,Negative,0.6908,-0.3612,Positive
1,Negative,Negative,-0.6486,-0.3861,Negative
4,Positive,Positive,0.6705,0.1779,Positive
1,Positive,Negative,0.5574,-0.1012,Positive
4,Neutral,Positive,0.0,0.3182,Positive
3,Positive,Negative,0.8271,-0.5719,Positive
3,Neutral,Neutral,0.0,0.0,Positive
3,Neutral,Neutral,0.0,0.0,Neutral
1,Positive,Negative,0.6908,-0.5709,Negative
5,Positive,Positive,0.9705,0.5994,Positive
5,Positive,Neutral,0.8271,0.0,Positive
3,Neutral,Negative,0.0,-0.4588,Negative
4,Positive,Negative,0.7893,-0.5563,Positive
4,Positive,Positive,0.743,0.4569,Positive
2,Positive,Negative,0.7506,-0.3818,Positive
4,Positive,Positive,0.9697,0.4576,Positive
4,Positive,Positive,0.6249,0.5927,Positive
5,Positive,Neutral,0.4215,0.0,Positive
4,Positive,Neutral,0.7783,0.0,Positive
3,Positive,Positive,0.9218,0.7579,Positive
3,Positive,Negative,0.9529,-0.8818,Positive
1,Negative,Neutral,-0.1027,0.0,Negative
3,Positive,Neutral,0.4939,0.0,Positive
5,Positive,Negative,0.8885,-0.5106,Positive
3,Positive,Positive,0.3818,0.2732,Positive
2,Positive,Positive,0.4404,0.0772,Positive
4,Positive,Positive,0.8074,0.1779,Positive
4,Positive,Negative,0.4404,-0.128,Positive
1,Positive,Neutral,0.7713,0.0,Positive
4,Positive,Neutral,0.3612,0.0,Positive
3,Positive,Negative,0.9615,-0.765,Positive
2,Neutral,Negative,0.0,-0.6929,Negative
3,Positive,Negative,0.4404,-0.5423,Negative
4,Positive,Positive,0.9348,0.8999,Positive
5,Positive,Negative,0.3804,-0.1695,Positive
4,Positive,Positive,0.836,0.4767,Positive
4,Positive,Positive,0.8979,0.2023,Positive
1,Positive,Negative,0.5106,-0.9878,Negative
3,Positive,Positive,0.8625,0.3818,Positive
2,Positive,Neutral,0.4404,0.0,Positive
4,Positive,Negative,0.9118,-0.4939,Positive
3,Positive,Negative,0.5719,-0.4767,Positive
5,Positive,Negative,0.6369,-0.296,Positive
5,Positive,Negative,0.4404,-0.4588,Positive
3,Positive,Positive,0.9287,0.5423,Positive
1,Positive,Negative,0.872,-0.9523,Negative
5,Positive,Positive,0.8519,0.4404,Positive
4,Positive,Negative,0.9639,-0.2306,Positive
5,Positive,Negative,0.7506,-0.5719,Positive
1,Negative,Positive,-0.4918,0.0772,Negative
5,Neutral,Positive,0.0,0.4404,Positive
5,Positive,Negative,0.4404,-0.1027,Positive
5,Positive,Neutral,0.9231,0.0,Positive
5,Positive,Negative,0.4404,-0.3182,Positive
3,Positive,Negative,0.87,-0.8689,Neutral
3,Positive,Negative,0.6808,-0.4767,Positive
2,Positive,Negative,0.7096,-0.5106,Positive
4,Positive,Neutral,0.4404,0.0,Positive
3,Positive,Neutral,0.8553,0.0,Positive
2,Positive,Positive,0.5927,0.8876,Positive
5,Positive,Positive,0.4215,0.431,Positive
3,Positive,Negative,0.5423,-0.2047,Positive
3,Positive,Neutral,0.296,0.0,Positive
5,Positive,Negative,0.8834,-0.5423,Positive
4,Positive,Negative,0.6249,-0.3182,Positive
4,Positive,Negative,0.8104,-0.25,Positive
4,Positive,Positive,0.4404,0.3892,Positive
4,Positive,Negative,0.9062,-0.7873,Positive
5,Positive,Positive,0.926,0.5374,Positive
3,Positive,Negative,0.918,-0.4767,Positive
3,Positive,Negative,0.6908,-0.3182,Positive
3,Positive,Negative,0.7564,-0.4242,Positive
4,Positive,Negative,0.4404,-0.4939,Positive
4,Positive,Neutral,0.5106,0.0,Positive
4,Positive,Positive,0.25,0.1513,Positive
4,Positive,Neutral,0.7713,0.0,Positive
2,Negative,Negative,-0.1027,-0.2263,Negative
4,Positive,Neutral,0.6705,0.0,Positive
3,Neutral,Neutral,0.0,0.0,Negative
2,Positive,Neutral,0.4019,0.0,Positive
5,Positive,Negative,0.7906,-0.296,Positive
2,Positive,Positive,0.7269,0.5754,Positive
2,Positive,Positive,0.8225,0.9846,Positive
3,Positive,Negative,0.4404,-0.296,Positive
4,Positive,Negative,0.8707,-0.4019,Positive
1,Positive,Positive,0.5106,0.1154,Positive
5,Neutral,Positive,0.0,0.5719,Positive
4,Positive,Negative,0.9169,-0.296,Positive
4,Positive,Neutral,0.8885,0.0,Positive
4,Positive,Negative,0.4404,-0.3182,Negative
3,Positive,Positive,0.3818,0.0772,Positive
5,Positive,Negative,0.6369,-0.2263,Positive
3,Positive,Negative,0.7003,-0.296,Positive
5,Positive,Neutral,0.3818,0.0,Positive
4,Positive,Negative,0.6705,-0.6124,Positive
4,Positive,Neutral,0.6705,0.0,Positive
1,Positive,Neutral,0.9022,-0.0132,Positive
4,Positive,Positive,0.875,0.6842,Positive
4,Neutral,Neutral,0.0,0.0,Positive
5,Positive,Positive,0.7003,0.1877,Positive
3,Neutral,Negative,0.0,-0.296,Negative
2,Neutral,Neutral,0.0,0.0,Neutral
2,Positive,Negative,0.872,-0.627,Positive
3,Positive,Negative,0.3612,-0.7569,Negative
5,Positive,Neutral,0.9719,0.0,Positive
3,Positive,Negative,0.7269,-0.3182,Positive
5,Positive,Positive,0.9394,0.2023,Positive
4,Positive,Negative,0.9551,-0.2263,Positive
3,Positive,Positive,0.7184,0.3818,Positive
4,Negative,Negative,-0.1027,-0.7832,Negative
3,Positive,Neutral,0.6908,0.0201,Positive
4,Positive,Neutral,0.3612,0.0,Positive
3,Positive,Neutral,0.8519,0.0,Positive
3,Positive,Positive,0.5859,0.1952,Positive
3,Positive,Negative,0.9682,-0.8473,Positive
3,Positive,Positive,0.6249,0.1471,Positive
5,Positive,Positive,0.7947,0.7264,Positive
2,Positive,Neutral,0.34,0.0,Positive
5,Positive,Neutral,0.9485,0.0,Positive
5,Positive,Positive,0.6597,0.4404,Positive
5,Positive,Neutral,0.886,0.0,Positive
5,Positive,Negative,0.4215,-0.2411,Positive
5,Positive,Neutral,0.91,0.0,Positive
2,Positive,Positive,0.7717,0.0772,Positive
3,Positive,Negative,0.8225,-0.296,Positive
3,Positive,Neutral,0.8384,0.0,Positive
1,Positive,Neutral,0.6588,0.0,Positive
4,Positive,Neutral,0.3818,0.0,Positive
5,Positive,Negative,0.6908,-0.5583,Positive
3,Positive,Neutral,0.8225,0.0,Positive
2,Positive,Negative,0.8555,-0.4767,Positive
4,Positive,Negative,0.7845,-0.2732,Positive
4,Positive,Positive,0.8016,0.6249,Positive
2,Positive,Neutral,0.1531,0.0,Positive
3,Neutral,Neutral,0.0,0.0,Neutral
3,Positive,Positive,0.91,0.7579,Positive
4,Positive,Negative,0.7003,-0.5986,Positive
4,Positive,Positive,0.7269,0.128,Positive
4,Positive,Positive,0.7783,0.3626,Positive
5,Positive,Positive,0.355,0.3291,Positive
1,Positive,Positive,0.7717,0.9433,Positive
2,Positive,Negative,0.7003,-0.8655,Negative
4,Neutral,Negative,0.0,-0.1027,Negative
3,Positive,Negative,0.9468,-0.4215,Positive
5,Positive,Positive,0.7579,0.5574,Positive
4,Positive,Neutral,0.6705,0.0,Positive
4,Negative,Negative,-0.1027,-0.5423,Negative
5,Positive,Neutral,0.4215,0.0,Positive
3,Neutral,Neutral,0.0,0.0,Neutral
3,Positive,Negative,0.6249,-0.8519,Negative
4,Positive,Negative,0.7506,-0.5859,Positive
5,Positive,Positive,0.9676,0.765,Positive
4,Positive,Neutral,0.7717,0.0,Positive
3,Positive,Neutral,0.4215,0.0,Negative
5,Positive,Neutral,0.7717,0.0,Positive
5,Positive,Negative,0.7083,-0.4576,Positive
3,Positive,Negative,0.4404,-0.802,Negative
3,Positive,Negative,0.8591,-0.3597,Positive
4,Positive,Negative,0.4927,-0.4019,Positive
2,Positive,Negative,0.3818,-0.3822,Neutral
5,Positive,Neutral,0.7003,0.0,Positive
3,Negative,Neutral,-0.0772,0.0,Negative
4,Positive,Positive,0.7906,0.2732,Positive
2,Positive,Positive,0.93,0.3716,Positive
3,Negative,Neutral,-0.3412,0.0,Positive
5,Positive,Neutral,0.4404,0.0,Positive
5,Positive,Negative,0.8481,-0.4767,Positive
4,Positive,Neutral,0.8221,0.0,Positive
5,Positive,Negative,0.6249,-0.4023,Positive
4,Positive,Negative,0.7717,-0.296,Positive
4,Positive,Neutral,0.8591,0.0,Positive
5,Positive,Neutral,0.9702,0.0,Positive
5,Positive,Positive,0.1779,0.6249,Positive
3,Positive,Negative,0.875,-0.5423,Positive
4,Positive,Neutral,0.8016,0.0,Positive
5,Positive,Neutral,0.9371,0.0,Positive
1,Positive,Negative,0.8519,-0.3612,Positive
4,Positive,Negative,0.7003,-0.5106,Positive
4,Positive,Neutral,0.5574,0.0,Positive
2,Positive,Neutral,0.8481,0.0,Positive
4,Positive,Neutral,0.5719,0.0,Positive
2,Negative,Negative,-0.34,-0.4767,Negative
4,Positive,Negative,0.7906,-0.1531,Positive
3,Positive,Positive,0.6486,0.5423,Positive
3,Positive,Negative,0.9186,-0.1027,Positive
4,Negative,Positive,-0.1027,0.3626,Positive
4,Positive,Negative,0.6249,-0.5096,Positive
4,Positive,Negative,0.1531,-0.296,Negative
5,Neutral,Negative,0.0,-0.6249,Neutral
5,Positive,Negative,0.9186,-0.4664,Positive
4,Positive,Negative,0.2263,-0.1027,Positive
4,Positive,Negative,0.9274,-0.8442,Positive
5,Positive,Negative,0.9371,-0.5765,Positive
5,Neutral,Neutral,0.0,0.0,Positive
1,Positive,Negative,0.3182,-0.5106,Negative
4,Positive,Negative,0.4404,-0.1027,Positive
2,Neutral,Neutral,0.0,0.0,Neutral
4,Positive,Neutral,0.8658,0.0,Positive
4,Positive,Negative,0.9432,-0.1326,Positive
4,Positive,Neutral,0.7741,0.0,Positive
2,Positive,Negative,0.9136,-0.9379,Negative
4,Neutral,Neutral,0.0,0.0,Neutral
3,Positive,Positive,0.9081,0.8335,Positive
5,Positive,Positive,0.8793,0.1149,Positive
3,Positive,Neutral,0.4215,0.0,Positive
4,Positive,Negative,0.6908,-0.1779,Positive
5,Positive,Neutral,0.7906,0.0,Positive
2,Positive,Negative,0.5267,-0.1027,Positive
5,Positive,Positive,0.9791,0.9,Positive
4,Positive,Negative,0.4753,-0.2023,Positive
4,Positive,Negative,0.9432,-0.8315,Positive
4,Positive,Positive,0.8126,0.0772,Positive
4,Positive,Positive,0.25,0.4927,Positive
3,Positive,Negative,0.7717,-0.4767,Positive
5,Positive,Positive,0.6369,0.0772,Positive
3,Positive,Negative,0.4404,-0.296,Positive
5,Negative,Positive,-0.1779,0.6369,Positive
4,Positive,Negative,0.902,-0.3612,Positive
4,Positive,Positive,0.6249,0.2235,Positive
4,Positive,Positive,0.5994,0.5122,Positive
5,Positive,Negative,0.4927,-0.5096,Neutral
3,Positive,Negative,0.7269,-0.1027,Positive
3,Positive,Negative,0.7579,-0.624,Negative
4,Positive,Neutral,0.3818,0.0,Positive
4,Positive,Neutral,0.4588,0.0,Positive
3,Positive,Neutral,0.872,0.0,Positive
5,Positive,Neutral,0.7579,0.0,Positive
3,Positive,Neutral,0.8074,0.0,Positive
4,Positive,Neutral,0.2249,0.0,Positive
3,Positive,Negative,0.8658,-0.296,Positive
3,Positive,Negative,0.7845,-0.1027,Positive
4,Positive,Negative,0.8625,-0.5096,Positive
2,Positive,Negative,0.9246,-0.5106,Positive
2,Positive,Neutral,0.4404,0.0,Positive
4,Positive,Negative,0.4404,-0.5216,Negative
5,Positive,Negative,0.9423,-0.5015,Positive
2,Positive,Neutral,0.6908,0.0,Positive
5,Neutral,Neutral,0.0,0.0,Neutral
4,Positive,Positive,0.9022,0.3832,Positive
4,Neutral,Negative,0.0,-0.25,Positive
4,Positive,Positive,0.3818,0.0516,Positive
4,Positive,Positive,0.8919,0.7227,Positive
5,Positive,Neutral,0.4939,0.0,Positive
5,Positive,Negative,0.4404,-0.3412,Positive
3,Positive,Negative,0.7717,-0.9277,Negative
1,Positive,Negative,0.2382,-0.3875,Negative
4,Positive,Negative,0.6908,-0.5106,Positive
5,Positive,Positive,0.8074,0.7441,Positive
5,Positive,Negative,0.9022,-0.589,Positive
5,Neutral,Neutral,0.0,0.0,Neutral
4,Negative,Neutral,-0.5283,0.0,Negative
3,Positive,Negative,0.8271,-0.9217,Negative
4,Positive,Negative,0.6249,-0.121,Positive
5,Positive,Negative,0.3818,-0.2263,Positive
3,Positive,Negative,0.7096,-0.0845,Positive
2,Positive,Negative,0.9058,-0.9099,Negative
4,Positive,Neutral,0.9169,0.0,Positive
4,Positive,Positive,0.5984,0.296,Positive
2,Neutral,Negative,0.0,-0.4023,Negative
4,Positive,Neutral,0.7778,0.0,Positive
5,Neutral,Neutral,0.0,0.0,Neutral
4,Positive,Neutral,0.4767,0.0,Positive
2,Positive,Negative,0.6249,-0.9821,Negative
4,Positive,Positive,0.8979,0.144,Positive
4,Positive,Neutral,0.4215,0.0,Positive
3,Positive,Negative,0.5106,-0.2755,Positive
4,Positive,Neutral,0.4404,0.0,Positive
2,Positive,Negative,0.6908,-0.8126,Negative
5,Positive,Positive,0.8934,0.6908,Positive
3,Positive,Positive,0.7351,0.2732,Positive
4,Positive,Negative,0.4404,-0.3612,Positive
5,Positive,Negative,0.9042,-0.3612,Positive
4,Positive,Neutral,0.6249,0.0,Positive
2,Neutral,Negative,0.0,-0.3182,Negative
2,Positive,Negative,0.5719,-0.7351,Negative
3,Positive,Positive,0.6597,0.4404,Positive
5,Positive,Positive,0.7906,0.4767,Positive
3,Positive,Negative,0.6249,-0.7845,Positive
4,Neutral,Neutral,0.0,0.0,Neutral
3,Positive,Negative,0.4588,-0.4215,Positive
5,Positive,Neutral,0.7351,0.0,Positive
4,Positive,Negative,0.9169,-0.5423,Positive
1,Neutral,Negative,0.0,-0.9246,Negative
3,Positive,Neutral,0.5106,0.0,Positive
1,Positive,Positive,0.4767,0.1124,Negative
3,Positive,Neutral,0.4404,0.0,Positive
4,Neutral,Positive,0.0,0.3415,Positive
5,Positive,Positive,0.6908,0.4019,Positive
4,Neutral,Negative,0.0,-0.5106,Positive
5,Positive,Neutral,0.624,0.0,Positive
5,Positive,Neutral,0.765,0.0,Positive
4,Positive,Negative,0.7579,-0.1531,Positive
5,Positive,Positive,0.9042,0.855,Positive
4,Positive,Negative,0.6808,-0.34,Positive
4,Positive,Neutral,0.6369,0.0,Positive
3,Positive,Negative,0.6249,-0.5994,Positive
5,Positive,Positive,0.9618,0.704,Positive
4,Positive,Positive,0.8834,0.2023,Positive
5,Positive,Negative,0.9423,-0.4717,Positive
5,Positive,Positive,0.9871,0.7613,Positive
5,Positive,Positive,0.7178,0.27,Positive
5,Positive,Negative,0.8271,-0.2732,Positive
5,Neutral,Neutral,0.0,0.0,Positive
3,Positive,Positive,0.9507,0.802,Positive
2,Positive,Neutral,0.7425,0.0,Positive
4,Positive,Neutral,0.8793,0.0,Positive
5,Positive,Neutral,0.7269,0.0,Positive
4,Positive,Positive,0.3818,0.5994,Positive
4,Positive,Positive,0.9316,0.931,Positive
3,Positive,Neutral,0.4404,0.0,Positive
4,Positive,Negative,0.5719,-0.296,Positive
4,Positive,Negative,0.6908,-0.6124,Positive
5,Positive,Negative,0.9484,-0.7258,Positive
3,Positive,Positive,0.8126,0.4115,Positive
3,Positive,Negative,0.926,-0.5106,Positive
3,Positive,Neutral,0.7783,0.0,Positive
2,Positive,Neutral,0.4404,0.0,Positive
5,Neutral,Negative,0.0,-0.3987,Negative
3,Neutral,Negative,0.0,-0.25,Negative
4,Positive,Neutral,0.7506,-0.0276,Positive
4,Positive,Negative,0.2732,-0.466,Negative
2,Positive,Positive,0.7089,0.34,Positive
2,Neutral,Negative,0.0,-0.296,Positive
3,Neutral,Neutral,0.0,0.0,Neutral
4,Neutral,Negative,0.0,-0.2023,Negative
3,Positive,Positive,0.6369,0.5709,Positive
5,Positive,Negative,0.91,-0.296,Positive
1,Positive,Negative,0.4404,-0.5423,Negative
3,Positive,Neutral,0.9156,0.0,Positive
4,Positive,Negative,0.6124,-0.5106,Positive
5,Positive,Neutral,0.6808,0.0,Positive
5,Positive,Neutral,0.7783,0.0,Positive
5,Positive,Neutral,0.2732,0.0,Positive
4,Positive,Neutral,0.4404,0.0,Positive
3,Neutral,Negative,0.0,-0.2924,Positive
4,Neutral,Neutral,0.0,0.0,Positive
5,Positive,Neutral,0.6696,0.0,Positive
4,Positive,Positive,0.8674,0.8914,Positive
4,Positive,Positive,0.9633,0.8643,Positive
1,Positive,Positive,0.8625,0.9231,Positive
4,Positive,Negative,0.3818,-0.2263,Positive
3,Positive,Negative,0.836,-0.4939,Positive
4,Positive,Negative,0.9001,-0.25,Positive
2,Positive,Negative,0.5984,-0.5267,Positive
4,Positive,Negative,0.8176,-0.1531,Positive
5,Positive,Positive,0.765,0.5632,Positive
4,Positive,Positive,0.8519,0.2177,Positive
4,Positive,Negative,0.296,-0.128,Positive
2,Negative,Neutral,-0.3532,0.0,Negative
5,Positive,Negative,0.3818,-0.5423,Negative
3,Positive,Negative,0.6369,-0.5994,Positive
2,Positive,Negative,0.4754,-0.3304,Negative
5,Positive,Positive,0.4404,0.4588,Positive
4,Positive,Positive,0.6486,0.5267,Positive
3,Positive,Negative,0.5719,-0.2732,Positive
2,Positive,Neutral,0.765,0.0,Positive
3,Positive,Negative,0.8748,-0.6083,Positive
4,Positive,Positive,0.296,0.296,Positive
3,Positive,Neutral,0.4404,0.0,Positive
1,Negative,Negative,-0.1027,-0.8957,Negative
3,Positive,Positive,0.7003,0.4364,Positive
4,Positive,Positive,0.7717,0.3818,Positive
3,Positive,Negative,0.3612,-0.3182,Positive
3,Neutral,Neutral,0.0,0.0,Neutral
5,Positive,Negative,0.7351,-0.1779,Positive
5,Positive,Neutral,0.7906,0.0,Positive
4,Neutral,Positive,0.0,0.0772,Positive
5,Positive,Positive,0.4404,0.4404,Positive
4,Positive,Negative,0.8979,-0.2037,Positive
3,Positive,Positive,0.5423,0.6369,Positive
3,Positive,Neutral,0.4404,0.0,Positive
5,Positive,Positive,0.6808,0.6249,Positive
4,Positive,Neutral,0.8074,0.0,Positive
4,Positive,Negative,0.836,-0.5267,Positive
2,Positive,Positive,0.5627,0.7747,Positive
4,Positive,Neutral,0.967,-0.0263,Positive
4,Positive,Negative,0.7003,-0.2023,Positive
4,Positive,Negative,0.4404,-0.3818,Positive
4,Positive,Negative,0.5106,-0.2732,Positive
4,Positive,Negative,0.6369,-0.2263,Positive
4,Positive,Positive,0.7506,0.3197,Positive
1,Positive,Negative,0.2263,-0.3895,Negative
3,Positive,Negative,0.7003,-0.765,Positive
4,Positive,Positive,0.765,0.128,Positive
1,Positive,Negative,0.3818,-0.126,Positive
4,Positive,Negative,0.4703,-0.5209,Positive
3,Positive,Positive,0.4404,0.4939,Positive
3,Positive,Negative,0.9536,-0.4215,Positive
4,Positive,Negative,0.9682,-0.5423,Positive
5,Positive,Negative,0.8807,-0.3818,Positive
2,Negative,Negative,-0.5423,-0.8686,Negative
4,Positive,Neutral,0.8316,0.0,Positive
3,Positive,Positive,0.9152,0.3514,Positive
5,Positive,Neutral,0.7178,0.0,Positive
3,Positive,Negative,0.8807,-0.296,Positive
4,Positive,Neutral,0.6705,0.0,Positive
4,Positive,Neutral,0.4404,0.0,Positive
4,Positive,Positive,0.8591,0.4497,Positive
5,Positive,Negative,0.2263,-0.1027,Positive
5,Positive,Neutral,0.6486,0.0,Positive
5,Positive,Negative,0.7964,-0.5859,Positive
5,Positive,Positive,0.9857,0.8533,Positive
5,Positive,Positive,0.9778,0.5706,Positive
5,Positive,Neutral,0.4404,0.0,Positive
4,Positive,Neutral,0.4404,0.0,Positive
2,Positive,Neutral,0.9558,0.0,Positive
2,Positive,Positive,0.7269,0.6422,Positive
5,Positive,Neutral,0.8834,0.0,Positive
4,Positive,Negative,0.8987,-0.8221,Positive
3,Positive,Neutral,0.5859,0.0,Positive
5,Positive,Neutral,0.6597,0.0258,Positive
1,Positive,Positive,0.3818,0.6534,Positive
2,Neutral,Negative,0.0,-0.5984,Negative
4,Positive,Negative,0.4404,-0.5719,Positive
5,Positive,Neutral,0.7184,0.0,Positive
4,Positive,Positive,0.7778,0.069,Positive
3,Positive,Negative,0.5859,-0.6486,Negative
4,Positive,Positive,0.8101,0.3818,Positive
5,Positive,Negative,0.7003,-0.0953,Positive
4,Positive,Positive,0.5719,0.3612,Positive
3,Positive,Positive,0.3089,0.4939,Positive
3,Positive,Negative,0.836,-0.4874,Positive
3,Positive,Positive,0.7089,0.4404,Positive
3,Positive,Negative,0.7003,-0.7425,Negative
5,Positive,Positive,0.987,0.4404,Positive
4,Positive,Neutral,0.4404,0.0,Positive
4,Positive,Negative,0.8442,-0.5106,Positive
4,Positive,Neutral,0.5719,0.0,Positive
5,Positive,Negative,0.5106,-0.128,Positive
5,Positive,Neutral,0.6249,0.0,Positive
3,Positive,Negative,0.5719,-0.25,Positive
4,Positive,Negative,0.3612,-0.1027,Positive
3,Neutral,Negative,0.0,-0.5267,Negative
4,Positive,Negative,0.6369,-0.5106,Positive
5,Positive,Negative,0.7717,-0.4944,Positive
2,Neutral,Negative,0.0,-0.516,Negative
4,Positive,Negative,0.8176,-0.3412,Positive
5,Positive,Negative,0.6588,-0.2057,Positive
2,Neutral,Positive,0.0,0.0516,Negative
2,Positive,Neutral,0.8658,0.0,Positive
5,Positive,Negative,0.7717,-0.7351,Positive
4,Positive,Neutral,0.7964,0.0,Positive
5,Positive,Neutral,0.9169,0.0,Positive
4,Neutral,Neutral,0.0,0.0,Neutral
2,Positive,Neutral,0.4019,0.0,Positive
3,Positive,Neutral,0.2263,0.0,Positive
5,Positive,Neutral,0.7717,0.0,Positive
4,Positive,Neutral,0.3818,0.0,Positive
1,Positive,Positive,0.4404,0.1088,Neutral
1,Positive,Negative,0.6486,-0.8573,Negative
3,Neutral,Negative,0.0,-0.2023,Negative
1,Negative,Neutral,-0.5423,0.0,Negative
4,Positive,Neutral,0.2732,0.0,Positive
3,Positive,Negative,0.8957,-0.1638,Positive
2,Positive,Positive,0.8555,0.873,Positive
5,Positive,Negative,0.9231,-0.296,Positive
3,Positive,Positive,0.4404,0.3142,Positive
5,Negative,Negative,-0.296,-0.743,Negative
4,Positive,Positive,0.7717,0.2382,Positive
5,Positive,Negative,0.3612,-0.3412,Neutral
3,Positive,Negative,0.6249,-0.3612,Positive
1,Positive,Negative,0.4404,-0.2402,Positive
5,Positive,Positive,0.6249,0.4019,Positive
4,Positive,Positive,0.6249,0.3262,Positive
5,Positive,Neutral,0.9485,0.0,Positive
4,Positive,Negative,0.6369,-0.3089,Positive
4,Positive,Negative,0.6096,-0.2134,Positive
4,Positive,Neutral,0.6705,0.0,Positive
4,Positive,Positive,0.7778,0.7096,Positive
4,Positive,Negative,0.9393,-0.5618,Positive
5,Positive,Negative,0.9868,-0.5106,Positive
4,Positive,Neutral,0.4927,0.0,Positive
3,Positive,Neutral,0.2382,0.0,Positive
1,Negative,Positive,-0.6416,0.8957,Positive
4,Positive,Positive,0.8747,0.836,Positive
5,Positive,Positive,0.875,0.9001,Positive
2,Positive,Negative,0.2944,-0.7425,Negative
4,Positive,Neutral,0.8074,0.0,Positive
3,Positive,Negative,0.7351,-0.765,Negative
4,Positive,Positive,0.7003,0.4767,Positive
4,Positive,Neutral,0.9447,-0.0498,Positive
4,Positive,Neutral,0.7269,0.0,Positive
4,Neutral,Positive,0.0,0.4754,Positive
2,Positive,Negative,0.9022,-0.6024,Positive
2,Positive,Negative,0.4404,-0.4019,Negative
4,Positive,Positive,0.9153,0.0772,Positive
4,Positive,Neutral,0.7269,0.0,Positive
1,Positive,Negative,0.5106,-0.7824,Negative
4,Negative,Negative,-0.2263,-0.296,Negative
4,Positive,Neutral,0.7496,0.0485,Positive
1,Positive,Negative,0.6705,-0.296,Positive
4,Positive,Positive,0.9195,0.3096,Positive
4,Positive,Negative,0.8126,-0.1027,Positive
5,Positive,Neutral,0.7506,0.0,Positive
5,Positive,Negative,0.9531,-0.1027,Positive
3,Positive,Negative,0.8225,-0.1027,Positive
4,Positive,Negative,0.9153,-0.2755,Positive
2,Positive,Positive,0.34,0.25,Positive
3,Positive,Negative,0.4215,-0.4767,Positive
5,Positive,Positive,0.7269,0.0772,Positive
4,Positive,Negative,0.7506,-0.1027,Positive
3,Positive,Negative,0.7346,-0.3612,Positive
3,Positive,Negative,0.7269,-0.4526,Positive
2,Positive,Negative,0.7003,-0.389,Positive
4,Positive,Neutral,0.7845,0.0,Positive
4,Positive,Negative,0.4939,-0.2332,Positive
4,Positive,Negative,0.5994,-0.1761,Positive
5,Positive,Negative,0.9732,-0.3182,Positive
5,Positive,Negative,0.762,-0.3252,Positive
5,Positive,Negative,0.4927,-0.296,Positive
4,Positive,Positive,0.4767,0.3182,Positive
3,Positive,Neutral,0.6249,0.0,Positive
3,Positive,Neutral,0.7003,0.0,Positive
4,Positive,Neutral,0.836,0.0,Positive
4,Positive,Positive,0.9325,0.5106,Positive
5,Positive,Neutral,0.7579,0.0,Positive
5,Positive,Negative,0.8481,-0.286,Positive
4,Positive,Neutral,0.6249,0.0,Positive
3,Positive,Negative,0.4404,-0.3865,Positive
2,Positive,Negative,0.8316,-0.9074,Negative
4,Positive,Neutral,0.8591,0.0,Positive
2,Positive,Negative,0.8555,-0.4667,Positive
5,Neutral,Positive,0.0,0.781,Positive
4,Positive,Negative,0.8271,-0.4188,Positive
5,Positive,Positive,0.8074,0.7264,Positive
3,Positive,Positive,0.6486,0.3182,Positive
3,Positive,Negative,0.6597,-0.1506,Positive
4,Positive,Negative,0.9509,-0.1354,Positive
5,Positive,Neutral,0.8519,0.0,Positive
3,Positive,Neutral,0.5574,0.0,Positive
2,Positive,Negative,0.5563,-0.7548,Negative
4,Positive,Neutral,0.8481,0.0258,Positive
5,Neutral,Neutral,0.0,0.0,Positive
3,Positive,Positive,0.8271,0.4939,Positive
4,Positive,Neutral,0.7717,0.0,Positive
1,Neutral,Negative,0.0,-0.3983,Negative
5,Neutral,Positive,0.0,0.4019,Positive
5,Positive,Neutral,0.4404,0.0,Positive
3,Neutral,Negative,0.0,-0.8008,Negative
3,Neutral,Negative,0.0,-0.5849,Negative
4,Positive,Positive,0.9936,0.6937,Positive
3,Neutral,Neutral,0.0,0.0,Positive
4,Positive,Positive,0.4767,0.1779,Positive
4,Neutral,Negative,0.0,-0.2924,Negative
1,Negative,Negative,-0.3412,-0.6956,Negative
1,Positive,Negative,0.7184,-0.9886,Negative
5,Positive,Positive,0.6659,0.8268,Positive
3,Positive,Negative,0.6369,-0.296,Positive
2,Positive,Neutral,0.4697,0.0,Positive
5,Positive,Negative,0.7096,-0.0516,Positive
2,Positive,Negative,0.7506,-0.296,Positive
4,Positive,Negative,0.6249,-0.4023,Positive
3,Positive,Negative,0.875,-0.3182,Positive
4,Positive,Neutral,0.4404,0.0,Positive
4,Positive,Negative,0.8779,-0.5267,Positive
3,Positive,Positive,0.6908,0.128,Positive
4,Positive,Negative,0.5719,-0.2732,Positive
5,Positive,Positive,0.34,0.34,Positive
4,Neutral,Neutral,0.0,0.0,Positive
5,Positive,Positive,0.8707,0.6369,Positive
4,Positive,Positive,0.5994,0.4708,Positive
2,Positive,Negative,0.4215,-0.3818,Negative
1,Negative,Positive,-0.781,0.6956,Negative
2,Positive,Negative,0.7574,-0.2549,Positive
5,Positive,Neutral,0.8934,0.0,Positive
4,Negative,Positive,-0.228,0.5106,Positive
4,Positive,Neutral,0.6808,0.0,Positive
4,Positive,Negative,0.8625,-0.34,Positive
4,Positive,Negative,0.7717,-0.4767,Positive
4,Positive,Positive,0.0772,0.2484,Positive
3,Positive,Negative,0.8625,-0.7003,Positive
5,Positive,Negative,0.743,-0.4019,Positive
3,Positive,Negative,0.4939,-0.5859,Negative
5,Positive,Positive,0.6249,0.8402,Positive
4,Positive,Neutral,0.4404,0.0,Positive
4,Positive,Positive,0.3818,0.2018,Positive
3,Positive,Negative,0.4404,-0.3412,Positive
4,Positive,Positive,0.9253,0.0772,Positive
3,Positive,Negative,0.7096,-0.5423,Positive
3,Positive,Negative,0.4404,-0.0535,Positive
5,Positive,Neutral,0.6249,0.0,Positive
5,Positive,Positive,0.7964,0.3818,Positive
4,Positive,Neutral,0.6855,0.0,Positive
4,Positive,Positive,0.4019,0.3818,Positive
5,Positive,Negative,0.7269,-0.2057,Positive
1,Neutral,Negative,0.0,-0.2924,Neutral
5,Neutral,Positive,0.0,0.1154,Positive
4,Positive,Neutral,0.4404,0.0,Positive
4,Positive,Positive,0.3818,0.3612,Positive
5,Positive,Negative,0.3612,-0.3818,Neutral
4,Positive,Positive,0.7003,0.4939,Positive
5,Positive,Negative,0.4404,-0.2263,Positive
5,Positive,Negative,0.9337,-0.1027,Positive
5,Positive,Positive,0.9259,0.4926,Positive
4,Neutral,Positive,0.0,0.6444,Positive
3,Positive,Neutral,0.8779,0.0,Positive
4,Positive,Negative,0.7717,-0.296,Positive
2,Positive,Positive,0.4939,0.3859,Positive
5,Positive,Neutral,0.8625,0.0,Positive
5,Positive,Neutral,0.4404,0.0,Positive
3,Positive,Negative,0.8402,-0.6369,Positive
3,Positive,Negative,0.7003,-0.4767,Positive
4,Positive,Negative,0.4019,-0.2732,Positive
5,Positive,Neutral,0.4391,0.0,Positive
5,Positive,Neutral,0.6369,0.0,Positive
4,Positive,Positive,0.8934,0.3262,Positive
3,Positive,Positive,0.8126,0.128,Positive
2,Neutral,Negative,0.0,-0.296,Negative
1,Positive,Positive,0.4404,0.5994,Positive
4,Negative,Negative,-0.296,-0.765,Negative
3,Positive,Positive,0.8074,0.0772,Positive
4,Positive,Negative,0.6908,-0.5719,Negative
2,Positive,Negative,0.5859,-0.3612,Positive
4,Positive,Neutral,0.788,0.0,Positive
4,Positive,Negative,0.6249,-0.3167,Positive
5,Negative,Negative,-0.5719,-0.5994,Negative
4,Positive,Neutral,0.4404,0.0,Positive
5,Positive,Positive,0.9337,0.8687,Positive
5,Positive,Neutral,0.8519,0.0,Positive
2,Positive,Negative,0.34,-0.4767,Neutral
4,Positive,Positive,0.4877,0.5616,Positive
3,Positive,Neutral,0.9153,0.0258,Positive
4,Positive,Negative,0.4019,-0.8618,Negative
3,Positive,Positive,0.2449,0.2718,Positive
1,Positive,Negative,0.7579,-0.1516,Positive
5,Neutral,Neutral,0.0,0.0,Neutral
5,Positive,Negative,0.5994,-0.5956,Neutral
4,Positive,Positive,0.91,0.3818,Positive
3,Positive,Negative,0.4404,-0.3182,Positive
2,Negative,Positive,-0.1027,0.8943,Positive
4,Positive,Neutral,0.8271,0.0,Positive
2,Positive,Neutral,0.6808,0.0,Positive
2,Positive,Negative,0.4404,-0.5693,Negative
4,Positive,Negative,0.776,-0.4019,Positive
1,Positive,Positive,0.8537,0.743,Positive
5,Positive,Neutral,0.7269,0.0,Positive
5,Positive,Positive,0.886,0.3818,Positive
4,Positive,Neutral,0.34,0.0,Positive
4,Positive,Negative,0.8807,-0.7452,Positive
1,Positive,Negative,0.4215,-0.7825,Negative
4,Positive,Neutral,0.6705,0.0,Positive
2,Positive,Negative,0.5106,-0.8049,Negative
2,Neutral,Negative,0.0,-0.4927,Negative
4,Positive,Positive,0.9694,0.6486,Positive
5,Negative,Positive,-0.1531,0.4404,Positive
3,Positive,Positive,0.4576,0.7147,Positive
1,Positive,Positive,0.8074,0.3612,Positive
5,Positive,Positive,0.9962,0.7776,Positive
4,Positive,Negative,0.4939,-0.2315,Positive
4,Positive,Neutral,0.6486,0.0,Positive
3,Positive,Neutral,0.3818,0.0,Positive
4,Positive,Neutral,0.9062,0.0,Positive
4,Positive,Neutral,0.9136,0.0,Positive
4,Positive,Negative,0.4588,-0.34,Positive
5,Positive,Negative,0.9829,-0.6193,Positive
3,Positive,Negative,0.9793,-0.8274,Positive
5,Positive,Neutral,0.4939,0.0,Positive
5,Positive,Positive,0.765,0.3818,Positive
3,Positive,Negative,0.8268,-0.1335,Positive
5,Positive,Positive,0.6249,0.4754,Positive
2,Positive,Negative,0.9349,-0.6647,Positive
5,Positive,Neutral,0.4404,0.0,Positive
3,Positive,Positive,0.4404,0.2263,Positive
5,Positive,Positive,0.875,0.4588,Positive
5,Positive,Positive,0.743,0.4215,Positive
5,Positive,Negative,0.9168,-0.296,Positive
1,Positive,Negative,0.1779,-0.7555,Negative
5,Positive,Positive,0.6369,0.4588,Positive
4,Positive,Positive,0.875,0.8201,Positive
4,Neutral,Negative,0.0,-0.4588,Negative
5,Positive,Neutral,0.8957,0.0,Positive
5,Positive,Neutral,0.915,0.0,Positive
2,Neutral,Negative,0.0,-0.1027,Negative
4,Positive,Positive,0.9348,0.4404,Positive
3,Positive,Neutral,0.7351,0.0,Positive
4,Positive,Negative,0.7717,-0.4015,Positive
4,Positive,Negative,0.743,-0.128,Positive
5,Positive,Positive,0.9524,0.8294,Positive
4,Positive,Positive,0.9468,0.1758,Positive
5,Positive,Negative,0.4927,-0.296,Positive
4,Positive,Negative,0.3612,-0.1901,Neutral
5,Positive,Neutral,0.836,0.0,Positive
4,Positive,Negative,0.9246,-0.8658,Positive
4,Positive,Negative,0.9081,-0.1027,Positive
4,Positive,Neutral,0.7003,0.0,Positive
4,Positive,Positive,0.8925,0.1779,Positive
4,Positive,Neutral,0.5542,0.0,Positive
2,Positive,Negative,0.8555,-0.9701,Negative
5,Positive,Neutral,0.9136,0.0,Positive
3,Positive,Positive,0.9001,0.1154,Positive
5,Positive,Neutral,0.8519,0.0,Positive
4,Positive,Negative,0.765,-0.6124,Positive
4,Positive,Neutral,0.4364,0.0,Positive
3,Positive,Neutral,0.8074,0.0,Positive
3,Positive,Negative,0.6249,-0.128,Positive
3,Positive,Negative,0.4404,-0.5267,Positive
1,Neutral,Negative,0.0,-0.296,Negative
5,Positive,Positive,0.7003,0.5157,Positive
5,Positive,Neutral,0.7506,0.0,Positive
2,Positive,Negative,0.4404,-0.9178,Negative
5,Positive,Positive,0.7351,0.3818,Positive
4,Positive,Positive,0.8357,0.0946,Positive
3,Positive,Negative,0.7269,-0.2924,Positive
3,Positive,Positive,0.6369,0.3818,Positive
3,Neutral,Negative,0.0,-0.4927,Negative
5,Positive,Neutral,0.3612,0.0,Positive
4,Neutral,Positive,0.0,0.8126,Positive
5,Positive,Positive,0.3612,0.4588,Positive
5,Positive,Neutral,0.8588,0.0,Positive
5,Positive,Neutral,0.6369,0.0,Positive
2,Positive,Negative,0.872,-0.8376,Negative
3,Positive,Negative,0.657,-0.3916,Positive
4,Positive,Neutral,0.5657,0.0,Positive
4,Neutral,Negative,0.0,-0.4215,Negative
4,Positive,Negative,0.6597,-0.802,Negative
5,Positive,Neutral,0.7789,0.0,Positive
5,Positive,Neutral,0.9325,0.0,Positive
4,Positive,Positive,0.6096,0.7845,Positive
2,Positive,Negative,0.6705,-0.3182,Positive
5,Positive,Negative,0.8384,-0.25,Positive
5,Positive,Positive,0.6249,0.4588,Positive
3,Positive,Positive,0.7003,0.128,Positive
3,Positive,Negative,0.2732,-0.5719,Negative
3,Positive,Positive,0.3612,0.3612,Positive
4,Positive,Positive,0.7506,0.3612,Positive
1,Negative,Negative,-0.296,-0.1285,Negative
3,Positive,Neutral,0.6124,-0.0352,Positive
4,Positive,Neutral,0.9118,0.0,Positive
3,Positive,Negative,0.743,-0.1027,Positive
5,Positive,Neutral,0.296,0.0,Positive
4,Positive,Positive,0.4939,0.5709,Positive
4,Positive,Negative,0.9062,-0.5256,Positive
4,Neutral,Positive,0.0,0.431,Positive
2,Positive,Positive,0.5423,0.4411,Positive
4,Positive,Positive,0.992,0.6403,Positive
5,Positive,Negative,0.8442,-0.5719,Positive
5,Positive,Negative,0.3612,-0.5096,Positive
1,Positive,Negative,0.8225,-0.6077,Positive
3,Positive,Negative,0.6369,-0.2263,Positive
1,Positive,Neutral,0.6705,0.0,Negative
4,Positive,Neutral,0.9255,0.0,Positive
4,Positive,Negative,0.3612,-0.5719,Negative
4,Positive,Negative,0.9259,-0.3802,Positive
4,Positive,Neutral,0.8885,0.0,Positive
1,Positive,Negative,0.5859,-0.9786,Negative
4,Positive,Neutral,0.3818,0.0,Positive
4,Positive,Negative,0.9201,-0.1126,Positive
5,Neutral,Neutral,0.0,0.0,Neutral
4,Positive,Positive,0.9517,0.5635,Positive
3,Positive,Positive,0.9168,0.4201,Positive
4,Positive,Neutral,0.3818,0.0,Positive
3,Positive,Positive,0.2023,0.5574,Positive
2,Neutral,Negative,0.0,-0.7351,Negative
5,Positive,Neutral,0.6124,0.0,Positive
4,Positive,Neutral,0.5095,0.0,Positive
2,Positive,Neutral,0.34,-0.0369,Positive
3,Positive,Negative,0.6249,-0.5628,Positive
4,Positive,Positive,0.6705,0.0516,Positive
4,Positive,Positive,0.9846,0.8144,Positive
5,Positive,Negative,0.7845,-0.6808,Positive
3,Negative,Neutral,-0.1027,0.0,Negative
5,Positive,Positive,0.699,0.457,Positive
3,Positive,Positive,0.4404,0.2944,Positive
1,Positive,Positive,0.8479,0.6362,Positive
5,Positive,Negative,0.4404,-0.296,Positive
3,Positive,Negative,0.7506,-0.296,Positive
3,Neutral,Negative,0.0,-0.4019,Negative
3,Positive,Negative,0.7003,-0.7003,Negative
1,Positive,Neutral,0.3724,0.0382,Negative
5,Positive,Negative,0.7755,-0.4939,Positive
5,Positive,Negative,0.4404,-0.296,Positive
3,Positive,Negative,0.5574,-0.34,Positive
4,Positive,Neutral,0.552,0.0,Positive
4,Positive,Positive,0.9552,0.3274,Positive
4,Positive,Neutral,0.4404,0.0,Positive
3,Positive,Negative,0.2023,-0.3875,Positive
3,Positive,Negative,0.3818,-0.7033,Negative
5,Positive,Neutral,0.6894,0.0,Positive
3,Positive,Positive,0.4404,0.0992,Positive
4,Positive,Neutral,0.836,0.0,Positive
5,Positive,Neutral,0.6705,0.0,Positive
4,Positive,Neutral,0.7717,0.0,Positive
3,Positive,Negative,0.7003,-0.7424,Positive
4,Positive,Positive,0.7506,0.25,Positive
3,Positive,Positive,0.9254,0.8479,Positive
5,Positive,Negative,0.9201,-0.1779,Positive
4,Positive,Negative,0.7184,-0.5563,Positive
4,Positive,Neutral,0.3182,0.0,Positive
1,Positive,Positive,0.4019,0.4651,Positive
3,Negative,Negative,-0.0772,-0.5972,Negative
4,Positive,Negative,0.9169,-0.267,Positive
1,Neutral,Neutral,0.0,0.0,Positive
3,Positive,Negative,0.3818,-0.1027,Positive
5,Positive,Positive,0.802,0.2382,Positive
2,Positive,Negative,0.8074,-0.1531,Positive
4,Positive,Neutral,0.8074,0.0,Positive
3,Positive,Negative,0.7003,-0.5994,Positive
2,Positive,Negative,0.2263,-0.2263,Negative
4,Neutral,Negative,0.0,-0.2263,Positive
3,Negative,Negative,-0.296,-0.0516,Negative
5,Positive,Positive,0.4215,0.6291,Positive
5,Positive,Negative,0.7845,-0.296,Positive
5,Neutral,Positive,0.0,0.4215,Positive
2,Positive,Positive,0.6908,0.7509,Positive
4,Positive,Negative,0.8658,-0.296,Positive
4,Positive,Neutral,0.7506,0.0,Positive
5,Positive,Positive,0.886,0.4939,Positive
4,Positive,Positive,0.9652,0.8658,Positive
5,Positive,Neutral,0.2263,0.0,Positive
4,Positive,Negative,0.4404,-0.7003,Positive
4,Positive,Negative,0.9201,-0.128,Positive
4,Negative,Negative,-0.0772,-0.3612,Negative
4,Positive,Negative,0.8225,-0.3612,Positive
3,Neutral,Neutral,0.0,0.0,Neutral
5,Positive,Negative,0.9661,-0.0793,Positive
5,Positive,Positive,0.7717,0.101,Positive
4,Positive,Negative,0.875,-0.7184,Positive
4,Positive,Negative,0.5617,-0.4019,Positive
3,Positive,Neutral,0.6369,0.0,Positive
4,Positive,Positive,0.8481,0.1372,Positive
5,Positive,Negative,0.6249,-0.4215,Positive
4,Positive,Neutral,0.8591,0.0,Positive
5,Positive,Positive,0.6597,0.3818,Positive
5,Positive,Neutral,0.7814,0.0258,Positive
4,Positive,Neutral,0.7783,-0.0217,Positive
3,Neutral,Negative,0.0,-0.8271,Negative
4,Positive,Positive,0.9268,0.4535,Positive
4,Positive,Positive,0.8934,0.5719,Positive
5,Positive,Neutral,0.6249,0.0,Positive
3,Positive,Negative,0.8402,-0.4005,Positive
3,Positive,Positive,0.9287,0.3818,Positive
5,Positive,Neutral,0.7506,0.0,Positive
2,Positive,Negative,0.6705,-0.2924,Positive
3,Positive,Positive,0.7717,0.1531,Positive
2,Positive,Positive,0.3307,0.2732,Positive
3,Positive,Negative,0.6249,-0.7067,Negative
4,Negative,Positive,-0.0772,0.3862,Positive
4,Positive,Neutral,0.6908,0.0,Positive
3,Positive,Negative,0.7906,-0.5574,Positive
4,Neutral,Neutral,0.0,0.0,Positive
5,Positive,Positive,0.9949,0.6908,Positive
5,Positive,Neutral,0.7717,0.0,Positive
5,Positive,Neutral,0.6956,0.0,Positive
4,Positive,Neutral,0.7003,0.0,Positive
3,Positive,Negative,0.9371,-0.3716,Positive
4,Positive,Neutral,0.6557,0.0,Positive
4,Positive,Neutral,0.8358,0.0,Positive
5,Positive,Neutral,0.4828,0.0,Positive
4,Positive,Negative,0.796,-0.5106,Positive
5,Positive,Positive,0.6124,0.0772,Positive
4,Positive,Negative,0.6753,-0.3299,Positive
5,Positive,Positive,0.7964,0.431,Positive
4,Positive,Neutral,0.8176,0.0,Positive
2,Positive,Positive,0.6249,0.4019,Positive
3,Positive,Negative,0.8588,-0.4019,Positive
4,Positive,Positive,0.9061,0.7876,Positive
5,Positive,Positive,0.886,0.4019,Positive
3,Positive,Negative,0.3818,-0.5423,Negative
3,Positive,Negative,0.6249,-0.5096,Positive
5,Positive,Neutral,0.3612,0.0,Positive
3,Positive,Negative,0.9297,-0.2732,Positive
1,Negative,Negative,-0.7332,-0.4023,Negative
3,Positive,Positive,0.6486,0.1027,Positive
3,Positive,Negative,0.3818,-0.6671,Negative
5,Neutral,Negative,0.0,-0.0572,Negative
4,Neutral,Negative,0.0,-0.4767,Negative
5,Positive,Neutral,0.6369,0.0,Positive
1,Positive,Negative,0.7184,-0.8025,Negative
3,Positive,Neutral,0.3818,0.0,Positive
4,Positive,Neutral,0.6369,0.0,Positive
5,Neutral,Negative,0.0,-0.5423,Positive
3,Positive,Neutral,0.5106,0.0,Positive
4,Positive,Neutral,0.8074,0.0,Positive
4,Positive,Positive,0.5859,0.3818,Positive
5,Positive,Negative,0.4201,-0.296,Positive
4,Positive,Positive,0.7003,0.4404,Positive
4,Positive,Neutral,0.7845,0.0,Positive
2,Neutral,Positive,0.0,0.5173,Positive
4,Positive,Neutral,0.6908,0.0,Positive
1,Positive,Positive,0.2421,0.6486,Positive
3,Positive,Positive,0.4215,0.7311,Positive
5,Positive,Neutral,0.9753,0.0,Positive
5,Positive,Neutral,0.6249,0.0,Positive
4,Positive,Positive,0.9566,0.3612,Positive
3,Negative,Neutral,-0.624,0.0,Negative
4,Positive,Neutral,0.9584,0.0,Positive
3,Positive,Positive,0.6705,0.3262,Positive
4,Positive,Neutral,0.9571,0.0,Positive
4,Positive,Positive,0.8737,0.0772,Positive
5,Positive,Neutral,0.3818,0.0,Positive
3,Positive,Positive,0.2263,0.3498,Positive
5,Positive,Neutral,0.8591,0.0,Positive
4,Positive,Positive,0.3182,0.6597,Positive
1,Positive,Negative,0.743,-0.2163,Positive
5,Positive,Neutral,0.2263,0.0,Positive
3,Positive,Positive,0.8016,0.34,Positive
4,Positive,Neutral,0.8126,0.0,Positive
1,Positive,Positive,0.2748,0.6022,Positive
4,Positive,Negative,0.3612,-0.743,Negative
1,Positive,Positive,0.3818,0.34,Positive
2,Positive,Positive,0.7748,0.9838,Positive
2,Positive,Positive,0.9648,0.296,Positive
5,Positive,Negative,0.5994,-0.3612,Positive
5,Positive,Negative,0.6249,-0.2263,Positive
3,Positive,Positive,0.4588,0.2562,Positive
5,Positive,Negative,0.8176,-0.296,Positive
3,Positive,Positive,0.4404,0.4404,Positive
5,Positive,Positive,0.8074,0.2732,Positive
4,Positive,Neutral,0.8074,0.0,Positive
5,Positive,Neutral,0.8271,0.0,Positive
2,Negative,Neutral,-0.2732,0.0,Negative
2,Neutral,Neutral,0.0,0.0,Neutral
3,Positive,Neutral,0.4404,0.0,Positive
4,Positive,Negative,0.4549,-0.4588,Negative
5,Positive,Positive,0.8779,0.2732,Positive
4,Positive,Negative,0.3818,-0.5423,Positive
4,Positive,Neutral,0.8885,0.0,Positive
4,Positive,Negative,0.9494,-0.0772,Positive
5,Positive,Neutral,0.8176,0.0,Positive
4,Positive,Negative,0.3818,-0.3875,Positive
3,Positive,Negative,0.4215,-0.1027,Positive
4,Positive,Neutral,0.872,0.0,Positive
3,Positive,Negative,0.6808,-0.25,Positive
3,Positive,Positive,0.966,0.9049,Positive
4,Positive,Negative,0.9465,-0.7203,Positive
5,Positive,Positive,0.9805,0.4215,Positive
4,Positive,Positive,0.3326,0.2023,Positive
5,Positive,Positive,0.3612,0.4404,Positive
3,Positive,Negative,0.4404,-0.2263,Positive
5,Negative,Positive,-0.296,0.4927,Positive
4,Positive,Positive,0.3818,0.4019,Positive
4,Positive,Neutral,0.7655,0.0,Positive
2,Positive,Negative,0.8481,-0.3182,Positive
5,Positive,Negative,0.4927,-0.1027,Positive
3,Positive,Negative,0.4404,-0.3412,Positive
5,Positive,Neutral,0.4215,0.0,Positive
1,Positive,Neutral,0.4215,0.0,Positive
3,Positive,Negative,0.5106,-0.296,Negative
4,Positive,Negative,0.7717,-0.296,Positive
4,Neutral,Positive,0.0,0.3612,Positive
4,Positive,Neutral,0.6249,0.0,Positive
5,Positive,Negative,0.886,-0.296,Positive
3,Positive,Neutral,0.4404,0.0,Positive
4,Positive,Positive,0.7089,0.5719,Positive
3,Positive,Negative,0.296,-0.2263,Positive
4,Positive,Neutral,0.5994,0.0,Positive
3,Positive,Neutral,0.6566,0.0,Positive
3,Positive,Negative,0.8316,-0.1531,Positive
3,Positive,Neutral,0.6705,0.0,Positive
3,Positive,Negative,0.3182,-0.296,Positive
4,Positive,Negative,0.4932,-0.0572,Positive
4,Positive,Neutral,0.765,0.0094,Positive
5,Positive,Neutral,0.891,0.0,Positive
4,Positive,Neutral,0.8481,0.0,Positive
1,Neutral,Neutral,0.0,0.0,Neutral
1,Positive,Negative,0.7579,-0.8779,Negative
3,Positive,Negative,0.9274,-0.5574,Positive
4,Positive,Neutral,0.7902,0.0,Positive
2,Positive,Positive,0.4215,0.296,Positive
2,Positive,Positive,0.7184,0.8981,Positive
4,Positive,Positive,0.5719,0.5719,Positive
3,Positive,Positive,0.4939,0.4404,Positive
4,Positive,Neutral,0.886,0.0,Positive
4,Positive,Neutral,0.7003,0.0,Positive
5,Positive,Neutral,0.9859,0.0,Positive
4,Positive,Negative,0.9325,-0.464,Positive
4,Positive,Neutral,0.4404,0.0,Positive
3,Positive,Neutral,0.4404,0.0,Positive
3,Positive,Positive,0.7574,0.6711,Positive
5,Neutral,Negative,0.0,-0.1027,Positive
2,Neutral,Positive,0.0,0.1531,Positive
3,Positive,Positive,0.6705,0.2023,Positive
4,Positive,Neutral,0.6705,0.0,Positive
5,Positive,Neutral,0.4927,0.0,Positive
5,Positive,Neutral,0.6249,0.0,Positive
3,Positive,Negative,0.4215,-0.3182,Positive
5,Positive,Negative,0.7906,-0.4215,Positive
5,Positive,Neutral,0.8122,0.0,Positive
1,Positive,Negative,0.6239,-0.9755,Negative
4,Positive,Neutral,0.6249,0.0,Positive
4,Positive,Positive,0.8583,0.2263,Positive
2,Positive,Negative,0.875,-0.905,Negative
3,Neutral,Positive,0.0,0.1531,Positive
4,Positive,Negative,0.5859,-0.796,Positive
5,Positive,Positive,0.5574,0.3818,Positive
2,Neutral,Neutral,0.0,0.0,Neutral
3,Positive,Negative,0.9334,-0.69,Positive
4,Positive,Neutral,0.7269,0.0,Positive
4,Positive,Neutral,0.6249,0.0,Positive
3,Positive,Negative,0.8181,-0.6151,Positive
3,Positive,Neutral,0.4404,0.0,Positive
5,Positive,Neutral,0.4939,0.0,Positive
2,Positive,Negative,0.3182,-0.8093,Negative
5,Positive,Positive,0.7096,0.4215,Positive
2,Positive,Positive,0.5423,0.7254,Positive
5,Positive,Neutral,0.886,0.0,Positive
4,Positive,Neutral,0.5859,0.0,Positive
5,Positive,Negative,0.6808,-0.6808,Neutral
3,Positive,Negative,0.2023,-0.296,Negative
5,Positive,Positive,0.7783,0.1779,Positive
2,Neutral,Neutral,0.0,0.0,Positive
5,Positive,Negative,0.3818,-0.4404,Negative
4,Positive,Neutral,0.6249,0.0,Positive
3,Positive,Negative,0.4588,-0.7351,Negative
4,Positive,Positive,0.9481,0.4937,Positive
4,Positive,Negative,0.4404,-0.3252,Positive
4,Positive,Negative,0.4019,-0.8155,Negative
4,Positive,Negative,0.7906,-0.128,Positive
3,Positive,Positive,0.0516,0.5609,Positive
5,Positive,Neutral,0.6908,0.0,Positive
4,Positive,Negative,0.9382,-0.1531,Positive
2,Positive,Neutral,0.8555,0.0,Positive
4,Positive,Negative,0.6597,-0.3612,Positive
3,Positive,Negative,0.7316,-0.2006,Positive
3,Positive,Neutral,0.7184,0.0,Positive
5,Positive,Neutral,0.8834,0.0,Positive
5,Positive,Neutral,0.9477,0.0,Positive
4,Positive,Positive,0.91,0.4215,Positive
4,Positive,Negative,0.8622,-0.5106,Positive
3,Positive,Neutral,0.4404,0.0,Positive
5,Positive,Neutral,0.4019,0.0,Positive
4,Positive,Positive,0.7425,0.2212,Positive
3,Positive,Negative,0.8689,-0.4736,Positive
4,Neutral,Positive,0.0,0.1779,Positive
3,Positive,Negative,0.4703,-0.6619,Negative
4,Positive,Neutral,0.7096,0.0,Positive
5,Positive,Positive,0.8955,0.3612,Positive
4,Positive,Negative,0.3612,-0.5423,Positive
4,Positive,Neutral,0.8519,0.0,Positive
5,Positive,Negative,0.6369,-0.7506,Negative
5,Positive,Positive,0.8313,0.431,Positive
3,Positive,Positive,0.886,0.3818,Positive
3,Positive,Negative,0.34,-0.296,Positive
4,Neutral,Positive,0.0,0.4404,Positive
4,Positive,Negative,0.2023,-0.5256,Positive
4,Positive,Neutral,0.6908,0.0,Positive
3,Positive,Positive,0.7717,0.7814,Positive
4,Positive,Negative,0.738,-0.5994,Positive
3,Positive,Negative,0.8126,-0.571,Positive
5,Positive,Positive,0.7783,0.1139,Positive
5,Positive,Negative,0.9432,-0.3612,Positive
4,Positive,Neutral,0.7906,0.0,Positive
1,Neutral,Negative,0.0,-0.793,Negative
2,Neutral,Negative,0.0,-0.3384,Negative
2,Positive,Neutral,0.4404,0.0,Positive
5,Positive,Neutral,0.2462,0.0,Positive
4,Positive,Negative,0.9153,-0.7003,Positive
3,Positive,Negative,0.891,-0.06,Positive
1,Positive,Negative,0.5859,-0.9735,Negative
4,Positive,Negative,0.7845,-0.3612,Positive
4,Positive,Neutral,0.946,0.0129,Positive
4,Positive,Positive,0.8307,0.0772,Positive
3,Positive,Negative,0.3612,-0.4215,Negative
1,Positive,Positive,0.6249,0.3469,Positive
5,Positive,Negative,0.3182,-0.3612,Negative
2,Positive,Negative,0.6249,-0.2235,Positive
4,Positive,Positive,0.6808,0.1901,Positive
1,Positive,Negative,0.7506,-0.8126,Negative
4,Positive,Neutral,0.3818,0.0,Positive
2,Positive,Negative,0.6249,-0.6852,Negative
5,Positive,Neutral,0.7506,0.0,Positive
4,Positive,Neutral,0.4404,0.0,Positive
5,Positive,Positive,0.8934,0.2023,Positive
5,Positive,Negative,0.7269,-0.296,Positive
3,Positive,Neutral,0.4404,0.0,Positive
5,Positive,Positive,0.7717,0.4574,Positive
4,Positive,Positive,0.9313,0.7506,Positive
5,Positive,Negative,0.9287,-0.2263,Positive
3,Positive,Negative,0.7003,-0.2732,Positive
4,Positive,Positive,0.4246,0.1027,Positive
2,Positive,Negative,0.7845,-0.6597,Positive
5,Positive,Neutral,0.8957,0.0,Positive
4,Positive,Negative,0.7506,-0.25,Positive
5,Positive,Negative,0.6705,-0.2263,Positive
5,Positive,Positive,0.7579,0.5095,Positive
3,Positive,Positive,0.5106,0.5106,Positive
3,Positive,Negative,0.6705,-0.3713,Positive
3,Positive,Positive,0.765,0.7269,Positive
5,Positive,Neutral,0.9136,0.0,Positive
4,Positive,Negative,0.7717,-0.6911,Positive
3,Positive,Neutral,0.6705,0.0,Positive
5,Positive,Neutral,0.6249,0.0,Positive
4,Positive,Neutral,0.4927,0.0,Positive
4,Positive,Negative,0.9638,-0.9058,Positive
3,Positive,Positive,0.6808,0.1154,Positive
4,Positive,Positive,0.7264,0.3612,Positive
1,Positive,Neutral,0.1779,0.0258,Positive
3,Positive,Positive,0.7845,0.34,Positive
5,Positive,Neutral,0.4754,0.0,Positive
4,Positive,Negative,0.9325,-0.4895,Positive
2,Positive,Positive,0.9022,0.25,Positive
4,Positive,Positive,0.9508,0.1513,Positive
4,Positive,Negative,0.7964,-0.4201,Positive
3,Positive,Negative,0.9246,-0.4666,Positive
2,Positive,Positive,0.7841,0.5719,Positive
3,Positive,Positive,0.7783,0.4932,Positive
3,Positive,Negative,0.6369,-0.8805,Negative
4,Positive,Positive,0.7717,0.2732,Positive
3,Positive,Negative,0.4754,-0.8074,Positive
2,Positive,Negative,0.7351,-0.8736,Negative
3,Positive,Negative,0.9451,-0.7184,Positive
2,Positive,Negative,0.6486,-0.296,Positive
4,Positive,Positive,0.6249,0.4404,Positive
4,Positive,Negative,0.8479,-0.9207,Negative
5,Positive,Positive,0.8641,0.802,Positive
4,Positive,Positive,0.765,0.802,Positive
3,Positive,Negative,0.8807,-0.2924,Positive
5,Positive,Neutral,0.4404,0.0,Positive
3,Positive,Negative,0.5267,-0.7496,Negative
3,Positive,Negative,0.7814,-0.8385,Negative
4,Positive,Negative,0.7717,-0.1027,Positive
4,Positive,Negative,0.8979,-0.2462,Positive
3,Positive,Positive,0.7717,0.0869,Positive
4,Positive,Neutral,0.2263,0.0,Positive
4,Positive,Negative,0.8576,-0.296,Positive
3,Positive,Negative,0.8777,-0.296,Positive
4,Positive,Negative,0.6249,-0.296,Positive
5,Positive,Positive,0.4404,0.3291,Positive
5,Positive,Negative,0.7717,-0.5719,Positive
1,Positive,Negative,0.9273,-0.968,Negative
5,Positive,Neutral,0.4404,0.0,Positive
1,Negative,Negative,-0.1695,-0.8432,Negative
5,Positive,Positive,0.7506,0.0772,Positive
3,Neutral,Neutral,0.0,0.0,Positive
3,Positive,Negative,0.8442,-0.5992,Positive
5,Positive,Positive,0.9231,0.5574,Positive
1,Positive,Negative,0.5859,-0.6597,Positive
3,Positive,Positive,0.8908,0.1331,Positive
3,Neutral,Neutral,0.0,0.0,Neutral
2,Positive,Negative,0.7814,-0.9178,Negative
3,Positive,Positive,0.875,0.3612,Positive
5,Positive,Neutral,0.8258,0.0,Positive
3,Positive,Negative,0.3182,-0.25,Positive
4,Positive,Negative,0.911,-0.1725,Positive
4,Positive,Negative,0.9501,-0.3744,Positive
3,Positive,Negative,0.9231,-0.296,Positive
4,Positive,Positive,0.9485,0.6249,Positive
5,Positive,Neutral,0.4215,0.0,Positive
5,Positive,Positive,0.7845,0.7579,Positive
4,Positive,Positive,0.9552,0.3612,Positive
3,Positive,Positive,0.4019,0.2263,Positive
4,Positive,Neutral,0.7548,0.0,Positive
4,Positive,Negative,0.701,-0.1945,Positive
3,Positive,Negative,0.9337,-0.3182,Positive
5,Positive,Neutral,0.6369,-0.0258,Positive
3,Neutral,Negative,0.0,-0.3632,Negative
4,Positive,Negative,0.4201,-0.25,Positive
3,Positive,Negative,0.4019,-0.2263,Positive
4,Negative,Negative,-0.296,-0.7717,Negative
3,Positive,Negative,0.4404,-0.6249,Negative
5,Positive,Negative,0.8718,-0.2057,Positive
3,Positive,Negative,0.743,-0.1027,Positive
2,Positive,Negative,0.7184,-0.2315,Positive
5,Positive,Neutral,0.4927,0.0,Positive
5,Positive,Negative,0.8316,-0.1027,Positive
1,Positive,Negative,0.6786,-0.9134,Negative
4,Positive,Neutral,0.4939,0.0,Positive
5,Positive,Positive,0.9355,0.423,Positive
2,Negative,Negative,-0.1027,-0.3535,Negative
3,Positive,Negative,0.7003,-0.5423,Positive
4,Positive,Neutral,0.5719,0.0,Positive
5,Neutral,Negative,0.0,-0.2732,Negative
5,Positive,Negative,0.8225,-0.296,Positive
4,Positive,Neutral,0.3612,0.0,Positive
5,Positive,Positive,0.4404,0.9468,Positive
5,Neutral,Neutral,0.0,0.0,Neutral
2,Positive,Neutral,0.4404,0.031,Positive
4,Neutral,Neutral,0.0,0.0,Neutral
3,Positive,Negative,0.4404,-0.5423,Negative
4,Positive,Negative,0.7269,-0.5859,Positive
1,Positive,Positive,0.7783,0.7876,Positive
3,Positive,Positive,0.8225,0.25,Positive
3,Positive,Neutral,0.7783,-0.0258,Negative
3,Positive,Neutral,0.8979,0.0,Positive
3,Positive,Positive,0.4215,0.3612,Positive
3,Positive,Positive,0.3415,0.4265,Positive
4,Positive,Negative,0.4939,-0.3182,Positive
4,Neutral,Negative,0.0,-0.5216,Negative
2,Positive,Negative,0.8176,-0.5716,Positive
3,Positive,Negative,0.6249,-0.296,Positive
4,Positive,Positive,0.9136,0.2732,Positive
2,Positive,Positive,0.4927,0.6808,Positive
5,Positive,Positive,0.2263,0.3612,Positive
4,Positive,Neutral,0.5574,0.0,Positive
5,Positive,Positive,0.765,0.5258,Positive
5,Positive,Neutral,0.3818,0.0,Positive
3,Positive,Positive,0.1027,0.4767,Positive
3,Positive,Negative,0.6249,-0.5,Positive
5,Positive,Neutral,0.7845,0.0,Positive
3,Positive,Negative,0.5106,-0.6369,Negative
5,Positive,Neutral,0.8519,0.0,Positive
4,Positive,Negative,0.7003,-0.509,Negative
2,Positive,Positive,0.8402,0.9501,Positive
5,Positive,Negative,0.7579,-0.2462,Positive
3,Positive,Negative,0.891,-0.2844,Positive
4,Positive,Neutral,0.7717,0.0,Positive
5,Positive,Negative,0.2874,-0.2411,Positive
3,Positive,Neutral,0.7906,0.0,Positive
4,Positive,Negative,0.6369,-0.1761,Positive
5,Positive,Negative,0.7964,-0.296,Positive
4,Positive,Neutral,0.8519,0.0,Positive
2,Positive,Negative,0.9216,-0.6871,Positive
4,Positive,Positive,0.3818,0.8335,Positive
4,Positive,Negative,0.9371,-0.296,Positive
4,Positive,Negative,0.7906,-0.2315,Positive
5,Positive,Negative,0.7346,-0.5096,Positive
4,Positive,Neutral,0.9169,-0.0498,Positive
5,Positive,Negative,0.9671,-0.68,Positive
3,Positive,Negative,0.9165,-0.6486,Positive
3,Positive,Neutral,0.802,0.0,Positive
4,Positive,Neutral,0.6597,0.0258,Positive
4,Positive,Positive,0.6249,0.8555,Positive
4,Positive,Positive,0.6249,0.6249,Positive
4,Positive,Neutral,0.836,0.0,Positive
5,Positive,Neutral,0.6249,0.0,Positive
5,Positive,Negative,0.9371,-0.1326,Positive
3,Positive,Positive,0.7783,0.6697,Positive
4,Neutral,Negative,0.0,-0.3612,Positive
3,Positive,Negative,0.8671,-0.7217,Positive
4,Positive,Positive,0.4404,0.3197,Positive
5,Positive,Positive,0.8743,0.4357,Positive
1,Positive,Negative,0.6597,-0.6908,Negative
4,Positive,Positive,0.6808,0.6664,Positive
4,Positive,Negative,0.8402,-0.2924,Positive
5,Positive,Neutral,0.8622,0.0,Positive
5,Neutral,Positive,0.0,0.6759,Positive
5,Positive,Negative,0.4754,-0.5583,Negative
4,Positive,Negative,0.2235,-0.2263,Positive
4,Positive,Positive,0.91,0.1431,Positive
3,Neutral,Positive,0.0,0.4404,Positive
4,Positive,Positive,0.3818,0.4404,Positive
4,Positive,Positive,0.8555,0.2732,Positive
4,Positive,Negative,0.4939,-0.3412,Positive
4,Positive,Negative,0.6249,-0.5096,Positive
2,Positive,Positive,0.4404,0.4404,Positive
3,Positive,Negative,0.9042,-0.4881,Positive
5,Neutral,Positive,0.0,0.2484,Positive
4,Positive,Negative,0.2263,-0.296,Negative
4,Positive,Positive,0.8016,0.3612,Positive
4,Positive,Negative,0.6597,-0.0516,Positive
4,Positive,Neutral,0.9586,0.0,Positive
3,Positive,Negative,0.34,-0.1779,Positive
5,Positive,Negative,0.891,-0.296,Positive
4,Positive,Negative,0.6249,-0.128,Positive
3,Neutral,Negative,0.0,-0.296,Negative
2,Positive,Negative,0.9015,-0.763,Negative
3,Positive,Negative,0.9274,-0.7615,Positive
4,Positive,Neutral,0.6369,0.0,Positive
5,Positive,Negative,0.8316,-0.296,Positive
4,Positive,Negative,0.4215,-0.2263,Positive
3,Positive,Negative,0.6369,-0.296,Positive
1,Positive,Positive,0.4404,0.6369,Positive
5,Neutral,Neutral,0.0,0.0,Positive
4,Positive,Negative,0.6249,-0.2924,Positive
4,Positive,Negative,0.4939,-0.296,Positive
4,Positive,Neutral,0.802,0.0,Positive
5,Positive,Neutral,0.9001,0.0,Positive
5,Positive,Neutral,0.6597,0.0,Positive
4,Positive,Negative,0.8402,-0.5423,Positive
3,Positive,Positive,0.5423,0.1625,Positive
4,Positive,Positive,0.8481,0.575,Positive
5,Positive,Positive,0.9246,0.0762,Positive
3,Positive,Neutral,0.5719,0.0,Positive
5,Positive,Neutral,0.6249,0.0,Positive
4,Positive,Neutral,0.7906,0.0,Positive
4,Positive,Negative,0.8999,-0.3818,Positive
3,Positive,Negative,0.4939,-0.6249,Negative
3,Positive,Neutral,0.8126,0.0,Positive
5,Positive,Positive,0.8807,0.2732,Positive
5,Positive,Neutral,0.6249,0.0,Positive
5,Neutral,Positive,0.0,0.3612,Positive
5,Positive,Neutral,0.7328,0.0,Positive
5,Positive,Neutral,0.4215,0.0,Positive
5,Positive,Neutral,0.6249,0.0,Positive
5,Neutral,Positive,0.0,0.2023,Positive
3,Positive,Negative,0.4215,-0.5719,Positive
4,Positive,Positive,0.936,0.0516,Positive
5,Positive,Negative,0.6486,-0.7293,Positive
4,Positive,Negative,0.743,-0.5216,Positive
5,Positive,Neutral,0.743,0.0,Positive
5,Positive,Negative,0.4364,-0.099,Positive
4,Positive,Negative,0.802,-0.0754,Positive
4,Positive,Positive,0.0772,0.2263,Positive
4,Positive,Neutral,0.9589,0.0,Positive
1,Neutral,Negative,0.0,-0.6801,Negative
3,Positive,Negative,0.8834,-0.34,Positive
4,Positive,Positive,0.8176,0.6249,Positive
1,Positive,Negative,0.6249,-0.7351,Negative
5,Positive,Negative,0.4927,-0.296,Positive
1,Positive,Negative,0.4404,-0.0572,Positive
3,Positive,Negative,0.6705,-0.2732,Positive
3,Positive,Positive,0.4939,0.4767,Positive
2,Positive,Negative,0.926,-0.7574,Positive
3,Positive,Positive,0.7003,0.4741,Positive
2,Positive,Positive,0.6808,0.1471,Positive
2,Positive,Neutral,0.3818,0.0,Positive
4,Positive,Neutral,0.8126,0.0,Positive
5,Positive,Negative,0.7906,-0.7115,Positive
5,Neutral,Positive,0.0,0.3818,Positive
5,Positive,Positive,0.7964,0.91,Positive
2,Positive,Positive,0.0772,0.6369,Positive
5,Positive,Neutral,0.3597,0.0,Positive
5,Positive,Neutral,0.9531,0.0,Positive
3,Positive,Negative,0.7351,-0.3182,Positive
3,Positive,Neutral,0.2732,0.0,Positive
5,Positive,Neutral,0.8885,0.0,Positive
5,Positive,Positive,0.9655,0.3818,Positive
4,Positive,Neutral,0.2484,0.0,Positive
4,Positive,Neutral,0.7717,0.0,Positive
4,Positive,Negative,0.8442,-0.2315,Positive
3,Positive,Positive,0.2382,0.3384,Positive
4,Positive,Negative,0.9118,-0.8481,Positive
4,Positive,Positive,0.6249,0.6486,Positive
5,Positive,Negative,0.8957,-0.2732,Positive
4,Positive,Neutral,0.5719,0.0,Positive
4,Positive,Negative,0.8271,-0.2732,Positive
4,Positive,Positive,0.4404,0.2755,Positive
1,Positive,Negative,0.4404,-0.5423,Negative
5,Positive,Negative,0.5719,-0.296,Positive
4,Positive,Negative,0.836,-0.2931,Positive
4,Positive,Positive,0.9179,0.2263,Positive
3,Positive,Positive,0.0516,0.4767,Positive
4,Positive,Neutral,0.4588,0.0,Positive
3,Positive,Negative,0.9442,-0.6531,Positive
3,Positive,Negative,0.886,-0.2732,Positive
3,Positive,Neutral,0.7096,0.0,Positive
1,Positive,Negative,0.296,-0.8446,Negative
2,Neutral,Neutral,0.0,0.0,Positive
5,Positive,Neutral,0.8934,0.0,Positive
3,Positive,Negative,0.5859,-0.34,Negative
4,Positive,Neutral,0.3818,0.0,Positive
5,Positive,Positive,0.5849,0.4588,Positive
4,Positive,Neutral,0.8858,0.0,Positive
3,Positive,Positive,0.5574,0.5719,Positive
5,Positive,Negative,0.7506,-0.1475,Positive
4,Neutral,Positive,0.0,0.1531,Positive
4,Positive,Neutral,0.7906,0.0,Positive
5,Positive,Neutral,0.5574,0.0,Positive
5,Positive,Negative,0.6369,-0.3182,Positive
3,Positive,Positive,0.7184,0.5413,Positive
3,Neutral,Negative,0.0,-0.3412,Negative
3,Positive,Positive,0.872,0.7589,Positive
5,Positive,Neutral,0.6908,0.0,Positive
4,Positive,Negative,0.8316,-0.7506,Positive
2,Positive,Negative,0.6249,-0.8408,Negative
1,Positive,Negative,0.802,-0.3612,Positive
3,Positive,Positive,0.7269,0.4588,Positive
5,Positive,Negative,0.6249,-0.2732,Positive
4,Positive,Neutral,0.2263,0.0,Positive
3,Positive,Positive,0.5859,0.8615,Positive
3,Positive,Negative,0.1531,-0.4404,Negative
3,Positive,Negative,0.5106,-0.3125,Positive
2,Positive,Positive,0.802,0.7082,Positive
4,Positive,Neutral,0.6249,0.0,Positive
5,Positive,Positive,0.8834,0.4215,Positive
5,Positive,Neutral,0.9552,0.0,Positive
5,Positive,Negative,0.7717,-0.1761,Positive
1,Positive,Negative,0.3832,-0.794,Negative
1,Positive,Positive,0.765,0.6486,Positive
5,Positive,Negative,0.5547,-0.296,Positive
4,Positive,Positive,0.4215,0.296,Positive
4,Positive,Negative,0.7501,-0.3378,Positive
3,Neutral,Neutral,0.0,0.022,Neutral
3,Negative,Positive,-0.6523,0.4215,Neutral
3,Positive,Positive,0.3612,0.5423,Positive
3,Negative,Negative,-0.1027,-0.3182,Positive
4,Positive,Positive,0.9531,0.3612,Positive
5,Positive,Negative,0.7003,-0.3412,Positive
5,Positive,Negative,0.6249,-0.4767,Positive
4,Positive,Neutral,0.4404,0.0,Positive
2,Positive,Positive,0.7425,0.5562,Positive
4,Positive,Neutral,0.7783,0.0,Positive
4,Positive,Negative,0.3182,-0.2732,Positive
3,Positive,Neutral,0.7063,0.0,Positive
5,Positive,Negative,0.5859,-0.343,Positive
2,Positive,Negative,0.7964,-0.5216,Positive
3,Positive,Positive,0.6597,0.7843,Positive
5,Positive,Negative,0.4404,-0.296,Positive
5,Positive,Negative,0.8519,-0.6111,Positive
1,Negative,Negative,-0.1027,-0.3818,Negative
5,Positive,Neutral,0.5106,0.0,Positive
1,Positive,Positive,0.5719,0.3612,Positive
2,Positive,Negative,0.25,-0.5423,Negative
4,Positive,Positive,0.8779,0.05,Positive
5,Positive,Neutral,0.6249,0.0,Positive
3,Positive,Negative,0.5719,-0.5106,Positive
3,Positive,Positive,0.2263,0.2023,Positive
1,Positive,Negative,0.2263,-0.8934,Negative
3,Positive,Negative,0.4404,-0.2263,Positive
4,Positive,Negative,0.8271,-0.3182,Positive
5,Positive,Positive,0.891,0.765,Positive
4,Positive,Neutral,0.3182,0.0,Positive
5,Positive,Neutral,0.5267,0.0,Positive
4,Positive,Negative,0.6249,-0.5994,Positive
4,Positive,Neutral,0.802,0.0,Positive
4,Positive,Neutral,0.7003,0.0,Positive
5,Positive,Neutral,0.4877,0.0,Positive
3,Positive,Negative,0.8885,-0.6442,Positive
5,Positive,Positive,0.5413,0.0772,Positive
3,Positive,Neutral,0.5106,0.0,Positive
4,Positive,Neutral,0.5106,0.0258,Positive
4,Positive,Negative,0.8313,-0.5106,Positive
5,Neutral,Negative,0.0,-0.296,Negative
2,Positive,Positive,0.5719,0.1531,Positive
2,Positive,Neutral,0.743,0.0,Positive
5,Positive,Negative,0.969,-0.1027,Positive
3,Positive,Negative,0.34,-0.0762,Neutral
4,Positive,Positive,0.8481,0.3612,Positive
5,Positive,Positive,0.818,0.3182,Positive
5,Positive,Neutral,0.9485,0.0,Positive
4,Positive,Negative,0.9041,-0.3182,Positive
5,Positive,Negative,0.7096,-0.2732,Positive
5,Positive,Positive,0.6249,0.2037,Positive
2,Positive,Neutral,0.9473,-0.0056,Positive
3,Positive,Negative,0.6705,-0.2732,Positive
1,Positive,Negative,0.2584,-0.3875,Negative
3,Positive,Negative,0.8591,-0.6124,Positive
4,Positive,Neutral,0.4927,0.0,Positive
4,Positive,Neutral,0.7003,0.0,Positive
1,Positive,Negative,0.2263,-0.4902,Negative
4,Positive,Positive,0.3818,0.4939,Positive
5,Positive,Negative,0.7269,-0.2944,Positive
3,Positive,Negative,0.8481,-0.5106,Positive
1,Positive,Positive,0.8074,0.8657,Positive
5,Neutral,Negative,0.0,-0.5106,Negative
3,Positive,Negative,0.7269,-0.25,Positive
4,Positive,Neutral,0.836,0.0,Positive
5,Positive,Positive,0.4767,0.4588,Positive
3,Positive,Positive,0.9275,0.63,Positive
4,Positive,Negative,0.7351,-0.3867,Positive
5,Positive,Positive,0.7906,0.0598,Positive
5,Positive,Negative,0.9118,-0.296,Positive
2,Positive,Positive,0.7717,0.3758,Positive
4,Positive,Negative,0.765,-0.7845,Negative
1,Positive,Negative,0.4404,-0.5719,Negative
2,Positive,Neutral,0.4019,0.0,Positive
5,Positive,Negative,0.7717,-0.296,Positive
3,Neutral,Positive,0.0,0.3415,Positive
3,Positive,Positive,0.8625,0.4404,Positive
1,Positive,Negative,0.8537,-0.8843,Positive
3,Positive,Neutral,0.4215,0.0,Positive
3,Positive,Negative,0.8442,-0.0772,Positive
4,Positive,Negative,0.8059,-0.4767,Positive
1,Positive,Negative,0.4215,-0.4466,Negative
5,Positive,Positive,0.34,0.4767,Positive
3,Positive,Negative,0.4404,-0.2732,Positive
3,Positive,Negative,0.5709,-0.1531,Positive
4,Positive,Positive,0.8122,0.6597,Positive
4,Positive,Negative,0.5859,-0.3818,Positive
3,Positive,Negative,0.7096,-0.6705,Positive
4,Positive,Negative,0.1779,-0.0516,Positive
5,Positive,Positive,0.9952,0.8938,Positive
5,Positive,Neutral,0.9062,0.0,Positive
5,Positive,Positive,0.6369,0.0762,Positive
2,Positive,Positive,0.9153,0.25,Positive
5,Positive,Neutral,0.8481,0.0,Positive
4,Positive,Neutral,0.8059,0.0,Positive
5,Negative,Positive,-0.1027,0.6249,Positive
5,Positive,Positive,0.7096,0.9562,Positive
2,Positive,Negative,0.6808,-0.7264,Negative
3,Positive,Positive,0.7351,0.4391,Positive
5,Positive,Positive,0.7845,0.4588,Positive
4,Positive,Negative,0.7964,-0.4033,Positive
5,Positive,Positive,0.8885,0.6705,Positive
3,Positive,Positive,0.7906,0.4364,Positive
5,Positive,Negative,0.4588,-0.128,Positive
3,Neutral,Negative,0.0,-0.1793,Positive
5,Positive,Negative,0.9413,-0.4767,Positive
2,Positive,Neutral,0.6705,-0.0352,Positive
4,Neutral,Positive,0.0,0.5719,Positive
5,Positive,Positive,0.7269,0.4215,Positive
1,Positive,Negative,0.4215,-0.8874,Negative
3,Positive,Negative,0.7717,-0.3252,Positive
1,Negative,Negative,-0.1531,-0.6759,Negative
2,Positive,Negative,0.6369,-0.5267,Negative
5,Positive,Neutral,0.7783,0.0,Positive
4,Positive,Negative,0.8271,-0.2228,Positive
5,Positive,Positive,0.6369,0.5777,Positive
5,Positive,Negative,0.9001,-0.7391,Positive
4,Positive,Neutral,0.8858,-0.0351,Positive
4,Positive,Negative,0.8016,-0.25,Positive
5,Positive,Neutral,0.7717,0.0,Positive
4,Positive,Neutral,0.7906,0.0,Positive
4,Positive,Positive,0.8074,0.204,Positive
5,Positive,Negative,0.9217,-0.5106,Positive
4,Positive,Negative,0.7506,-0.5423,Positive
4,Positive,Negative,0.8885,-0.5267,Positive
4,Positive,Negative,0.8555,-0.4962,Positive
4,Positive,Negative,0.8519,-0.4654,Positive
3,Positive,Negative,0.4404,-0.6049,Negative
5,Positive,Positive,0.7964,0.5499,Positive
1,Positive,Positive,0.4215,0.296,Positive
3,Positive,Negative,0.743,-0.3182,Positive
3,Positive,Negative,0.8126,-0.3612,Positive
4,Positive,Negative,0.5859,-0.4215,Positive
4,Positive,Positive,0.6249,0.3818,Positive
4,Positive,Neutral,0.4404,0.0,Positive
4,Positive,Positive,0.6249,0.1999,Positive
5,Positive,Negative,0.7845,-0.128,Positive
5,Positive,Positive,0.34,0.357,Positive
5,Positive,Negative,0.704,-0.3612,Positive
2,Positive,Negative,0.4215,-0.296,Positive
5,Positive,Neutral,0.8297,0.0,Positive
4,Positive,Negative,0.9217,-0.3818,Positive
4,Positive,Positive,0.7579,0.3612,Positive
5,Positive,Positive,0.7269,0.3818,Positive
5,Positive,Negative,0.836,-0.2263,Positive
3,Positive,Negative,0.4588,-0.3612,Positive
4,Positive,Neutral,0.8957,0.0,Positive
2,Positive,Negative,0.4215,-0.4019,Negative
4,Neutral,Positive,0.0,0.3612,Positive
4,Positive,Neutral,0.836,0.0,Positive
1,Neutral,Negative,0.0,-0.8934,Negative
4,Positive,Negative,0.6908,-0.296,Positive
4,Positive,Positive,0.8625,0.2023,Positive
2,Positive,Negative,0.6705,-0.34,Positive
4,Positive,Positive,0.1779,0.7003,Positive
5,Positive,Positive,0.7906,0.0516,Positive
4,Positive,Negative,0.7003,-0.5423,Positive
4,Positive,Negative,0.9217,-0.5894,Positive
4,Positive,Positive,0.9493,0.0772,Positive
5,Positive,Positive,0.9022,0.3412,Positive
5,Positive,Negative,0.9773,-0.296,Positive
4,Positive,Positive,0.7717,0.2263,Positive
5,Positive,Negative,0.9812,-0.0948,Positive
5,Positive,Neutral,0.6588,0.0,Positive
3,Positive,Negative,0.6997,-0.3182,Positive
5,Positive,Negative,0.8834,-0.3182,Positive
3,Positive,Positive,0.8442,0.2648,Positive
4,Positive,Negative,0.6249,-0.1027,Positive
5,Positive,Neutral,0.4215,0.0,Positive
4,Positive,Neutral,0.7096,0.0,Positive
5,Positive,Positive,0.7783,0.1477,Positive
3,Positive,Neutral,0.7717,0.0,Positive
4,Negative,Negative,-0.0735,-0.5242,Neutral
3,Positive,Negative,0.4939,-0.296,Positive
2,Positive,Negative,0.891,-0.7224,Positive
3,Positive,Positive,0.9479,0.3187,Positive
5,Positive,Neutral,0.6597,0.0,Positive
1,Positive,Positive,0.6077,0.2263,Positive
5,Positive,Neutral,0.6249,0.0,Positive
2,Positive,Negative,0.4404,-0.2558,Negative
1,Positive,Negative,0.1779,-0.296,Negative
4,Positive,Negative,0.8481,-0.296,Positive
5,Positive,Neutral,0.6249,0.0,Positive
4,Positive,Positive,0.6249,0.4215,Positive
4,Positive,Neutral,0.836,0.0,Positive
5,Positive,Negative,0.9509,-0.1027,Positive
3,Neutral,Neutral,0.0,0.0,Positive
3,Positive,Positive,0.802,0.1368,Positive
3,Positive,Negative,0.3818,-0.3875,Positive
3,Positive,Negative,0.2732,-0.6097,Negative
3,Neutral,Negative,0.0,-0.1027,Negative
4,Neutral,Positive,0.0,0.6369,Positive
1,Positive,Positive,0.5994,0.4749,Positive
5,Positive,Negative,0.7506,-0.5106,Positive
3,Negative,Positive,-0.4292,0.5667,Positive
3,Positive,Negative,0.7906,-0.5423,Positive
5,Positive,Positive,0.6801,0.0772,Positive
4,Positive,Negative,0.8126,-0.3167,Positive
1,Positive,Negative,0.4019,-0.5106,Negative
4,Positive,Neutral,0.8442,0.0,Positive
2,Positive,Neutral,0.5574,-0.0258,Neutral
3,Positive,Negative,0.8519,-0.4019,Positive
3,Positive,Negative,0.3182,-0.1027,Positive
3,Positive,Neutral,0.4404,0.0,Positive
4,Positive,Negative,0.9042,-0.3612,Positive
4,Positive,Negative,0.8898,-0.4215,Positive
4,Positive,Negative,0.6124,-0.5267,Positive
3,Neutral,Positive,0.0,0.0772,Positive
5,Positive,Neutral,0.7906,0.0,Positive
4,Positive,Positive,0.7783,0.4939,Positive
5,Positive,Negative,0.7783,-0.4588,Positive
3,Positive,Positive,0.4404,0.5701,Positive
2,Positive,Negative,0.4404,-0.8228,Negative
4,Positive,Neutral,0.8766,0.0,Positive
5,Neutral,Negative,0.0,-0.2044,Negative
3,Positive,Negative,0.4215,-0.5334,Negative
3,Positive,Neutral,0.765,0.0,Positive
3,Positive,Positive,0.4939,0.0772,Positive
4,Positive,Neutral,0.8555,0.0,Positive
3,Neutral,Positive,0.0,0.3182,Positive
4,Positive,Positive,0.5717,0.2732,Positive
2,Positive,Negative,0.5267,-0.4053,Negative
3,Positive,Positive,0.7579,0.5106,Positive
2,Positive,Neutral,0.5106,0.0,Positive
4,Positive,Positive,0.8402,0.2023,Positive
5,Positive,Neutral,0.7783,0.0,Positive
4,Positive,Positive,0.7269,0.069,Positive
4,Positive,Neutral,0.8555,0.0,Positive
5,Positive,Positive,0.6249,0.3818,Positive
3,Positive,Neutral,0.431,0.0,Positive
3,Positive,Positive,0.7906,0.34,Positive
2,Positive,Neutral,0.8834,0.0,Positive
3,Positive,Neutral,0.6249,0.0,Positive
3,Positive,Negative,0.9307,-0.0772,Positive
3,Positive,Negative,0.3182,-0.7269,Negative
5,Neutral,Positive,0.0,0.2732,Positive
4,Positive,Negative,0.6597,-0.128,Positive
2,Positive,Positive,0.9337,0.2023,Positive
3,Positive,Positive,0.9882,0.2578,Positive
5,Positive,Negative,0.7717,-0.1027,Positive
4,Positive,Negative,0.6908,-0.1779,Positive
5,Positive,Neutral,0.9042,0.0,Positive
1,Negative,Negative,-0.1027,-0.6808,Negative
4,Positive,Neutral,0.9168,0.0,Positive
3,Positive,Negative,0.8647,-0.296,Positive
4,Positive,Negative,0.6908,-0.3875,Positive
4,Positive,Negative,0.6369,-0.4215,Positive
4,Positive,Neutral,0.4201,0.0,Positive
1,Positive,Negative,0.7003,-0.9826,Negative
5,Positive,Positive,0.8519,0.6249,Positive
2,Positive,Positive,0.659,0.4215,Positive
4,Positive,Neutral,0.7351,0.0,Positive
2,Positive,Negative,0.7876,-0.6697,Negative
4,Positive,Positive,0.6908,0.4215,Positive
4,Positive,Negative,0.3818,-0.6795,Neutral
4,Positive,Negative,0.891,-0.2146,Positive
5,Positive,Positive,0.6486,0.1779,Positive
4,Positive,Negative,0.7906,-0.0772,Positive
3,Positive,Negative,0.3818,-0.2924,Positive
3,Positive,Positive,0.9273,0.1027,Positive
1,Positive,Negative,0.4404,-0.6124,Negative
5,Positive,Positive,0.9309,0.296,Positive
5,Positive,Neutral,0.8555,0.0,Positive
4,Positive,Neutral,0.4404,0.0,Positive
4,Positive,Neutral,0.4404,0.0,Positive
4,Positive,Positive,0.5859,0.2263,Positive
2,Positive,Neutral,0.5106,0.0,Positive
4,Positive,Neutral,0.8979,0.0,Positive
3,Negative,Neutral,-0.1027,0.0,Negative
5,Positive,Neutral,0.3612,0.0,Positive
1,Negative,Negative,-0.1531,-0.3291,Negative
3,Positive,Negative,0.6486,-0.3612,Positive
5,Positive,Negative,0.7906,-0.4585,Positive
3,Positive,Negative,0.4404,-0.8126,Negative
3,Positive,Neutral,0.6249,0.0,Positive
5,Positive,Neutral,0.7964,0.0,Positive
4,Positive,Neutral,0.4404,0.0,Positive
3,Positive,Positive,0.7003,0.3818,Positive
5,Positive,Neutral,0.4927,0.0,Positive
4,Positive,Positive,0.25,0.1764,Positive
5,Positive,Negative,0.6908,-0.2263,Positive
4,Positive,Positive,0.4215,0.0572,Positive
2,Positive,Neutral,0.6808,0.0,Positive
3,Positive,Positive,0.7845,0.0516,Positive
4,Positive,Negative,0.6249,-0.3612,Positive
4,Positive,Negative,0.8225,-0.1027,Positive
3,Positive,Neutral,0.5413,0.0,Positive
4,Positive,Negative,0.6486,-0.6908,Positive
3,Positive,Positive,0.9145,0.4391,Positive
3,Neutral,Negative,0.0,-0.4134,Negative
4,Positive,Neutral,0.6369,0.0,Positive
4,Positive,Negative,0.7717,-0.3865,Positive
1,Positive,Positive,0.2263,0.3948,Neutral
4,Negative,Neutral,-0.3612,0.0,Negative
3,Positive,Positive,0.4215,0.3089,Positive
5,Positive,Negative,0.6249,-0.3412,Positive
5,Positive,Positive,0.8316,0.4019,Positive
4,Positive,Positive,0.4404,0.2491,Positive
4,Positive,Negative,0.5859,-0.5423,Positive
5,Positive,Neutral,0.6705,0.0,Positive
3,Positive,Negative,0.8481,-0.7774,Positive
4,Positive,Positive,0.9646,0.7906,Positive
4,Positive,Positive,0.8555,0.5776,Positive
2,Positive,Positive,0.9762,0.5053,Positive
3,Negative,Positive,-0.1012,0.2263,Positive
5,Positive,Neutral,0.4215,0.0,Positive
4,Positive,Neutral,0.7003,0.0,Positive
3,Neutral,Negative,0.0,-0.2732,Positive
4,Positive,Negative,0.8625,-0.4939,Positive
5,Positive,Neutral,0.6249,0.0,Positive
5,Positive,Positive,0.926,0.4404,Positive
5,Positive,Positive,0.7906,0.3612,Positive
3,Positive,Neutral,0.5574,0.0,Positive
3,Positive,Positive,0.3291,0.8419,Positive
4,Positive,Neutral,0.659,0.0,Positive
5,Negative,Positive,-0.228,0.7184,Positive
5,Positive,Neutral,0.8008,0.0,Positive
1,Positive,Neutral,0.4404,0.0,Positive
4,Negative,Negative,-0.3477,-0.1027,Positive
5,Positive,Negative,0.5994,-0.128,Positive
5,Positive,Neutral,0.9001,0.0,Positive
4,Positive,Negative,0.6249,-0.1027,Positive
3,Positive,Negative,0.8588,-0.3612,Positive
2,Positive,Neutral,0.4215,0.0,Positive
5,Positive,Neutral,0.7003,0.0,Positive
3,Positive,Positive,0.8067,0.0772,Positive
3,Positive,Negative,0.6597,-0.296,Positive
4,Positive,Negative,0.7506,-0.7963,Negative
3,Positive,Negative,0.4404,-0.6792,Negative
5,Positive,Neutral,0.7717,0.0,Positive
4,Neutral,Positive,0.0,0.6705,Positive
3,Positive,Negative,0.6808,-0.34,Positive
4,Positive,Negative,0.7579,-0.296,Positive
4,Positive,Positive,0.7906,0.3818,Positive
5,Positive,Negative,0.7096,-0.3182,Positive
3,Positive,Negative,0.9274,-0.2732,Positive
1,Positive,Positive,0.765,0.9687,Positive
5,Positive,Positive,0.7003,0.6249,Positive
5,Positive,Negative,0.6908,-0.2263,Positive
3,Positive,Negative,0.6369,-0.3182,Positive
5,Positive,Negative,0.7089,-0.4588,Positive
5,Positive,Negative,0.4404,-0.5122,Negative
5,Positive,Negative,0.9956,-0.2737,Positive
4,Positive,Negative,0.7003,-0.7717,Positive
3,Positive,Negative,0.6705,-0.128,Positive
1,Positive,Negative,0.6908,-0.7964,Negative
4,Positive,Negative,0.7184,-0.296,Positive
2,Neutral,Negative,0.0314,-0.1857,Negative
2,Positive,Neutral,0.6249,0.0,Positive
4,Positive,Neutral,0.3612,0.0,Positive
4,Positive,Positive,0.7717,0.8316,Positive
1,Positive,Negative,0.854,-0.34,Positive
3,Positive,Neutral,0.2373,0.0,Positive
5,Positive,Negative,0.9789,-0.5984,Positive
5,Positive,Negative,0.6705,-0.128,Positive
4,Positive,Negative,0.4019,-0.1877,Positive
3,Positive,Neutral,0.5562,0.0,Positive
1,Neutral,Negative,0.0,-0.7351,Negative
4,Positive,Negative,0.4019,-0.3071,Positive
3,Positive,Negative,0.7003,-0.693,Positive
5,Positive,Negative,0.9349,-0.4939,Positive
1,Positive,Negative,0.872,-0.8937,Negative
4,Positive,Positive,0.4023,0.5453,Positive
3,Positive,Negative,0.3818,-0.4774,Negative
5,Positive,Negative,0.6249,-0.5423,Positive
3,Positive,Neutral,0.875,0.0,Positive
3,Positive,Positive,0.9186,0.296,Positive
5,Positive,Negative,0.7579,-0.3321,Positive
3,Positive,Neutral,0.7003,0.0,Positive
1,Negative,Negative,-0.5372,-0.743,Negative
2,Neutral,Positive,0.0,0.399,Positive
5,Positive,Negative,0.9274,-0.4284,Positive
4,Positive,Negative,0.4404,-0.6164,Negative
5,Positive,Positive,0.8625,0.836,Positive
3,Positive,Negative,0.8074,-0.1531,Positive
5,Positive,Negative,0.7906,-0.2263,Positive
3,Positive,Negative,0.6249,-0.296,Positive
5,Positive,Positive,0.4404,0.3724,Positive
5,Positive,Positive,0.872,0.1212,Positive
4,Positive,Negative,0.836,-0.6808,Positive
4,Negative,Negative,-0.1531,-0.0772,Negative
3,Positive,Neutral,0.6486,0.0,Positive
3,Positive,Neutral,0.4588,0.0,Positive
3,Positive,Positive,0.7269,0.1045,Positive
3,Positive,Negative,0.5859,-0.1675,Positive
2,Positive,Neutral,0.4939,0.0,Positive
5,Positive,Neutral,0.872,0.0,Positive
1,Positive,Negative,0.7906,-0.7881,Negative
5,Positive,Positive,0.8268,0.4215,Positive
4,Positive,Neutral,0.8588,0.0,Positive
1,Positive,Negative,0.6597,-0.7506,Negative
4,Positive,Negative,0.9648,-0.296,Positive
4,Positive,Negative,0.25,-0.7717,Negative
4,Positive,Neutral,0.34,0.0,Positive
4,Positive,Negative,0.9571,-0.3182,Positive
4,Positive,Negative,0.4404,-0.25,Positive
3,Positive,Negative,0.5719,-0.2023,Positive
5,Positive,Negative,0.6369,-0.7783,Negative
3,Negative,Negative,-0.4588,-0.7579,Negative
4,Positive,Negative,0.2263,-0.6249,Negative
5,Positive,Negative,0.6887,-0.25,Positive
3,Positive,Neutral,0.6705,0.0,Positive
5,Positive,Positive,0.892,0.5423,Positive
5,Positive,Negative,0.7717,-0.3182,Positive
5,Neutral,Positive,0.0,0.3818,Positive
4,Positive,Positive,0.2944,0.1779,Positive
4,Positive,Positive,0.5106,0.4404,Positive
5,Positive,Neutral,0.836,0.0,Positive
4,Positive,Negative,0.7906,-0.6486,Positive
3,Positive,Negative,0.8313,-0.4614,Positive
3,Positive,Negative,0.93,-0.8074,Positive
5,Positive,Negative,0.9545,-0.5267,Positive
3,Positive,Positive,0.1513,0.2484,Positive
2,Positive,Neutral,0.4404,0.0,Positive
3,Positive,Negative,0.6249,-0.807,Positive
3,Positive,Negative,0.6597,-0.3089,Positive
3,Positive,Neutral,0.4927,0.0,Positive
3,Positive,Negative,0.8442,-0.128,Positive
4,Positive,Negative,0.7906,-0.296,Positive
2,Positive,Positive,0.5702,0.5106,Positive
4,Positive,Negative,0.8957,-0.631,Negative
3,Neutral,Positive,0.0,0.0772,Positive
3,Positive,Neutral,0.7906,0.0086,Positive
3,Positive,Negative,0.5267,-0.8096,Negative
5,Positive,Negative,0.9619,-0.5859,Positive
5,Positive,Neutral,0.8658,0.0,Positive
3,Positive,Neutral,0.5267,0.0,Positive
2,Positive,Positive,0.2263,0.4003,Positive
4,Positive,Negative,0.8779,-0.3384,Positive
3,Neutral,Positive,0.0,0.144,Positive
2,Positive,Negative,0.3818,-0.296,Positive
2,Positive,Negative,0.9062,-0.6705,Positive
2,Positive,Positive,0.9623,0.9985,Positive
4,Positive,Positive,0.8555,0.3818,Positive
3,Positive,Neutral,0.8934,0.0,Positive
4,Positive,Positive,0.9354,0.4927,Positive
4,Positive,Neutral,0.4404,-0.0258,Positive
5,Positive,Neutral,0.4019,0.0,Positive
3,Positive,Neutral,0.4035,0.0,Positive
4,Positive,Positive,0.7184,0.6369,Positive
4,Positive,Positive,0.8519,0.4215,Positive
4,Positive,Neutral,0.7003,-0.0263,Positive
5,Positive,Neutral,0.5709,0.0,Positive
5,Positive,Negative,0.6705,-0.25,Positive
2,Positive,Neutral,0.3182,0.0,Negative
1,Positive,Positive,0.3374,0.8593,Positive
4,Positive,Neutral,0.4939,0.0,Positive
4,Positive,Positive,0.7845,0.4939,Positive
5,Positive,Positive,0.7096,0.4404,Positive
4,Positive,Negative,0.7269,-0.2263,Positive
3,Positive,Positive,0.8555,0.8275,Positive
4,Positive,Positive,0.8481,0.4215,Positive
2,Positive,Negative,0.6124,-0.8271,Negative
4,Positive,Positive,0.6124,0.4404,Positive
4,Positive,Positive,0.3818,0.7579,Positive
1,Positive,Positive,0.4404,0.3016,Positive
3,Positive,Positive,0.8979,0.3612,Positive
5,Positive,Neutral,0.4404,0.0,Positive
3,Positive,Neutral,0.6486,0.0,Positive
4,Positive,Positive,0.7003,0.4588,Positive
2,Positive,Positive,0.4404,0.2598,Positive
5,Positive,Negative,0.7845,-0.296,Positive
4,Positive,Negative,0.1779,-0.1501,Positive
5,Positive,Negative,0.3818,-0.3182,Positive
4,Positive,Neutral,0.9042,0.0,Positive
3,Positive,Negative,0.8519,-0.3182,Positive
4,Positive,Negative,0.4404,-0.3182,Positive
3,Positive,Negative,0.8979,-0.4748,Positive
4,Positive,Neutral,0.3197,0.0,Positive
5,Positive,Positive,0.8481,0.7684,Positive
4,Positive,Negative,0.7351,-0.4939,Positive
4,Positive,Negative,0.8591,-0.7248,Negative
3,Positive,Negative,0.6908,-0.6051,Positive
3,Positive,Negative,0.7964,-0.2263,Positive
4,Positive,Negative,0.5719,-0.6632,Positive
5,Positive,Negative,0.5106,-0.1511,Positive
3,Positive,Positive,0.7096,0.8126,Positive
4,Neutral,Negative,0.0,-0.3182,Positive
3,Positive,Negative,0.7964,-0.6249,Positive
3,Positive,Negative,0.6369,-0.5423,Positive
4,Positive,Positive,0.8481,0.4865,Positive
5,Positive,Negative,0.8074,-0.4973,Positive
4,Positive,Positive,0.7003,0.4754,Positive
4,Positive,Positive,0.7351,0.1494,Positive
5,Positive,Neutral,0.5994,0.0,Positive
1,Positive,Negative,0.8225,-0.3513,Positive
4,Positive,Negative,0.9601,-0.1779,Positive
4,Positive,Negative,0.2222,-0.3786,Negative
2,Positive,Negative,0.7906,-0.5152,Positive
4,Positive,Neutral,0.1761,0.0,Positive
4,Positive,Negative,0.8221,-0.1431,Negative
1,Negative,Negative,-0.2023,-0.2831,Negative
4,Positive,Neutral,0.7506,0.0,Positive
4,Positive,Negative,0.8126,-0.2263,Positive
1,Positive,Negative,0.5106,-0.886,Negative
4,Positive,Negative,0.9915,-0.798,Positive
3,Positive,Negative,0.9502,-0.8525,Positive
5,Positive,Neutral,0.6249,0.0,Positive
4,Positive,Negative,0.7964,-0.7374,Positive
3,Positive,Positive,0.4404,0.3506,Positive
2,Positive,Positive,0.6249,0.8877,Positive
5,Positive,Neutral,0.6478,0.0,Positive
3,Positive,Neutral,0.6249,0.0,Positive
5,Positive,Neutral,0.5574,0.0,Positive
5,Positive,Negative,0.7184,-0.1027,Positive
5,Positive,Negative,0.7964,-0.296,Positive
1,Negative,Negative,-0.5719,-0.8316,Negative
3,Neutral,Negative,0.0,-0.296,Negative
3,Negative,Positive,-0.2023,0.3818,Negative
2,Neutral,Positive,0.0,0.5267,Positive
3,Positive,Neutral,0.5106,0.0,Positive
2,Positive,Negative,0.7506,-0.6124,Positive
4,Positive,Negative,0.7178,-0.3612,Positive
4,Positive,Neutral,0.6705,0.0,Positive
